bucket_id,driver_id,indicator_id,metric_name,indicator_status,trend_direction,trend,target,current_value_num,FTE_Percent,Display,org,org_level,threshold_blue_min,threshold_green_min,threshold_yellow_min,threshold_red_min,is_higher_better,is_active,is_informational,reporting_date,created_date,updated_date,ToolTip,Site,is_max_date
1,1,6,Certification Compliance (LX),Healthy,increasing,up,96.0%,0.99,NULL,99%,E - Engineering & Science,Sector,1.000,0.960,0.800,0.800,1,1,0,2026-07-01,2026-07-30 13:05:15.117,2026-07-30 13:05:15.117,NULL,NULL,1
1,1,6,Certification Compliance (LX),Healthy,increasing,up,96.0%,1,NULL,99%,EB - BaPS Engr,Division,1.000,0.960,0.800,0.800,1,1,0,2026-07-01,2026-07-30 13:05:15.117,2026-07-30 13:05:15.117,NULL,NULL,1
1,1,6,Certification Compliance (LX),Healthy,increasing,up,96.0%,1,NULL,100%,EH - Homerm StaffAdm,Division,1.000,0.960,0.800,0.800,1,1,0,2026-07-01,2026-07-30 13:05:15.117,2026-07-30 13:05:15.117,NULL,NULL,1
1,1,6,Certification Compliance (LX),Healthy,increasing,up,96.0%,1,NULL,99%,EM - Marine Systems,Division,1.000,0.960,0.800,0.800,1,1,0,2026-07-01,2026-07-30 13:05:15.117,2026-07-30 13:05:15.117,NULL,NULL,1
1,1,6,Certification Compliance (LX),Healthy,increasing,up,96.0%,1,NULL,99%,EN - MSTS,Division,1.000,0.960,0.800,0.800,1,1,0,2026-07-01,2026-07-30 13:05:15.117,2026-07-30 13:05:15.117,NULL,NULL,1
1,1,6,Certification Compliance (LX),Healthy,increasing,up,96.0%,1,NULL,99%,EP - E&S SECTOR ENGINEERING,Division,1.000,0.960,0.800,0.800,1,1,0,2026-07-01,2026-07-30 13:05:15.117,2026-07-30 13:05:15.117,NULL,NULL,1
1,1,6,Certification Compliance (LX),Healthy,increasing,up,96.0%,0.99,NULL,99%,EX - NIC,Division,1.000,0.960,0.800,0.800,1,1,0,2026-07-01,2026-07-30 13:05:15.117,2026-07-30 13:05:15.117,NULL,NULL,1
1,1,7,Curriculum Compliance (LX),Healthy,increasing,up,96.0%,1,NULL,99%,E - Engineering & Science,Sector,1.000,0.960,0.800,0.800,1,1,0,2026-07-01,2026-07-30 13:05:15.117,2026-07-30 13:05:15.117,NULL,NULL,1
1,1,7,Curriculum Compliance (LX),Healthy,increasing,up,96.0%,1,NULL,99%,EB - BaPS Engr,Division,1.000,0.960,0.800,0.800,1,1,0,2026-07-01,2026-07-30 13:05:15.117,2026-07-30 13:05:15.117,NULL,NULL,1
1,1,7,Curriculum Compliance (LX),Healthy,increasing,up,96.0%,1,NULL,100%,EH - Homerm StaffAdm,Division,1.000,0.960,0.800,0.800,1,1,0,2026-07-01,2026-07-30 13:05:15.117,2026-07-30 13:05:15.117,NULL,NULL,1
1,1,7,Curriculum Compliance (LX),Healthy,increasing,up,96.0%,1,NULL,99%,EM - Marine Systems,Division,1.000,0.960,0.800,0.800,1,1,0,2026-07-01,2026-07-30 13:05:15.117,2026-07-30 13:05:15.117,NULL,NULL,1
1,1,7,Curriculum Compliance (LX),Healthy,increasing,up,96.0%,1,NULL,99%,EN - MSTS,Division,1.000,0.960,0.800,0.800,1,1,0,2026-07-01,2026-07-30 13:05:15.117,2026-07-30 13:05:15.117,NULL,NULL,1
1,1,7,Curriculum Compliance (LX),Healthy,increasing,up,96.0%,1,NULL,99%,EP - E&S SECTOR ENGINEERING,Division,1.000,0.960,0.800,0.800,1,1,0,2026-07-01,2026-07-30 13:05:15.117,2026-07-30 13:05:15.117,NULL,NULL,1
1,1,7,Curriculum Compliance (LX),Healthy,increasing,up,96.0%,1,NULL,99%,EX - NIC,Division,1.000,0.960,0.800,0.800,1,1,0,2026-07-01,2026-07-30 13:05:15.117,2026-07-30 13:05:15.117,NULL,NULL,1
1,1,28,CAM Training Compliance (LX),At-Risk,increasing,up,96.0%,0.77,NULL,77%,E - Engineering & Science,Sector,1.000,0.960,0.800,0.800,1,1,0,2026-07-01,2026-07-30 13:05:15.117,2026-07-30 13:05:15.117,NULL,NULL,1
1,1,28,CAM Training Compliance (LX),Warning,increasing,up,96.0%,0.83,NULL,82%,EB - BaPS Engr,Division,1.000,0.960,0.800,0.800,1,1,0,2026-07-01,2026-07-30 13:05:15.117,2026-07-30 13:05:15.117,NULL,NULL,1
1,1,28,CAM Training Compliance (LX),Warning,increasing,up,96.0%,0.85,NULL,84%,EM - Marine Systems,Division,1.000,0.960,0.800,0.800,1,1,0,2026-07-01,2026-07-30 13:05:15.117,2026-07-30 13:05:15.117,NULL,NULL,1
1,1,28,CAM Training Compliance (LX),At-Risk,increasing,up,96.0%,0.69,NULL,68%,EN - MSTS,Division,1.000,0.960,0.800,0.800,1,1,0,2026-07-01,2026-07-30 13:05:15.117,2026-07-30 13:05:15.117,NULL,NULL,1
1,1,28,CAM Training Compliance (LX),At-Risk,increasing,up,96.0%,0.63,NULL,62%,EP - E&S SECTOR ENGINEERING,Division,1.000,0.960,0.800,0.800,1,1,0,2026-07-01,2026-07-30 13:05:15.117,2026-07-30 13:05:15.117,NULL,NULL,1
1,1,28,CAM Training Compliance (LX),At-Risk,increasing,up,96.0%,0.79,NULL,78%,EX - NIC,Division,1.000,0.960,0.800,0.800,1,1,0,2026-07-01,2026-07-30 13:05:15.117,2026-07-30 13:05:15.117,NULL,NULL,1
1,3,31,Demand to Actuals | Variance (WLF),At-Risk,decreasing,down,95.0%,1624.25,82.61,1624 FTE | 83%,E - Engineering & Science,Sector,NULL,0.950,0.850,0.850,1,1,0,2026-07-01,2026-07-30 13:05:15.117,2026-07-30 13:05:15.117,NULL,NULL,1
1,3,31,Demand to Actuals | Variance (WLF),At-Risk,decreasing,down,95.0%,635.94,83.79,636 FTE | 84%,EB - BaPS Engr,Division,NULL,0.950,0.850,0.850,1,1,0,2026-07-01,2026-07-30 13:05:15.117,2026-07-30 13:05:15.117,NULL,NULL,1
1,3,31,Demand to Actuals | Variance (WLF),At-Risk,stable,stable,95.0%,23.89,94.51,24 FTE | 95%,EM - Marine Systems,Division,NULL,0.950,0.850,0.850,1,1,0,2026-07-01,2026-07-30 13:05:15.117,2026-07-30 13:05:15.117,NULL,NULL,1
1,3,31,Demand to Actuals | Variance (WLF),At-Risk,decreasing,down,95.0%,291.21,84.48,291 FTE | 84%,EN - MSTS,Division,NULL,0.950,0.850,0.850,1,1,0,2026-07-01,2026-07-30 13:05:15.117,2026-07-30 13:05:15.117,NULL,NULL,1
1,3,31,Demand to Actuals | Variance (WLF),At-Risk,increasing,up,95.0%,139.85,67.73,140 FTE | 68%,EP - E&S SECTOR ENGINEERING,Division,NULL,0.950,0.850,0.850,1,1,0,2026-07-01,2026-07-30 13:05:15.117,2026-07-30 13:05:15.117,NULL,NULL,1
1,3,31,Demand to Actuals | Variance (WLF),At-Risk,decreasing,down,95.0%,533.36,80.02,533 FTE | 80%,EX - NIC,Division,NULL,0.950,0.850,0.850,1,1,0,2026-07-01,2026-07-30 13:05:15.117,2026-07-30 13:05:15.117,NULL,NULL,1
1,3,35,Demand Volatility | Variance (WLF),Healthy,decreasing,down,3.0%,-161.21,NULL,-161 FTE | -1.7%,E - Engineering & Science,Sector,0.010,0.030,0.050,0.050,0,1,0,2026-07-01,2026-07-30 13:05:15.117,2026-07-30 13:05:15.117,NULL,NULL,1
1,3,35,Demand Volatility | Variance (WLF),Warning,decreasing,down,3.0%,-152.82,NULL,-153 FTE | -3.82%,EB - BaPS Engr,Division,0.010,0.030,0.050,0.050,0,1,0,2026-07-01,2026-07-30 13:05:15.117,2026-07-30 13:05:15.117,NULL,NULL,1
1,3,35,Demand Volatility | Variance (WLF),At-Risk,increasing,up,3.0%,70.23,NULL,70 FTE | 19.25%,EM - Marine Systems,Division,0.010,0.030,0.050,0.050,0,1,0,2026-07-01,2026-07-30 13:05:15.117,2026-07-30 13:05:15.117,NULL,NULL,1
1,3,35,Demand Volatility | Variance (WLF),Healthy,decreasing,down,3.0%,-34.22,NULL,-34 FTE | -1.77%,EN - MSTS,Division,0.010,0.030,0.050,0.050,0,1,0,2026-07-01,2026-07-30 13:05:15.117,2026-07-30 13:05:15.117,NULL,NULL,1
1,3,35,Demand Volatility | Variance (WLF),At-Risk,decreasing,down,3.0%,-62.78,NULL,-63 FTE | -13.82%,EP - E&S SECTOR ENGINEERING,Division,0.010,0.030,0.050,0.050,0,1,0,2026-07-01,2026-07-30 13:05:15.117,2026-07-30 13:05:15.117,NULL,NULL,1
1,3,35,Demand Volatility | Variance (WLF),Healthy,increasing,up,3.0%,18.39,NULL,18 FTE | 0.67%,EX - NIC,Division,0.010,0.030,0.050,0.050,0,1,0,2026-07-01,2026-07-30 13:05:15.117,2026-07-30 13:05:15.117,NULL,NULL,1
1,3,36,Staff Movement (SAP),unk,decreasing,down,NULL,10366,NULL,-513 HC,E - Engineering & Science,Sector,NULL,NULL,NULL,NULL,0,1,1,2026-07-01,2026-07-30 13:05:15.117,2026-07-30 13:05:15.117,NULL,NULL,1
1,3,36,Staff Movement (SAP),unk,decreasing,down,NULL,4471,NULL,-395 HC,EB - BaPS Engr,Division,NULL,NULL,NULL,NULL,0,1,1,2026-07-01,2026-07-30 13:05:15.117,2026-07-30 13:05:15.117,NULL,NULL,1
1,3,36,Staff Movement (SAP),unk,decreasing,down,NULL,6,NULL,-3 HC,EH - Homerm StaffAdm,Division,NULL,NULL,NULL,NULL,0,1,1,2026-07-01,2026-07-30 13:05:15.117,2026-07-30 13:05:15.117,NULL,NULL,1
1,3,36,Staff Movement (SAP),unk,decreasing,down,NULL,582,NULL,-5 HC,EM - Marine Systems,Division,NULL,NULL,NULL,NULL,0,1,1,2026-07-01,2026-07-30 13:05:15.117,2026-07-30 13:05:15.117,NULL,NULL,1
1,3,36,Staff Movement (SAP),unk,decreasing,down,NULL,1955,NULL,-59 HC,EN - MSTS,Division,NULL,NULL,NULL,NULL,0,1,1,2026-07-01,2026-07-30 13:05:15.117,2026-07-30 13:05:15.117,NULL,NULL,1
1,3,36,Staff Movement (SAP),unk,stable,stable,NULL,590,NULL,0 HC,EP - E&S SECTOR ENGINEERING,Division,NULL,NULL,NULL,NULL,0,1,1,2026-07-01,2026-07-30 13:05:15.117,2026-07-30 13:05:15.117,NULL,NULL,1
1,3,36,Staff Movement (SAP),unk,decreasing,down,NULL,2766,NULL,-75 HC,EX - NIC,Division,NULL,NULL,NULL,NULL,0,1,1,2026-07-01,2026-07-30 13:05:15.117,2026-07-30 13:05:15.117,NULL,NULL,1
1,3,78,Forecast Late to Need (WLF),unk,unk,unk,NULL,NULL,NULL,443 FTE,E - Engineering & Science,Sector,NULL,NULL,NULL,NULL,0,1,1,2026-07-01,2026-07-30 13:05:15.117,2026-07-30 13:05:15.117,443 FTE,NULL,1
1,3,78,Forecast Late to Need (WLF),unk,unk,unk,NULL,NULL,NULL,173 FTE,EB - BaPS Engr,Division,NULL,NULL,NULL,NULL,0,1,1,2026-07-01,2026-07-30 13:05:15.117,2026-07-30 13:05:15.117,173 FTE,NULL,1
1,3,78,Forecast Late to Need (WLF),unk,unk,unk,NULL,NULL,NULL,2 FTE,EM - Marine Systems,Division,NULL,NULL,NULL,NULL,0,1,1,2026-07-01,2026-07-30 13:05:15.117,2026-07-30 13:05:15.117,2 FTE,NULL,1
1,3,78,Forecast Late to Need (WLF),unk,unk,unk,NULL,NULL,NULL,125 FTE,EN - MSTS,Division,NULL,NULL,NULL,NULL,0,1,1,2026-07-01,2026-07-30 13:05:15.117,2026-07-30 13:05:15.117,125 FTE,NULL,1
1,3,78,Forecast Late to Need (WLF),unk,unk,unk,NULL,NULL,NULL,4 FTE,EP - E&S SECTOR ENGINEERING,Division,NULL,NULL,NULL,NULL,0,1,1,2026-07-01,2026-07-30 13:05:15.117,2026-07-30 13:05:15.117,4 FTE,NULL,1
1,3,78,Forecast Late to Need (WLF),unk,unk,unk,NULL,NULL,NULL,138 FTE,EX - NIC,Division,NULL,NULL,NULL,NULL,0,1,1,2026-07-01,2026-07-30 13:05:15.117,2026-07-30 13:05:15.117,138 FTE,NULL,1
1,3,79,Demand Late to Ask (WLF),unk,unk,unk,NULL,NULL,NULL,494 FTE,E - Engineering & Science,Sector,NULL,NULL,NULL,NULL,0,1,1,2026-07-01,2026-07-30 13:05:15.117,2026-07-30 13:05:15.117,494 FTE,NULL,1
1,3,79,Demand Late to Ask (WLF),unk,unk,unk,NULL,NULL,NULL,222 FTE,EB - BaPS Engr,Division,NULL,NULL,NULL,NULL,0,1,1,2026-07-01,2026-07-30 13:05:15.117,2026-07-30 13:05:15.117,222 FTE,NULL,1
1,3,79,Demand Late to Ask (WLF),unk,unk,unk,NULL,NULL,NULL,1 FTE,EM - Marine Systems,Division,NULL,NULL,NULL,NULL,0,1,1,2026-07-01,2026-07-30 13:05:15.117,2026-07-30 13:05:15.117,1 FTE,NULL,1
1,3,79,Demand Late to Ask (WLF),unk,unk,unk,NULL,NULL,NULL,85 FTE,EN - MSTS,Division,NULL,NULL,NULL,NULL,0,1,1,2026-07-01,2026-07-30 13:05:15.117,2026-07-30 13:05:15.117,85 FTE,NULL,1
1,3,79,Demand Late to Ask (WLF),unk,unk,unk,NULL,NULL,NULL,12 FTE,EP - E&S SECTOR ENGINEERING,Division,NULL,NULL,NULL,NULL,0,1,1,2026-07-01,2026-07-30 13:05:15.117,2026-07-30 13:05:15.117,12 FTE,NULL,1
1,3,79,Demand Late to Ask (WLF),unk,unk,unk,NULL,NULL,NULL,174 FTE,EX - NIC,Division,NULL,NULL,NULL,NULL,0,1,1,2026-07-01,2026-07-30 13:05:15.117,2026-07-30 13:05:15.117,174 FTE,NULL,1
1,4,1,EWW (SAP),Healthy,decreasing,down,3.5%,265.48,2.74,265 FTE | 2.74%,E - Engineering & Science,Sector,NULL,0.035,0.050,0.050,0,1,0,2026-07-01,2026-07-30 13:05:15.117,2026-07-30 13:05:15.117,NULL,NULL,1
1,4,1,EWW (SAP),Healthy,decreasing,down,3.5%,95.91,2.29,96 FTE | 2.29%,EB - BaPS Engr,Division,NULL,0.035,0.050,0.050,0,1,0,2026-07-01,2026-07-30 13:05:15.117,2026-07-30 13:05:15.117,NULL,NULL,1
1,4,1,EWW (SAP),Healthy,increasing,up,3.5%,0.23,4.23,0 FTE | 4.23%,EH - Homerm StaffAdm,Division,NULL,0.035,0.050,0.050,0,1,0,2026-07-01,2026-07-30 13:05:15.117,2026-07-30 13:05:15.117,NULL,NULL,1
1,4,1,EWW (SAP),Healthy,decreasing,down,3.5%,12.57,2.34,13 FTE | 2.34%,EM - Marine Systems,Division,NULL,0.035,0.050,0.050,0,1,0,2026-07-01,2026-07-30 13:05:15.117,2026-07-30 13:05:15.117,NULL,NULL,1
1,4,1,EWW (SAP),Healthy,decreasing,down,3.5%,46.84,2.59,47 FTE | 2.59%,EN - MSTS,Division,NULL,0.035,0.050,0.050,0,1,0,2026-07-01,2026-07-30 13:05:15.117,2026-07-30 13:05:15.117,NULL,NULL,1
1,4,1,EWW (SAP),Healthy,decreasing,down,3.5%,58.7,10.3,59 FTE | 10.3%,EP - E&S SECTOR ENGINEERING,Division,NULL,0.035,0.050,0.050,0,1,0,2026-07-01,2026-07-30 13:05:15.117,2026-07-30 13:05:15.117,NULL,NULL,1
1,4,1,EWW (SAP),Healthy,stable,stable,3.5%,51.24,1.99,51 FTE | 1.99%,EX - NIC,Division,NULL,0.035,0.050,0.050,0,1,0,2026-07-01,2026-07-30 13:05:15.117,2026-07-30 13:05:15.117,NULL,NULL,1
1,4,3,UCOT (SAP),Healthy,stable,stable,0.5%,35.5,0.34,36 FTE | 0.34%,E - Engineering & Science,Sector,NULL,0.005,0.010,0.010,0,1,0,2026-07-01,2026-07-30 13:05:15.117,2026-07-30 13:05:15.117,NULL,NULL,1
1,4,3,UCOT (SAP),Healthy,stable,stable,0.5%,9.16,0.2,9 FTE | 0.2%,EB - BaPS Engr,Division,NULL,0.005,0.010,0.010,0,1,0,2026-07-01,2026-07-30 13:05:15.117,2026-07-30 13:05:15.117,NULL,NULL,1
1,4,3,UCOT (SAP),At-Risk,increasing,up,0.5%,0.3,4.72,0 FTE | 4.72%,EH - Homerm StaffAdm,Division,NULL,0.005,0.010,0.010,0,1,0,2026-07-01,2026-07-30 13:05:15.117,2026-07-30 13:05:15.117,NULL,NULL,1
1,4,3,UCOT (SAP),Healthy,stable,stable,0.5%,2.55,0.43,3 FTE | 0.43%,EM - Marine Systems,Division,NULL,0.005,0.010,0.010,0,1,0,2026-07-01,2026-07-30 13:05:15.117,2026-07-30 13:05:15.117,NULL,NULL,1
1,4,3,UCOT (SAP),Healthy,stable,stable,0.5%,5.16,0.26,5 FTE | 0.26%,EN - MSTS,Division,NULL,0.005,0.010,0.010,0,1,0,2026-07-01,2026-07-30 13:05:15.117,2026-07-30 13:05:15.117,NULL,NULL,1
1,4,3,UCOT (SAP),Healthy,stable,stable,0.5%,2.69,0.46,3 FTE | 0.46%,EP - E&S SECTOR ENGINEERING,Division,NULL,0.005,0.010,0.010,0,1,0,2026-07-01,2026-07-30 13:05:15.117,2026-07-30 13:05:15.117,NULL,NULL,1
1,4,3,UCOT (SAP),Healthy,stable,stable,0.5%,15.64,0.56,16 FTE | 0.56%,EX - NIC,Division,NULL,0.005,0.010,0.010,0,1,0,2026-07-01,2026-07-30 13:05:15.117,2026-07-30 13:05:15.117,NULL,NULL,1
1,4,38,In-Between Assignments (SAP),unk,stable,stable,0.0%,86.82,0.9,87 FTE | 0.9%,E - Engineering & Science,Sector,NULL,NULL,NULL,NULL,0,1,1,2026-07-01,2026-07-30 13:05:15.117,2026-07-30 13:05:15.117,NULL,NULL,1
1,4,38,In-Between Assignments (SAP),unk,stable,stable,0.0%,66.2,1.58,66 FTE | 1.58%,EB - BaPS Engr,Division,NULL,NULL,NULL,NULL,0,1,1,2026-07-01,2026-07-30 13:05:15.117,2026-07-30 13:05:15.117,NULL,NULL,1
1,4,38,In-Between Assignments (SAP),Not Available,unk,unk,0.0%,NULL,NULL,,EH - Homerm StaffAdm,Division,NULL,NULL,NULL,NULL,0,1,1,2026-07-01,2026-07-30 13:05:15.117,2026-07-30 13:05:15.117,NULL,NULL,1
1,4,38,In-Between Assignments (SAP),unk,stable,stable,0.0%,0.33,0.06,0 FTE | 0.06%,EM - Marine Systems,Division,NULL,NULL,NULL,NULL,0,1,1,2026-07-01,2026-07-30 13:05:15.117,2026-07-30 13:05:15.117,NULL,NULL,1
1,4,38,In-Between Assignments (SAP),unk,stable,stable,0.0%,2.99,0.17,3 FTE | 0.17%,EN - MSTS,Division,NULL,NULL,NULL,NULL,0,1,1,2026-07-01,2026-07-30 13:05:15.117,2026-07-30 13:05:15.117,NULL,NULL,1
1,4,38,In-Between Assignments (SAP),unk,stable,stable,0.0%,0.14,0.02,0 FTE | 0.02%,EP - E&S SECTOR ENGINEERING,Division,NULL,NULL,NULL,NULL,0,1,1,2026-07-01,2026-07-30 13:05:15.117,2026-07-30 13:05:15.117,NULL,NULL,1
1,4,38,In-Between Assignments (SAP),unk,stable,stable,0.0%,17.16,0.67,17 FTE | 0.67%,EX - NIC,Division,NULL,NULL,NULL,NULL,0,1,1,2026-07-01,2026-07-30 13:05:15.117,2026-07-30 13:05:15.117,NULL,NULL,1
1,4,73,% Staff with Mentors (Workday),Warning,decreasing,down,60.0%,53,53,53.0%,E - Engineering & Science,Division,80.000,60.000,40.000,40.000,1,1,0,2026-06-01,2026-07-30 13:05:15.117,2026-06-08 22:04:36.287,NULL,NULL,1
1,4,73,% Staff with Mentors (Workday),Warning,unk,unk,60.0%,53.3,53.3,53.3%,E - Engineering & Science,Division,80.000,60.000,40.000,40.000,1,1,0,2026-05-01,2026-07-30 13:05:15.117,2026-06-08 22:04:11.593,NULL,NULL,0
1,4,73,% Staff with Mentors (Workday),Healthy,stable,stable,60.0%,65.6,65.6,65.6%,EB - BaPS Engr,Division,80.000,60.000,40.000,40.000,1,1,0,2026-06-01,2026-07-30 13:05:15.117,2026-06-08 22:04:36.287,NULL,NULL,1
1,4,73,% Staff with Mentors (Workday),Healthy,unk,unk,60.0%,65.6,65.6,65.6%,EB - BaPS Engr,Division,80.000,60.000,40.000,40.000,1,1,0,2026-05-01,2026-07-30 13:05:15.117,2026-06-08 22:04:11.593,NULL,NULL,0
1,4,73,% Staff with Mentors (Workday),At-Risk,increasing,up,60.0%,24.9,24.9,24.9%,EM - Marine Systems,Division,80.000,60.000,40.000,40.000,1,1,0,2026-06-01,2026-07-30 13:05:15.117,2026-06-08 22:04:36.287,NULL,NULL,1
1,4,73,% Staff with Mentors (Workday),At-Risk,unk,unk,60.0%,24.2,24.2,24.2%,EM - Marine Systems,Division,80.000,60.000,40.000,40.000,1,1,0,2026-05-01,2026-07-30 13:05:15.117,2026-06-08 22:04:11.593,NULL,NULL,0
1,4,73,% Staff with Mentors (Workday),At-Risk,increasing,up,60.0%,29.9,29.9,29.9%,EN - MSTS,Division,80.000,60.000,40.000,40.000,1,1,0,2026-06-01,2026-07-30 13:05:15.117,2026-06-08 22:04:36.287,NULL,NULL,1
1,4,73,% Staff with Mentors (Workday),At-Risk,unk,unk,60.0%,29.7,29.7,29.7%,EN - MSTS,Division,80.000,60.000,40.000,40.000,1,1,0,2026-05-01,2026-07-30 13:05:15.117,2026-06-08 22:04:11.593,NULL,NULL,0
1,4,73,% Staff with Mentors (Workday),At-Risk,decreasing,down,60.0%,30,30,30.0%,EP - E&S SECTOR ENGINEERING,Division,80.000,60.000,40.000,40.000,1,1,0,2026-06-01,2026-07-30 13:05:15.117,2026-06-08 22:04:36.287,NULL,NULL,1
1,4,73,% Staff with Mentors (Workday),At-Risk,unk,unk,60.0%,33.7,33.7,33.7%,EP - E&S SECTOR ENGINEERING,Division,80.000,60.000,40.000,40.000,1,1,0,2026-05-01,2026-07-30 13:05:15.117,2026-06-08 22:04:11.593,NULL,NULL,0
1,4,73,% Staff with Mentors (Workday),Warning,decreasing,down,60.0%,59.2,59.2,59.2%,EX - NIC,Division,80.000,60.000,40.000,40.000,1,1,0,2026-06-01,2026-07-30 13:05:15.117,2026-06-08 22:04:36.287,NULL,NULL,1
1,4,73,% Staff with Mentors (Workday),Warning,unk,unk,60.0%,59.4,59.4,59.4%,EX - NIC,Division,80.000,60.000,40.000,40.000,1,1,0,2026-05-01,2026-07-30 13:05:15.117,2026-06-08 22:04:11.593,NULL,NULL,0
2,5,23,SE Requirements Volatility (EMR),Healthy,increasing,up,30.0%,0.43,43,43%,E - Engineering & Science,Division,NULL,0.300,NULL,NULL,1,1,0,2026-04-01,2026-07-30 13:05:15.117,2026-07-30 13:05:15.117,NULL,NULL,0
2,5,23,SE Requirements Volatility (EMR),Healthy,increasing,up,30.0%,0.48,48,48%,E - Engineering & Science,Division,NULL,0.300,NULL,NULL,1,1,0,2026-05-01,2026-07-30 13:05:15.117,2026-07-30 13:05:15.117,NULL,NULL,0
2,5,23,SE Requirements Volatility (EMR),Healthy,increasing,up,30.0%,0.5,50,50%,E - Engineering & Science,Division,NULL,0.300,NULL,NULL,1,1,0,2026-06-01,2026-07-30 13:05:15.117,2026-07-30 13:05:15.117,NULL,NULL,1
2,5,23,SE Requirements Volatility (EMR),Healthy,stable,stable,30.0%,0.41,41,41%,E - Engineering & Science,Division,NULL,0.300,NULL,NULL,1,1,0,2026-03-01,2026-07-30 13:05:15.117,2026-07-30 13:05:15.117,NULL,NULL,0
2,5,23,SE Requirements Volatility (EMR),Healthy,unk,unk,30.0%,0.41,41,41%,E - Engineering & Science,Division,NULL,0.300,NULL,NULL,1,1,0,2026-02-01,2026-07-30 13:05:15.117,2026-07-30 13:05:15.117,NULL,NULL,0
2,5,23,SE Requirements Volatility (EMR),Healthy,increasing,up,30.0%,0.65,65,65%,EB - AMSD Engr,Division,NULL,0.300,NULL,NULL,1,1,0,2026-03-01,2026-07-30 13:05:15.117,2026-07-30 13:05:15.117,NULL,NULL,0
2,5,23,SE Requirements Volatility (EMR),Healthy,increasing,up,30.0%,0.71,71,71%,EB - AMSD Engr,Division,NULL,0.300,NULL,NULL,1,1,0,2026-04-01,2026-07-30 13:05:15.117,2026-07-30 13:05:15.117,NULL,NULL,0
2,5,23,SE Requirements Volatility (EMR),Healthy,increasing,up,30.0%,0.92,92,92%,EB - AMSD Engr,Division,NULL,0.300,NULL,NULL,1,1,0,2026-05-01,2026-07-30 13:05:15.117,2026-07-30 13:05:15.117,NULL,NULL,0
2,5,23,SE Requirements Volatility (EMR),Healthy,stable,stable,30.0%,0.92,92,92%,EB - AMSD Engr,Division,NULL,0.300,NULL,NULL,1,1,0,2026-06-01,2026-07-30 13:05:15.117,2026-07-30 13:05:15.117,NULL,NULL,1
2,5,23,SE Requirements Volatility (EMR),Healthy,unk,unk,30.0%,0.58,58,58%,EB - AMSD Engr,Division,NULL,0.300,NULL,NULL,1,1,0,2026-02-01,2026-07-30 13:05:15.117,2026-07-30 13:05:15.117,NULL,NULL,0
2,5,23,SE Requirements Volatility (EMR),At-Risk,decreasing,down,30.0%,0.27,27,27%,EB - BaPS Engr,Division,NULL,0.300,NULL,NULL,1,1,0,2026-03-01,2026-07-30 13:05:15.117,2026-07-30 13:05:15.117,NULL,NULL,0
2,5,23,SE Requirements Volatility (EMR),At-Risk,increasing,up,30.0%,0.29,29,29%,EB - BaPS Engr,Division,NULL,0.300,NULL,NULL,1,1,0,2026-04-01,2026-07-30 13:05:15.117,2026-07-30 13:05:15.117,NULL,NULL,0
2,5,23,SE Requirements Volatility (EMR),At-Risk,unk,unk,30.0%,0.29,29,29%,EB - BaPS Engr,Division,NULL,0.300,NULL,NULL,1,1,0,2026-02-01,2026-07-30 13:05:15.117,2026-07-30 13:05:15.117,NULL,NULL,0
2,5,23,SE Requirements Volatility (EMR),Healthy,increasing,up,30.0%,0.33,33,33%,EB - BaPS Engr,Division,NULL,0.300,NULL,NULL,1,1,0,2026-05-01,2026-07-30 13:05:15.117,2026-07-30 13:05:15.117,NULL,NULL,0
2,5,23,SE Requirements Volatility (EMR),Healthy,stable,stable,30.0%,0.33,33,33%,EB - BaPS Engr,Division,NULL,0.300,NULL,NULL,1,1,0,2026-06-01,2026-07-30 13:05:15.117,2026-07-30 13:05:15.117,NULL,NULL,1
2,5,23,SE Requirements Volatility (EMR),At-Risk,stable,stable,30.0%,0.29,29,29%,EM - Marine Systems,Division,NULL,0.300,NULL,NULL,1,1,0,2026-03-01,2026-07-30 13:05:15.117,2026-07-30 13:05:15.117,NULL,NULL,0
2,5,23,SE Requirements Volatility (EMR),At-Risk,stable,stable,30.0%,0.29,29,29%,EM - Marine Systems,Division,NULL,0.300,NULL,NULL,1,1,0,2026-04-01,2026-07-30 13:05:15.117,2026-07-30 13:05:15.117,NULL,NULL,0
2,5,23,SE Requirements Volatility (EMR),At-Risk,stable,stable,30.0%,0.29,29,29%,EM - Marine Systems,Division,NULL,0.300,NULL,NULL,1,1,0,2026-05-01,2026-07-30 13:05:15.117,2026-07-30 13:05:15.117,NULL,NULL,0
2,5,23,SE Requirements Volatility (EMR),At-Risk,stable,stable,30.0%,0.29,29,29%,EM - Marine Systems,Division,NULL,0.300,NULL,NULL,1,1,0,2026-06-01,2026-07-30 13:05:15.117,2026-07-30 13:05:15.117,NULL,NULL,1
2,5,23,SE Requirements Volatility (EMR),At-Risk,unk,unk,30.0%,0.29,29,29%,EM - Marine Systems,Division,NULL,0.300,NULL,NULL,1,1,0,2026-02-01,2026-07-30 13:05:15.117,2026-07-30 13:05:15.117,NULL,NULL,0
2,5,23,SE Requirements Volatility (EMR),Healthy,increasing,up,30.0%,0.47,47,47%,EN - MSTS,Division,NULL,0.300,NULL,NULL,1,1,0,2026-04-01,2026-07-30 13:05:15.117,2026-07-30 13:05:15.117,NULL,NULL,0
2,5,23,SE Requirements Volatility (EMR),Healthy,increasing,up,30.0%,0.5,50,50%,EN - MSTS,Division,NULL,0.300,NULL,NULL,1,1,0,2026-05-01,2026-07-30 13:05:15.117,2026-07-30 13:05:15.117,NULL,NULL,0
2,5,23,SE Requirements Volatility (EMR),Healthy,increasing,up,30.0%,0.56,56,56%,EN - MSTS,Division,NULL,0.300,NULL,NULL,1,1,0,2026-06-01,2026-07-30 13:05:15.117,2026-07-30 13:05:15.117,NULL,NULL,1
2,5,23,SE Requirements Volatility (EMR),Healthy,stable,stable,30.0%,0.44,44,44%,EN - MSTS,Division,NULL,0.300,NULL,NULL,1,1,0,2026-03-01,2026-07-30 13:05:15.117,2026-07-30 13:05:15.117,NULL,NULL,0
2,5,23,SE Requirements Volatility (EMR),Healthy,unk,unk,30.0%,0.44,44,44%,EN - MSTS,Division,NULL,0.300,NULL,NULL,1,1,0,2026-02-01,2026-07-30 13:05:15.117,2026-07-30 13:05:15.117,NULL,NULL,0
2,5,23,SE Requirements Volatility (EMR),At-Risk,decreasing,down,30.0%,0.09,9,9%,EV - Mission Next Engineering,Division,NULL,0.300,NULL,NULL,1,1,0,2026-03-01,2026-07-30 13:05:15.117,2026-07-30 13:05:15.117,NULL,NULL,0
2,5,23,SE Requirements Volatility (EMR),At-Risk,increasing,up,30.0%,0.11,11,11%,EV - Mission Next Engineering,Division,NULL,0.300,NULL,NULL,1,1,0,2026-04-01,2026-07-30 13:05:15.117,2026-07-30 13:05:15.117,NULL,NULL,0
2,5,23,SE Requirements Volatility (EMR),At-Risk,increasing,up,30.0%,0.12,12,12%,EV - Mission Next Engineering,Division,NULL,0.300,NULL,NULL,1,1,0,2026-05-01,2026-07-30 13:05:15.117,2026-07-30 13:05:15.117,NULL,NULL,0
2,5,23,SE Requirements Volatility (EMR),At-Risk,stable,stable,30.0%,0.12,12,12%,EV - Mission Next Engineering,Division,NULL,0.300,NULL,NULL,1,1,0,2026-06-01,2026-07-30 13:05:15.117,2026-07-30 13:05:15.117,NULL,NULL,1
2,5,23,SE Requirements Volatility (EMR),At-Risk,unk,unk,30.0%,0.12,12,12%,EV - Mission Next Engineering,Division,NULL,0.300,NULL,NULL,1,1,0,2026-02-01,2026-07-30 13:05:15.117,2026-07-30 13:05:15.117,NULL,NULL,0
2,5,23,SE Requirements Volatility (EMR),Healthy,increasing,up,30.0%,0.68,68,68%,EX - NIC,Division,NULL,0.300,NULL,NULL,1,1,0,2026-03-01,2026-07-30 13:05:15.117,2026-07-30 13:05:15.117,NULL,NULL,0
2,5,23,SE Requirements Volatility (EMR),Healthy,increasing,up,30.0%,0.73,73,73%,EX - NIC,Division,NULL,0.300,NULL,NULL,1,1,0,2026-04-01,2026-07-30 13:05:15.117,2026-07-30 13:05:15.117,NULL,NULL,0
2,5,23,SE Requirements Volatility (EMR),Healthy,increasing,up,30.0%,0.83,83,83%,EX - NIC,Division,NULL,0.300,NULL,NULL,1,1,0,2026-05-01,2026-07-30 13:05:15.117,2026-07-30 13:05:15.117,NULL,NULL,0
2,5,23,SE Requirements Volatility (EMR),Healthy,increasing,up,30.0%,0.88,88,88%,EX - NIC,Division,NULL,0.300,NULL,NULL,1,1,0,2026-06-01,2026-07-30 13:05:15.117,2026-07-30 13:05:15.117,NULL,NULL,1
2,5,23,SE Requirements Volatility (EMR),Healthy,unk,unk,30.0%,0.63,63,63%,EX - NIC,Division,NULL,0.300,NULL,NULL,1,1,0,2026-02-01,2026-07-30 13:05:15.117,2026-07-30 13:05:15.117,NULL,NULL,0
2,5,26,Engineering Lead Assessment (EMR),At-Risk,unk,unk,43.0%,0.41,41,41%,E - Engineering & Science,Sector,NULL,0.430,NULL,NULL,1,1,0,2026-02-01,2026-07-30 13:05:15.117,2026-07-30 13:05:15.117,NULL,NULL,0
2,5,26,Engineering Lead Assessment (EMR),Healthy,increasing,up,43.0%,0.43,43,43%,E - Engineering & Science,Sector,NULL,0.430,NULL,NULL,1,1,0,2026-03-01,2026-07-30 13:05:15.117,2026-07-30 13:05:15.117,NULL,NULL,0
2,5,26,Engineering Lead Assessment (EMR),Healthy,increasing,up,43.0%,0.44,44,44%,E - Engineering & Science,Sector,NULL,0.430,NULL,NULL,1,1,0,2026-04-01,2026-07-30 13:05:15.117,2026-07-30 13:05:15.117,NULL,NULL,0
2,5,26,Engineering Lead Assessment (EMR),Healthy,increasing,up,43.0%,0.46,46,46%,E - Engineering & Science,Sector,NULL,0.430,NULL,NULL,1,1,0,2026-05-01,2026-07-30 13:05:15.117,2026-07-30 13:05:15.117,NULL,NULL,0
2,5,26,Engineering Lead Assessment (EMR),Healthy,increasing,up,43.0%,0.48,48,48%,E - Engineering & Science,Sector,NULL,0.430,NULL,NULL,1,1,0,2026-06-01,2026-07-30 13:05:15.117,2026-07-30 13:05:15.117,NULL,NULL,1
2,5,26,Engineering Lead Assessment (EMR),Healthy,decreasing,down,43.0%,0.51,51,51%,EB - AMSD Engr,Division,NULL,0.430,NULL,NULL,1,1,0,2026-05-01,2026-07-30 13:05:15.117,2026-07-30 13:05:15.117,NULL,NULL,0
2,5,26,Engineering Lead Assessment (EMR),Healthy,increasing,up,43.0%,0.5,50,50%,EB - AMSD Engr,Division,NULL,0.430,NULL,NULL,1,1,0,2026-03-01,2026-07-30 13:05:15.117,2026-07-30 13:05:15.117,NULL,NULL,0
2,5,26,Engineering Lead Assessment (EMR),Healthy,increasing,up,43.0%,0.52,52,52%,EB - AMSD Engr,Division,NULL,0.430,NULL,NULL,1,1,0,2026-06-01,2026-07-30 13:05:15.117,2026-07-30 13:05:15.117,NULL,NULL,1
2,5,26,Engineering Lead Assessment (EMR),Healthy,increasing,up,43.0%,0.53,53,53%,EB - AMSD Engr,Division,NULL,0.430,NULL,NULL,1,1,0,2026-04-01,2026-07-30 13:05:15.117,2026-07-30 13:05:15.117,NULL,NULL,0
2,5,26,Engineering Lead Assessment (EMR),Healthy,unk,unk,43.0%,0.48,48,48%,EB - AMSD Engr,Division,NULL,0.430,NULL,NULL,1,1,0,2026-02-01,2026-07-30 13:05:15.117,2026-07-30 13:05:15.117,NULL,NULL,0
2,5,26,Engineering Lead Assessment (EMR),At-Risk,increasing,up,43.0%,0.4,40,40%,EB - BaPS Engr,Division,NULL,0.430,NULL,NULL,1,1,0,2026-04-01,2026-07-30 13:05:15.117,2026-07-30 13:05:15.117,NULL,NULL,0
2,5,26,Engineering Lead Assessment (EMR),At-Risk,increasing,up,43.0%,0.41,41,41%,EB - BaPS Engr,Division,NULL,0.430,NULL,NULL,1,1,0,2026-05-01,2026-07-30 13:05:15.117,2026-07-30 13:05:15.117,NULL,NULL,0
2,5,26,Engineering Lead Assessment (EMR),At-Risk,stable,stable,43.0%,0.38,38,38%,EB - BaPS Engr,Division,NULL,0.430,NULL,NULL,1,1,0,2026-03-01,2026-07-30 13:05:15.117,2026-07-30 13:05:15.117,NULL,NULL,0
2,5,26,Engineering Lead Assessment (EMR),At-Risk,stable,stable,43.0%,0.41,41,41%,EB - BaPS Engr,Division,NULL,0.430,NULL,NULL,1,1,0,2026-06-01,2026-07-30 13:05:15.117,2026-07-30 13:05:15.117,NULL,NULL,1
2,5,26,Engineering Lead Assessment (EMR),At-Risk,unk,unk,43.0%,0.38,38,38%,EB - BaPS Engr,Division,NULL,0.430,NULL,NULL,1,1,0,2026-02-01,2026-07-30 13:05:15.117,2026-07-30 13:05:15.117,NULL,NULL,0
2,5,26,Engineering Lead Assessment (EMR),Healthy,decreasing,down,43.0%,0.55,55,55%,EM - Marine Systems,Division,NULL,0.430,NULL,NULL,1,1,0,2026-05-01,2026-07-30 13:05:15.117,2026-07-30 13:05:15.117,NULL,NULL,0
2,5,26,Engineering Lead Assessment (EMR),Healthy,stable,stable,43.0%,0.55,55,55%,EM - Marine Systems,Division,NULL,0.430,NULL,NULL,1,1,0,2026-06-01,2026-07-30 13:05:15.117,2026-07-30 13:05:15.117,NULL,NULL,1
2,5,26,Engineering Lead Assessment (EMR),Healthy,stable,stable,43.0%,0.65,65,65%,EM - Marine Systems,Division,NULL,0.430,NULL,NULL,1,1,0,2026-03-01,2026-07-30 13:05:15.117,2026-07-30 13:05:15.117,NULL,NULL,0
2,5,26,Engineering Lead Assessment (EMR),Healthy,stable,stable,43.0%,0.65,65,65%,EM - Marine Systems,Division,NULL,0.430,NULL,NULL,1,1,0,2026-04-01,2026-07-30 13:05:15.117,2026-07-30 13:05:15.117,NULL,NULL,0
2,5,26,Engineering Lead Assessment (EMR),Healthy,unk,unk,43.0%,0.65,65,65%,EM - Marine Systems,Division,NULL,0.430,NULL,NULL,1,1,0,2026-02-01,2026-07-30 13:05:15.117,2026-07-30 13:05:15.117,NULL,NULL,0
2,5,26,Engineering Lead Assessment (EMR),At-Risk,decreasing,down,43.0%,0.36,36,36%,EN - MSTS,Division,NULL,0.430,NULL,NULL,1,1,0,2026-04-01,2026-07-30 13:05:15.117,2026-07-30 13:05:15.117,NULL,NULL,0
2,5,26,Engineering Lead Assessment (EMR),At-Risk,increasing,up,43.0%,0.4,40,40%,EN - MSTS,Division,NULL,0.430,NULL,NULL,1,1,0,2026-03-01,2026-07-30 13:05:15.117,2026-07-30 13:05:15.117,NULL,NULL,0
2,5,26,Engineering Lead Assessment (EMR),At-Risk,increasing,up,43.0%,0.42,42,42%,EN - MSTS,Division,NULL,0.430,NULL,NULL,1,1,0,2026-05-01,2026-07-30 13:05:15.117,2026-07-30 13:05:15.117,NULL,NULL,0
2,5,26,Engineering Lead Assessment (EMR),At-Risk,unk,unk,43.0%,0.37,37,37%,EN - MSTS,Division,NULL,0.430,NULL,NULL,1,1,0,2026-02-01,2026-07-30 13:05:15.117,2026-07-30 13:05:15.117,NULL,NULL,0
2,5,26,Engineering Lead Assessment (EMR),Healthy,increasing,up,43.0%,0.48,48,48%,EN - MSTS,Division,NULL,0.430,NULL,NULL,1,1,0,2026-06-01,2026-07-30 13:05:15.117,2026-07-30 13:05:15.117,NULL,NULL,1
2,5,26,Engineering Lead Assessment (EMR),At-Risk,decreasing,down,43.0%,0.21,21,21%,EV - Mission Next Engineering,Division,NULL,0.430,NULL,NULL,1,1,0,2026-03-01,2026-07-30 13:05:15.117,2026-07-30 13:05:15.117,NULL,NULL,0
2,5,26,Engineering Lead Assessment (EMR),At-Risk,decreasing,down,43.0%,0.26,26,26%,EV - Mission Next Engineering,Division,NULL,0.430,NULL,NULL,1,1,0,2026-06-01,2026-07-30 13:05:15.117,2026-07-30 13:05:15.117,NULL,NULL,1
2,5,26,Engineering Lead Assessment (EMR),At-Risk,increasing,up,43.0%,0.23,23,23%,EV - Mission Next Engineering,Division,NULL,0.430,NULL,NULL,1,1,0,2026-04-01,2026-07-30 13:05:15.117,2026-07-30 13:05:15.117,NULL,NULL,0
2,5,26,Engineering Lead Assessment (EMR),At-Risk,increasing,up,43.0%,0.28,28,28%,EV - Mission Next Engineering,Division,NULL,0.430,NULL,NULL,1,1,0,2026-05-01,2026-07-30 13:05:15.117,2026-07-30 13:05:15.117,NULL,NULL,0
2,5,26,Engineering Lead Assessment (EMR),At-Risk,unk,unk,43.0%,0.23,23,23%,EV - Mission Next Engineering,Division,NULL,0.430,NULL,NULL,1,1,0,2026-02-01,2026-07-30 13:05:15.117,2026-07-30 13:05:15.117,NULL,NULL,0
2,5,26,Engineering Lead Assessment (EMR),Healthy,increasing,up,43.0%,0.5,50,50%,EX - NIC,Division,NULL,0.430,NULL,NULL,1,1,0,2026-03-01,2026-07-30 13:05:15.117,2026-07-30 13:05:15.117,NULL,NULL,0
2,5,26,Engineering Lead Assessment (EMR),Healthy,increasing,up,43.0%,0.58,58,58%,EX - NIC,Division,NULL,0.430,NULL,NULL,1,1,0,2026-04-01,2026-07-30 13:05:15.117,2026-07-30 13:05:15.117,NULL,NULL,0
2,5,26,Engineering Lead Assessment (EMR),Healthy,increasing,up,43.0%,0.63,63,63%,EX - NIC,Division,NULL,0.430,NULL,NULL,1,1,0,2026-05-01,2026-07-30 13:05:15.117,2026-07-30 13:05:15.117,NULL,NULL,0
2,5,26,Engineering Lead Assessment (EMR),Healthy,stable,stable,43.0%,0.63,63,63%,EX - NIC,Division,NULL,0.430,NULL,NULL,1,1,0,2026-06-01,2026-07-30 13:05:15.117,2026-07-30 13:05:15.117,NULL,NULL,1
2,5,26,Engineering Lead Assessment (EMR),Healthy,unk,unk,43.0%,0.48,48,48%,EX - NIC,Division,NULL,0.430,NULL,NULL,1,1,0,2026-02-01,2026-07-30 13:05:15.117,2026-07-30 13:05:15.117,NULL,NULL,0
2,5,59,Interface Maturity (TBD),unk,unk,unk,,NULL,NULL,NULL,E - Engineering & Science,Sector,NULL,NULL,NULL,NULL,1,1,0,2026-07-01,2026-07-30 13:05:15.117,2026-07-30 13:05:15.117,NULL,NULL,1
2,6,60,Drawing Volatility ,At-Risk,decreasing,down,NULL,0.0017,0.17,0.17%,E - Engineering & Science,Site,NULL,NULL,NULL,NULL,0,1,1,2024-12-01,2026-07-30 13:05:15.117,2026-07-14 05:00:39.360,0.0017,MS,0
2,6,60,Drawing Volatility ,At-Risk,decreasing,down,NULL,0.0024,0.24,0.24%,E - Engineering & Science,Site,NULL,NULL,NULL,NULL,0,1,1,2024-11-01,2026-07-30 13:05:15.117,2026-07-14 05:00:39.360,0.0024,MS,0
2,6,60,Drawing Volatility ,At-Risk,decreasing,down,NULL,0.0027,0.27,0.27%,E - Engineering & Science,Site,NULL,NULL,NULL,NULL,0,1,1,2025-03-01,2026-07-30 13:05:15.117,2026-07-14 05:00:39.360,0.0027,MS,0
2,6,60,Drawing Volatility ,At-Risk,decreasing,down,NULL,0.0033,0.33,0.33%,E - Engineering & Science,Site,NULL,NULL,NULL,NULL,0,1,1,2025-12-01,2026-07-30 13:05:15.117,2026-07-14 05:00:39.360,0.0033,MS,0
2,6,60,Drawing Volatility ,At-Risk,decreasing,down,NULL,0.0038,0.38,0.38%,E - Engineering & Science,Site,NULL,NULL,NULL,NULL,0,1,1,2025-06-01,2026-07-30 13:05:15.117,2026-07-14 05:00:39.360,0.0038,MS,0
2,6,60,Drawing Volatility ,At-Risk,decreasing,down,NULL,0.0043,0.43,0.43%,E - Engineering & Science,Site,NULL,NULL,NULL,NULL,0,1,1,2025-10-01,2026-07-30 13:05:15.117,2026-07-14 05:00:39.360,0.0043,MS,0
2,6,60,Drawing Volatility ,At-Risk,decreasing,down,NULL,0.0044,0.44,0.44%,E - Engineering & Science,Site,NULL,NULL,NULL,NULL,0,1,1,2026-04-01,2026-07-30 13:05:15.117,2026-07-14 05:00:39.360,0.0044,MS,0
2,6,60,Drawing Volatility ,At-Risk,decreasing,down,NULL,0.0044,0.44,0.44%,E - Engineering & Science,Site,NULL,NULL,NULL,NULL,0,1,1,2026-07-01,2026-07-30 13:05:15.117,2026-07-14 05:00:39.360,0.0044,MS,1
2,6,60,Drawing Volatility ,At-Risk,decreasing,down,NULL,0.0046,0.46,0.46%,E - Engineering & Science,Site,NULL,NULL,NULL,NULL,0,1,1,2025-09-01,2026-07-30 13:05:15.117,2026-07-14 05:00:39.360,0.0046,MS,0
2,6,60,Drawing Volatility ,At-Risk,decreasing,down,NULL,0.0048,0.48,0.48%,E - Engineering & Science,Site,NULL,NULL,NULL,NULL,0,1,1,2025-08-01,2026-07-30 13:05:15.117,2026-07-14 05:00:39.360,0.0048,MS,0
2,6,60,Drawing Volatility ,At-Risk,increasing,up,NULL,0.001,0.1,0.10%,E - Engineering & Science,Site,NULL,NULL,NULL,NULL,0,1,1,2024-08-01,2026-07-30 13:05:15.117,2026-07-14 05:00:39.360,0.001,MS,0
2,6,60,Drawing Volatility ,At-Risk,increasing,up,NULL,0.0016,0.16,0.16%,E - Engineering & Science,Site,NULL,NULL,NULL,NULL,0,1,1,2024-09-01,2026-07-30 13:05:15.117,2026-07-14 05:00:39.360,0.0016,MS,0
2,6,60,Drawing Volatility ,At-Risk,increasing,up,NULL,0.0018,0.18,0.18%,E - Engineering & Science,Site,NULL,NULL,NULL,NULL,0,1,1,2025-01-01,2026-07-30 13:05:15.117,2026-07-14 05:00:39.360,0.0018,MS,0
2,6,60,Drawing Volatility ,At-Risk,increasing,up,NULL,0.0028,0.28,0.28%,E - Engineering & Science,Site,NULL,NULL,NULL,NULL,0,1,1,2025-02-01,2026-07-30 13:05:15.117,2026-07-14 05:00:39.360,0.0028,MS,0
2,6,60,Drawing Volatility ,At-Risk,increasing,up,NULL,0.003,0.3,0.30%,E - Engineering & Science,Site,NULL,NULL,NULL,NULL,0,1,1,2024-10-01,2026-07-30 13:05:15.117,2026-07-14 05:00:39.360,0.003,MS,0
2,6,60,Drawing Volatility ,At-Risk,increasing,up,NULL,0.003,0.3,0.30%,E - Engineering & Science,Site,NULL,NULL,NULL,NULL,0,1,1,2025-04-01,2026-07-30 13:05:15.117,2026-07-14 05:00:39.360,0.003,MS,0
2,6,60,Drawing Volatility ,At-Risk,increasing,up,NULL,0.0044,0.44,0.44%,E - Engineering & Science,Site,NULL,NULL,NULL,NULL,0,1,1,2025-05-01,2026-07-30 13:05:15.117,2026-07-14 05:00:39.360,0.0044,MS,0
2,6,60,Drawing Volatility ,At-Risk,increasing,up,NULL,0.0045,0.45,0.45%,E - Engineering & Science,Site,NULL,NULL,NULL,NULL,0,1,1,2025-11-01,2026-07-30 13:05:15.117,2026-07-14 05:00:39.360,0.0045,MS,0
2,6,60,Drawing Volatility ,At-Risk,increasing,up,NULL,0.0051,0.51,0.51%,E - Engineering & Science,Site,NULL,NULL,NULL,NULL,0,1,1,2025-07-01,2026-07-30 13:05:15.117,2026-07-14 05:00:39.360,0.0051,MS,0
2,6,60,Drawing Volatility ,At-Risk,increasing,up,NULL,0.0053,0.53,0.53%,E - Engineering & Science,Site,NULL,NULL,NULL,NULL,0,1,1,2026-01-01,2026-07-30 13:05:15.117,2026-07-14 05:00:39.360,0.0053,MS,0
2,6,60,Drawing Volatility ,At-Risk,increasing,up,NULL,0.0053,0.53,0.53%,E - Engineering & Science,Site,NULL,NULL,NULL,NULL,0,1,1,2026-05-01,2026-07-30 13:05:15.117,2026-07-14 05:00:39.360,0.0053,MS,0
2,6,60,Drawing Volatility ,At-Risk,increasing,up,NULL,0.0054,0.54,0.54%,E - Engineering & Science,Site,NULL,NULL,NULL,NULL,0,1,1,2026-02-01,2026-07-30 13:05:15.117,2026-07-14 05:00:39.360,0.0054,MS,0
2,6,60,Drawing Volatility ,At-Risk,increasing,up,NULL,0.0071,0.71,0.71%,E - Engineering & Science,Site,NULL,NULL,NULL,NULL,0,1,1,2026-03-01,2026-07-30 13:05:15.117,2026-07-14 05:00:39.360,0.0071,MS,0
2,6,60,Drawing Volatility ,At-Risk,increasing,up,NULL,0.0086,0.86,0.86%,E - Engineering & Science,Site,NULL,NULL,NULL,NULL,0,1,1,2026-06-01,2026-07-30 13:05:15.117,2026-07-14 05:00:39.360,0.0086,MS,0
2,6,60,Drawing Volatility ,At-Risk,unk,unk,NULL,0,0,0.00%,E - Engineering & Science,Site,NULL,NULL,NULL,NULL,0,1,1,2024-07-01,2026-07-30 13:05:15.117,2026-07-14 05:00:39.360,0,MS,0
2,6,60,Drawing Volatility ,At-Risk,decreasing,down,NULL,0,0,0.00%,Other,Site,NULL,NULL,NULL,NULL,0,1,1,2024-09-01,2026-07-30 13:05:15.117,2026-07-14 05:00:39.360,0,CHO,0
2,6,60,Drawing Volatility ,At-Risk,decreasing,down,NULL,0,0,0.00%,Other,Site,NULL,NULL,NULL,NULL,0,1,1,2024-09-01,2026-07-30 13:05:15.117,2026-07-14 05:00:39.360,0,SLC,0
2,6,60,Drawing Volatility ,At-Risk,decreasing,down,NULL,0,0,0.00%,Other,Site,NULL,NULL,NULL,NULL,0,1,1,2024-11-01,2026-07-30 13:05:15.117,2026-07-14 05:00:39.360,0,CHO,0
2,6,60,Drawing Volatility ,At-Risk,decreasing,down,NULL,0,0,0.00%,Other,Site,NULL,NULL,NULL,NULL,0,1,1,2024-11-01,2026-07-30 13:05:15.117,2026-07-14 05:00:39.360,0,SLC,0
2,6,60,Drawing Volatility ,At-Risk,decreasing,down,NULL,0,0,0.00%,Other,Site,NULL,NULL,NULL,NULL,0,1,1,2024-11-01,2026-07-30 13:05:15.117,2026-07-14 05:00:39.360,0,WH,0
2,6,60,Drawing Volatility ,At-Risk,decreasing,down,NULL,0,0,0.00%,Other,Site,NULL,NULL,NULL,NULL,0,1,1,2025-01-01,2026-07-30 13:05:15.117,2026-07-14 05:00:39.360,0,CHO,0
2,6,60,Drawing Volatility ,At-Risk,decreasing,down,NULL,0,0,0.00%,Other,Site,NULL,NULL,NULL,NULL,0,1,1,2025-03-01,2026-07-30 13:05:15.117,2026-07-14 05:00:39.360,0,BWI,0
2,6,60,Drawing Volatility ,At-Risk,decreasing,down,NULL,0,0,0.00%,Other,Site,NULL,NULL,NULL,NULL,0,1,1,2025-06-01,2026-07-30 13:05:15.117,2026-07-14 05:00:39.360,0,CHO,0
2,6,60,Drawing Volatility ,At-Risk,decreasing,down,NULL,0,0,0.00%,Other,Site,NULL,NULL,NULL,NULL,0,1,1,2025-07-01,2026-07-30 13:05:15.117,2026-07-14 05:00:39.360,0,SLC,0
2,6,60,Drawing Volatility ,At-Risk,decreasing,down,NULL,0,0,0.00%,Other,Site,NULL,NULL,NULL,NULL,0,1,1,2025-09-01,2026-07-30 13:05:15.117,2026-07-14 05:00:39.360,0,SLC,0
2,6,60,Drawing Volatility ,At-Risk,decreasing,down,NULL,0,0,0.00%,Other,Site,NULL,NULL,NULL,NULL,0,1,1,2025-11-01,2026-07-30 13:05:15.117,2026-07-14 05:00:39.360,0,BWI,0
2,6,60,Drawing Volatility ,At-Risk,decreasing,down,NULL,0,0,0.00%,Other,Site,NULL,NULL,NULL,NULL,0,1,1,2025-11-01,2026-07-30 13:05:15.117,2026-07-14 05:00:39.360,0,CHO,0
2,6,60,Drawing Volatility ,At-Risk,decreasing,down,NULL,0,0,0.00%,Other,Site,NULL,NULL,NULL,NULL,0,1,1,2025-12-01,2026-07-30 13:05:15.117,2026-07-14 05:00:39.360,0,SLC,0
2,6,60,Drawing Volatility ,At-Risk,decreasing,down,NULL,0,0,0.00%,Other,Site,NULL,NULL,NULL,NULL,0,1,1,2026-03-01,2026-07-30 13:05:15.117,2026-07-14 05:00:39.360,0,BWI,0
2,6,60,Drawing Volatility ,At-Risk,decreasing,down,NULL,0,0,0.00%,Other,Site,NULL,NULL,NULL,NULL,0,1,1,2026-03-01,2026-07-30 13:05:15.117,2026-07-14 05:00:39.360,0,SLC,0
2,6,60,Drawing Volatility ,At-Risk,decreasing,down,NULL,0,0,0.00%,Other,Site,NULL,NULL,NULL,NULL,0,1,1,2026-07-01,2026-07-30 13:05:15.117,2026-07-14 05:00:39.360,0,SVL,1
2,6,60,Drawing Volatility ,At-Risk,decreasing,down,NULL,0.0002,0.02,0.02%,Other,Site,NULL,NULL,NULL,NULL,0,1,1,2025-06-01,2026-07-30 13:05:15.117,2026-07-14 05:00:39.360,0.0002,BWI,0
2,6,60,Drawing Volatility ,At-Risk,decreasing,down,NULL,0.0002,0.02,0.02%,Other,Site,NULL,NULL,NULL,NULL,0,1,1,2025-09-01,2026-07-30 13:05:15.117,2026-07-14 05:00:39.360,0.0002,BWI,0
2,6,60,Drawing Volatility ,At-Risk,decreasing,down,NULL,0.0002,0.02,0.02%,Other,Site,NULL,NULL,NULL,NULL,0,1,1,2026-07-01,2026-07-30 13:05:15.117,2026-07-14 05:00:39.360,0.0002,BWI,1
2,6,60,Drawing Volatility ,At-Risk,decreasing,down,NULL,0.0005,0.05,0.05%,Other,Site,NULL,NULL,NULL,NULL,0,1,1,2024-09-01,2026-07-30 13:05:15.117,2026-07-14 05:00:39.360,0.0005,AMH,0
2,6,60,Drawing Volatility ,At-Risk,decreasing,down,NULL,0.0014,0.14,0.14%,Other,Site,NULL,NULL,NULL,NULL,0,1,1,2026-06-01,2026-07-30 13:05:15.117,2026-07-14 05:00:39.360,0.0014,CHO,0
2,6,60,Drawing Volatility ,At-Risk,decreasing,down,NULL,0.0026,0.26,0.26%,Other,Site,NULL,NULL,NULL,NULL,0,1,1,2026-04-01,2026-07-30 13:05:15.117,2026-07-14 05:00:39.360,0.0026,APK,0
2,6,60,Drawing Volatility ,At-Risk,decreasing,down,NULL,0.0027,0.27,0.27%,Other,Site,NULL,NULL,NULL,NULL,0,1,1,2025-11-01,2026-07-30 13:05:15.117,2026-07-14 05:00:39.360,0.0027,WH,0
2,6,60,Drawing Volatility ,At-Risk,decreasing,down,NULL,0.0036,0.36,0.36%,Other,Site,NULL,NULL,NULL,NULL,0,1,1,2026-02-01,2026-07-30 13:05:15.117,2026-07-14 05:00:39.360,0.0036,SVL,0
2,6,60,Drawing Volatility ,At-Risk,decreasing,down,NULL,0.0042,0.42,0.42%,Other,Site,NULL,NULL,NULL,NULL,0,1,1,2025-01-01,2026-07-30 13:05:15.117,2026-07-14 05:00:39.360,0.0042,AMH,0
2,6,60,Drawing Volatility ,At-Risk,decreasing,down,NULL,0.0042,0.42,0.42%,Other,Site,NULL,NULL,NULL,NULL,0,1,1,2025-09-01,2026-07-30 13:05:15.117,2026-07-14 05:00:39.360,0.0042,WH,0
2,6,60,Drawing Volatility ,At-Risk,decreasing,down,NULL,0.0044,0.44,0.44%,Other,Site,NULL,NULL,NULL,NULL,0,1,1,2026-01-01,2026-07-30 13:05:15.117,2026-07-14 05:00:39.360,0.0044,CHO,0
2,6,60,Drawing Volatility ,At-Risk,decreasing,down,NULL,0.0045,0.45,0.45%,Other,Site,NULL,NULL,NULL,NULL,0,1,1,2025-10-01,2026-07-30 13:05:15.117,2026-07-14 05:00:39.360,0.0045,CHO,0
2,6,60,Drawing Volatility ,At-Risk,decreasing,down,NULL,0.0046,0.46,0.46%,Other,Site,NULL,NULL,NULL,NULL,0,1,1,2024-12-01,2026-07-30 13:05:15.117,2026-07-14 05:00:39.360,0.0046,AMH,0
2,6,60,Drawing Volatility ,At-Risk,decreasing,down,NULL,0.0049,0.49,0.49%,Other,Site,NULL,NULL,NULL,NULL,0,1,1,2026-04-01,2026-07-30 13:05:15.117,2026-07-14 05:00:39.360,0.0049,SVL,0
2,6,60,Drawing Volatility ,At-Risk,decreasing,down,NULL,0.0049,0.49,0.49%,Other,Site,NULL,NULL,NULL,NULL,0,1,1,2026-05-01,2026-07-30 13:05:15.117,2026-07-14 05:00:39.360,0.0049,WH,0
2,6,60,Drawing Volatility ,At-Risk,decreasing,down,NULL,0.005,0.5,0.50%,Other,Site,NULL,NULL,NULL,NULL,0,1,1,2025-07-01,2026-07-30 13:05:15.117,2026-07-14 05:00:39.360,0.005,WH,0
2,6,60,Drawing Volatility ,At-Risk,decreasing,down,NULL,0.005,0.5,0.50%,Other,Site,NULL,NULL,NULL,NULL,0,1,1,2025-09-01,2026-07-30 13:05:15.117,2026-07-14 05:00:39.360,0.005,CHO,0
2,6,60,Drawing Volatility ,At-Risk,decreasing,down,NULL,0.0055,0.55,0.55%,Other,Site,NULL,NULL,NULL,NULL,0,1,1,2025-12-01,2026-07-30 13:05:15.117,2026-07-14 05:00:39.360,0.0055,XET,0
2,6,60,Drawing Volatility ,At-Risk,decreasing,down,NULL,0.0058,0.58,0.58%,Other,Site,NULL,NULL,NULL,NULL,0,1,1,2026-04-01,2026-07-30 13:05:15.117,2026-07-14 05:00:39.360,0.0058,XET,0
2,6,60,Drawing Volatility ,At-Risk,decreasing,down,NULL,0.0059,0.59,0.59%,Other,Site,NULL,NULL,NULL,NULL,0,1,1,2026-04-01,2026-07-30 13:05:15.117,2026-07-14 05:00:39.360,0.0059,CHO,0
2,6,60,Drawing Volatility ,At-Risk,decreasing,down,NULL,0.0063,0.63,0.63%,Other,Site,NULL,NULL,NULL,NULL,0,1,1,2025-01-01,2026-07-30 13:05:15.117,2026-07-14 05:00:39.360,0.0063,APK,0
2,6,60,Drawing Volatility ,At-Risk,decreasing,down,NULL,0.0064,0.64,0.64%,Other,Site,NULL,NULL,NULL,NULL,0,1,1,2026-07-01,2026-07-30 13:05:15.117,2026-07-14 05:00:39.360,0.0064,APK,1
2,6,60,Drawing Volatility ,At-Risk,decreasing,down,NULL,0.0066,0.66,0.66%,Other,Site,NULL,NULL,NULL,NULL,0,1,1,2024-11-01,2026-07-30 13:05:15.117,2026-07-14 05:00:39.360,0.0066,AMH,0
2,6,60,Drawing Volatility ,At-Risk,decreasing,down,NULL,0.0069,0.69,0.69%,Other,Site,NULL,NULL,NULL,NULL,0,1,1,2025-04-01,2026-07-30 13:05:15.117,2026-07-14 05:00:39.360,0.0069,AMH,0
2,6,60,Drawing Volatility ,At-Risk,decreasing,down,NULL,0.0069,0.69,0.69%,Other,Site,NULL,NULL,NULL,NULL,0,1,1,2025-08-01,2026-07-30 13:05:15.117,2026-07-14 05:00:39.360,0.0069,CHO,0
2,6,60,Drawing Volatility ,At-Risk,decreasing,down,NULL,0.007,0.7,0.70%,Other,Site,NULL,NULL,NULL,NULL,0,1,1,2025-08-01,2026-07-30 13:05:15.117,2026-07-14 05:00:39.360,0.007,AMH,0
2,6,60,Drawing Volatility ,At-Risk,decreasing,down,NULL,0.007,0.7,0.70%,Other,Site,NULL,NULL,NULL,NULL,0,1,1,2025-12-01,2026-07-30 13:05:15.117,2026-07-14 05:00:39.360,0.007,AMH,0
2,6,60,Drawing Volatility ,At-Risk,decreasing,down,NULL,0.0073,0.73,0.73%,Other,Site,NULL,NULL,NULL,NULL,0,1,1,2025-11-01,2026-07-30 13:05:15.117,2026-07-14 05:00:39.360,0.0073,XET,0
2,6,60,Drawing Volatility ,At-Risk,decreasing,down,NULL,0.0075,0.75,0.75%,Other,Site,NULL,NULL,NULL,NULL,0,1,1,2025-05-01,2026-07-30 13:05:15.117,2026-07-14 05:00:39.360,0.0075,XET,0
2,6,60,Drawing Volatility ,At-Risk,decreasing,down,NULL,0.0076,0.76,0.76%,Other,Site,NULL,NULL,NULL,NULL,0,1,1,2024-11-01,2026-07-30 13:05:15.117,2026-07-14 05:00:39.360,0.0076,XET,0
2,6,60,Drawing Volatility ,At-Risk,decreasing,down,NULL,0.0079,0.79,0.79%,Other,Site,NULL,NULL,NULL,NULL,0,1,1,2026-02-01,2026-07-30 13:05:15.117,2026-07-14 05:00:39.360,0.0079,AMH,0
2,6,60,Drawing Volatility ,At-Risk,decreasing,down,NULL,0.0082,0.82,0.82%,Other,Site,NULL,NULL,NULL,NULL,0,1,1,2026-04-01,2026-07-30 13:05:15.117,2026-07-14 05:00:39.360,0.0082,WH,0
2,6,60,Drawing Volatility ,At-Risk,decreasing,down,NULL,0.0087,0.87,0.87%,Other,Site,NULL,NULL,NULL,NULL,0,1,1,2025-03-01,2026-07-30 13:05:15.117,2026-07-14 05:00:39.360,0.0087,APK,0
2,6,60,Drawing Volatility ,At-Risk,decreasing,down,NULL,0.0088,0.88,0.88%,Other,Site,NULL,NULL,NULL,NULL,0,1,1,2024-12-01,2026-07-30 13:05:15.117,2026-07-14 05:00:39.360,0.0088,APK,0
2,6,60,Drawing Volatility ,At-Risk,decreasing,down,NULL,0.0088,0.88,0.88%,Other,Site,NULL,NULL,NULL,NULL,0,1,1,2025-06-01,2026-07-30 13:05:15.117,2026-07-14 05:00:39.360,0.0088,AMH,0
2,6,60,Drawing Volatility ,At-Risk,decreasing,down,NULL,0.0092,0.92,0.92%,Other,Site,NULL,NULL,NULL,NULL,0,1,1,2026-07-01,2026-07-30 13:05:15.117,2026-07-14 05:00:39.360,0.0092,WH,1
2,6,60,Drawing Volatility ,At-Risk,decreasing,down,NULL,0.0095,0.95,0.95%,Other,Site,NULL,NULL,NULL,NULL,0,1,1,2025-10-01,2026-07-30 13:05:15.117,2026-07-14 05:00:39.360,0.0095,AMH,0
2,6,60,Drawing Volatility ,At-Risk,decreasing,down,NULL,0.0098,0.98,0.98%,Other,Site,NULL,NULL,NULL,NULL,0,1,1,2025-08-01,2026-07-30 13:05:15.117,2026-07-14 05:00:39.360,0.0098,XET,0
2,6,60,Drawing Volatility ,At-Risk,decreasing,down,NULL,0.0099,0.99,0.99%,Other,Site,NULL,NULL,NULL,NULL,0,1,1,2025-04-01,2026-07-30 13:05:15.117,2026-07-14 05:00:39.360,0.0099,XET,0
2,6,60,Drawing Volatility ,At-Risk,decreasing,down,NULL,0.0104,1.04,1.04%,Other,Site,NULL,NULL,NULL,NULL,0,1,1,2025-04-01,2026-07-30 13:05:15.117,2026-07-14 05:00:39.360,0.0104,SYK,0
2,6,60,Drawing Volatility ,At-Risk,decreasing,down,NULL,0.0111,1.11,1.11%,Other,Site,NULL,NULL,NULL,NULL,0,1,1,2026-07-01,2026-07-30 13:05:15.117,2026-07-14 05:00:39.360,0.0111,AMH,1
2,6,60,Drawing Volatility ,At-Risk,decreasing,down,NULL,0.0114,1.14,1.14%,Other,Site,NULL,NULL,NULL,NULL,0,1,1,2026-06-01,2026-07-30 13:05:15.117,2026-07-14 05:00:39.360,0.0114,SVL,0
2,6,60,Drawing Volatility ,At-Risk,decreasing,down,NULL,0.0119,1.19,1.19%,Other,Site,NULL,NULL,NULL,NULL,0,1,1,2026-05-01,2026-07-30 13:05:15.117,2026-07-14 05:00:39.360,0.0119,AMH,0
2,6,60,Drawing Volatility ,At-Risk,decreasing,down,NULL,0.0126,1.26,1.26%,Other,Site,NULL,NULL,NULL,NULL,0,1,1,2025-07-01,2026-07-30 13:05:15.117,2026-07-14 05:00:39.360,0.0126,APK,0
2,6,60,Drawing Volatility ,At-Risk,decreasing,down,NULL,0.0128,1.28,1.28%,Other,Site,NULL,NULL,NULL,NULL,0,1,1,2024-10-01,2026-07-30 13:05:15.117,2026-07-14 05:00:39.360,0.0128,APK,0
2,6,60,Drawing Volatility ,At-Risk,decreasing,down,NULL,0.0131,1.31,1.31%,Other,Site,NULL,NULL,NULL,NULL,0,1,1,2026-05-01,2026-07-30 13:05:15.117,2026-07-14 05:00:39.360,0.0131,SYK,0
2,6,60,Drawing Volatility ,At-Risk,decreasing,down,NULL,0.0134,1.34,1.34%,Other,Site,NULL,NULL,NULL,NULL,0,1,1,2025-08-01,2026-07-30 13:05:15.117,2026-07-14 05:00:39.360,0.0134,SYK,0
2,6,60,Drawing Volatility ,At-Risk,decreasing,down,NULL,0.0136,1.36,1.36%,Other,Site,NULL,NULL,NULL,NULL,0,1,1,2026-07-01,2026-07-30 13:05:15.117,2026-07-14 05:00:39.360,0.0136,SYK,1
2,6,60,Drawing Volatility ,At-Risk,decreasing,down,NULL,0.0144,1.44,1.44%,Other,Site,NULL,NULL,NULL,NULL,0,1,1,2025-05-01,2026-07-30 13:05:15.117,2026-07-14 05:00:39.360,0.0144,APK,0
2,6,60,Drawing Volatility ,At-Risk,decreasing,down,NULL,0.0144,1.44,1.44%,Other,Site,NULL,NULL,NULL,NULL,0,1,1,2025-10-01,2026-07-30 13:05:15.117,2026-07-14 05:00:39.360,0.0144,APK,0
2,6,60,Drawing Volatility ,At-Risk,decreasing,down,NULL,0.0145,1.45,1.45%,Other,Site,NULL,NULL,NULL,NULL,0,1,1,2025-03-01,2026-07-30 13:05:15.117,2026-07-14 05:00:39.360,0.0145,XET,0
2,6,60,Drawing Volatility ,At-Risk,decreasing,down,NULL,0.0156,1.56,1.56%,Other,Site,NULL,NULL,NULL,NULL,0,1,1,2026-06-01,2026-07-30 13:05:15.117,2026-07-14 05:00:39.360,0.0156,XET,0
2,6,60,Drawing Volatility ,At-Risk,decreasing,down,NULL,0.0164,1.64,1.64%,Other,Site,NULL,NULL,NULL,NULL,0,1,1,2025-10-01,2026-07-30 13:05:15.117,2026-07-14 05:00:39.360,0.0164,XET,0
2,6,60,Drawing Volatility ,At-Risk,decreasing,down,NULL,0.0165,1.65,1.65%,Other,Site,NULL,NULL,NULL,NULL,0,1,1,2026-04-01,2026-07-30 13:05:15.117,2026-07-14 05:00:39.360,0.0165,SYK,0
2,6,60,Drawing Volatility ,At-Risk,decreasing,down,NULL,0.0167,1.67,1.67%,Other,Site,NULL,NULL,NULL,NULL,0,1,1,2025-12-01,2026-07-30 13:05:15.117,2026-07-14 05:00:39.360,0.0167,SYK,0
2,6,60,Drawing Volatility ,At-Risk,decreasing,down,NULL,0.0169,1.69,1.69%,Other,Site,NULL,NULL,NULL,NULL,0,1,1,2025-12-01,2026-07-30 13:05:15.117,2026-07-14 05:00:39.360,0.0169,APK,0
2,6,60,Drawing Volatility ,At-Risk,decreasing,down,NULL,0.0172,1.72,1.72%,Other,Site,NULL,NULL,NULL,NULL,0,1,1,2026-06-01,2026-07-30 13:05:15.117,2026-07-14 05:00:39.360,0.0172,APK,0
2,6,60,Drawing Volatility ,At-Risk,decreasing,down,NULL,0.0178,1.78,1.78%,Other,Site,NULL,NULL,NULL,NULL,0,1,1,2025-09-01,2026-07-30 13:05:15.117,2026-07-14 05:00:39.360,0.0178,APK,0
2,6,60,Drawing Volatility ,At-Risk,decreasing,down,NULL,0.0194,1.94,1.94%,Other,Site,NULL,NULL,NULL,NULL,0,1,1,2026-02-01,2026-07-30 13:05:15.117,2026-07-14 05:00:39.360,0.0194,APK,0
2,6,60,Drawing Volatility ,At-Risk,decreasing,down,NULL,0.0229,2.29,2.29%,Other,Site,NULL,NULL,NULL,NULL,0,1,1,2025-11-01,2026-07-30 13:05:15.117,2026-07-14 05:00:39.360,0.0229,SYK,0
2,6,60,Drawing Volatility ,At-Risk,decreasing,down,NULL,0.0358,3.58,3.58%,Other,Site,NULL,NULL,NULL,NULL,0,1,1,2026-03-01,2026-07-30 13:05:15.117,2026-07-14 05:00:39.360,0.0358,SYK,0
2,6,60,Drawing Volatility ,At-Risk,increasing,up,NULL,0.0002,0.02,0.02%,Other,Site,NULL,NULL,NULL,NULL,0,1,1,2025-12-01,2026-07-30 13:05:15.117,2026-07-14 05:00:39.360,0.0002,BWI,0
2,6,60,Drawing Volatility ,At-Risk,increasing,up,NULL,0.0002,0.02,0.02%,Other,Site,NULL,NULL,NULL,NULL,0,1,1,2026-04-01,2026-07-30 13:05:15.117,2026-07-14 05:00:39.360,0.0002,BWI,0
2,6,60,Drawing Volatility ,At-Risk,increasing,up,NULL,0.0003,0.03,0.03%,Other,Site,NULL,NULL,NULL,NULL,0,1,1,2024-08-01,2026-07-30 13:05:15.117,2026-07-14 05:00:39.360,0.0003,WH,0
2,6,60,Drawing Volatility ,At-Risk,increasing,up,NULL,0.0003,0.03,0.03%,Other,Site,NULL,NULL,NULL,NULL,0,1,1,2024-12-01,2026-07-30 13:05:15.117,2026-07-14 05:00:39.360,0.0003,WH,0
2,6,60,Drawing Volatility ,At-Risk,increasing,up,NULL,0.0004,0.04,0.04%,Other,Site,NULL,NULL,NULL,NULL,0,1,1,2025-01-01,2026-07-30 13:05:15.117,2026-07-14 05:00:39.360,0.0004,WH,0
2,6,60,Drawing Volatility ,At-Risk,increasing,up,NULL,0.0004,0.04,0.04%,Other,Site,NULL,NULL,NULL,NULL,0,1,1,2026-05-01,2026-07-30 13:05:15.117,2026-07-14 05:00:39.360,0.0004,BWI,0
2,6,60,Drawing Volatility ,At-Risk,increasing,up,NULL,0.0005,0.05,0.05%,Other,Site,NULL,NULL,NULL,NULL,0,1,1,2025-02-01,2026-07-30 13:05:15.117,2026-07-14 05:00:39.360,0.0005,BWI,0
2,6,60,Drawing Volatility ,At-Risk,increasing,up,NULL,0.0007,0.07,0.07%,Other,Site,NULL,NULL,NULL,NULL,0,1,1,2024-09-01,2026-07-30 13:05:15.117,2026-07-14 05:00:39.360,0.0007,WH,0
2,6,60,Drawing Volatility ,At-Risk,increasing,up,NULL,0.0007,0.07,0.07%,Other,Site,NULL,NULL,NULL,NULL,0,1,1,2025-07-01,2026-07-30 13:05:15.117,2026-07-14 05:00:39.360,0.0007,BWI,0
2,6,60,Drawing Volatility ,At-Risk,increasing,up,NULL,0.0009,0.09,0.09%,Other,Site,NULL,NULL,NULL,NULL,0,1,1,2025-08-01,2026-07-30 13:05:15.117,2026-07-14 05:00:39.360,0.0009,BWI,0
2,6,60,Drawing Volatility ,At-Risk,increasing,up,NULL,0.001,0.1,0.10%,Other,Site,NULL,NULL,NULL,NULL,0,1,1,2024-08-01,2026-07-30 13:05:15.117,2026-07-14 05:00:39.360,0.001,AMH,0
2,6,60,Drawing Volatility ,At-Risk,increasing,up,NULL,0.001,0.1,0.10%,Other,Site,NULL,NULL,NULL,NULL,0,1,1,2026-06-01,2026-07-30 13:05:15.117,2026-07-14 05:00:39.360,0.001,BWI,0
2,6,60,Drawing Volatility ,At-Risk,increasing,up,NULL,0.0011,0.11,0.11%,Other,Site,NULL,NULL,NULL,NULL,0,1,1,2025-02-01,2026-07-30 13:05:15.117,2026-07-14 05:00:39.360,0.0011,WH,0
2,6,60,Drawing Volatility ,At-Risk,increasing,up,NULL,0.0012,0.12,0.12%,Other,Site,NULL,NULL,NULL,NULL,0,1,1,2025-03-01,2026-07-30 13:05:15.117,2026-07-14 05:00:39.360,0.0012,WH,0
2,6,60,Drawing Volatility ,At-Risk,increasing,up,NULL,0.0012,0.12,0.12%,Other,Site,NULL,NULL,NULL,NULL,0,1,1,2025-05-01,2026-07-30 13:05:15.117,2026-07-14 05:00:39.360,0.0012,BWI,0
2,6,60,Drawing Volatility ,At-Risk,increasing,up,NULL,0.0014,0.14,0.14%,Other,Site,NULL,NULL,NULL,NULL,0,1,1,2026-06-01,2026-07-30 13:05:15.117,2026-07-14 05:00:39.360,0.0014,RM,0
2,6,60,Drawing Volatility ,At-Risk,increasing,up,NULL,0.0021,0.21,0.21%,Other,Site,NULL,NULL,NULL,NULL,0,1,1,2026-07-01,2026-07-30 13:05:15.117,2026-07-14 05:00:39.360,0.0021,RM,1
2,6,60,Drawing Volatility ,At-Risk,increasing,up,NULL,0.0028,0.28,0.28%,Other,Site,NULL,NULL,NULL,NULL,0,1,1,2025-03-01,2026-07-30 13:05:15.117,2026-07-14 05:00:39.360,0.0028,CHO,0
2,6,60,Drawing Volatility ,At-Risk,increasing,up,NULL,0.0029,0.29,0.29%,Other,Site,NULL,NULL,NULL,NULL,0,1,1,2025-05-01,2026-07-30 13:05:15.117,2026-07-14 05:00:39.360,0.0029,WH,0
2,6,60,Drawing Volatility ,At-Risk,increasing,up,NULL,0.0034,0.34,0.34%,Other,Site,NULL,NULL,NULL,NULL,0,1,1,2025-12-01,2026-07-30 13:05:15.117,2026-07-14 05:00:39.360,0.0034,WH,0
2,6,60,Drawing Volatility ,At-Risk,increasing,up,NULL,0.004,0.4,0.40%,Other,Site,NULL,NULL,NULL,NULL,0,1,1,2024-08-01,2026-07-30 13:05:15.117,2026-07-14 05:00:39.360,0.004,XET,0
2,6,60,Drawing Volatility ,At-Risk,increasing,up,NULL,0.0046,0.46,0.46%,Other,Site,NULL,NULL,NULL,NULL,0,1,1,2025-02-01,2026-07-30 13:05:15.117,2026-07-14 05:00:39.360,0.0046,AMH,0
2,6,60,Drawing Volatility ,At-Risk,increasing,up,NULL,0.0046,0.46,0.46%,Other,Site,NULL,NULL,NULL,NULL,0,1,1,2026-01-01,2026-07-30 13:05:15.117,2026-07-14 05:00:39.360,0.0046,WH,0
2,6,60,Drawing Volatility ,At-Risk,increasing,up,NULL,0.0049,0.49,0.49%,Other,Site,NULL,NULL,NULL,NULL,0,1,1,2025-04-01,2026-07-30 13:05:15.117,2026-07-14 05:00:39.360,0.0049,CHO,0
2,6,60,Drawing Volatility ,At-Risk,increasing,up,NULL,0.0049,0.49,0.49%,Other,Site,NULL,NULL,NULL,NULL,0,1,1,2025-10-01,2026-07-30 13:05:15.117,2026-07-14 05:00:39.360,0.0049,WH,0
2,6,60,Drawing Volatility ,At-Risk,increasing,up,NULL,0.0052,0.52,0.52%,Other,Site,NULL,NULL,NULL,NULL,0,1,1,2025-06-01,2026-07-30 13:05:15.117,2026-07-14 05:00:39.360,0.0052,WH,0
2,6,60,Drawing Volatility ,At-Risk,increasing,up,NULL,0.0058,0.58,0.58%,Other,Site,NULL,NULL,NULL,NULL,0,1,1,2024-12-01,2026-07-30 13:05:15.117,2026-07-14 05:00:39.360,0.0058,SYK,0
2,6,60,Drawing Volatility ,At-Risk,increasing,up,NULL,0.0059,0.59,0.59%,Other,Site,NULL,NULL,NULL,NULL,0,1,1,2025-01-01,2026-07-30 13:05:15.117,2026-07-14 05:00:39.360,0.0059,SYK,0
2,6,60,Drawing Volatility ,At-Risk,increasing,up,NULL,0.0061,0.61,0.61%,Other,Site,NULL,NULL,NULL,NULL,0,1,1,2024-12-01,2026-07-30 13:05:15.117,2026-07-14 05:00:39.360,0.0061,CHO,0
2,6,60,Drawing Volatility ,At-Risk,increasing,up,NULL,0.0061,0.61,0.61%,Other,Site,NULL,NULL,NULL,NULL,0,1,1,2025-12-01,2026-07-30 13:05:15.117,2026-07-14 05:00:39.360,0.0061,CHO,0
2,6,60,Drawing Volatility ,At-Risk,increasing,up,NULL,0.0062,0.62,0.62%,Other,Site,NULL,NULL,NULL,NULL,0,1,1,2026-01-01,2026-07-30 13:05:15.117,2026-07-14 05:00:39.360,0.0062,SVL,0
2,6,60,Drawing Volatility ,At-Risk,increasing,up,NULL,0.0069,0.69,0.69%,Other,Site,NULL,NULL,NULL,NULL,0,1,1,2025-11-01,2026-07-30 13:05:15.117,2026-07-14 05:00:39.360,0.0069,SLC,0
2,6,60,Drawing Volatility ,At-Risk,increasing,up,NULL,0.007,0.7,0.70%,Other,Site,NULL,NULL,NULL,NULL,0,1,1,2024-08-01,2026-07-30 13:05:15.117,2026-07-14 05:00:39.360,0.007,APK,0
2,6,60,Drawing Volatility ,At-Risk,increasing,up,NULL,0.007,0.7,0.70%,Other,Site,NULL,NULL,NULL,NULL,0,1,1,2026-02-01,2026-07-30 13:05:15.117,2026-07-14 05:00:39.360,0.007,SLC,0
2,6,60,Drawing Volatility ,At-Risk,increasing,up,NULL,0.0071,0.71,0.71%,Other,Site,NULL,NULL,NULL,NULL,0,1,1,2024-10-01,2026-07-30 13:05:15.117,2026-07-14 05:00:39.360,0.0071,AMH,0
2,6,60,Drawing Volatility ,At-Risk,increasing,up,NULL,0.0074,0.74,0.74%,Other,Site,NULL,NULL,NULL,NULL,0,1,1,2025-07-01,2026-07-30 13:05:15.117,2026-07-14 05:00:39.360,0.0074,CHO,0
2,6,60,Drawing Volatility ,At-Risk,increasing,up,NULL,0.0075,0.75,0.75%,Other,Site,NULL,NULL,NULL,NULL,0,1,1,2026-02-01,2026-07-30 13:05:15.117,2026-07-14 05:00:39.360,0.0075,WH,0
2,6,60,Drawing Volatility ,At-Risk,increasing,up,NULL,0.0077,0.77,0.77%,Other,Site,NULL,NULL,NULL,NULL,0,1,1,2024-12-01,2026-07-30 13:05:15.117,2026-07-14 05:00:39.360,0.0077,XET,0
2,6,60,Drawing Volatility ,At-Risk,increasing,up,NULL,0.0081,0.81,0.81%,Other,Site,NULL,NULL,NULL,NULL,0,1,1,2026-03-01,2026-07-30 13:05:15.117,2026-07-14 05:00:39.360,0.0081,SVL,0
2,6,60,Drawing Volatility ,At-Risk,increasing,up,NULL,0.0083,0.83,0.83%,Other,Site,NULL,NULL,NULL,NULL,0,1,1,2025-03-01,2026-07-30 13:05:15.117,2026-07-14 05:00:39.360,0.0083,AMH,0
2,6,60,Drawing Volatility ,At-Risk,increasing,up,NULL,0.0089,0.89,0.89%,Other,Site,NULL,NULL,NULL,NULL,0,1,1,2024-08-01,2026-07-30 13:05:15.117,2026-07-14 05:00:39.360,0.0089,CHO,0
2,6,60,Drawing Volatility ,At-Risk,increasing,up,NULL,0.0092,0.92,0.92%,Other,Site,NULL,NULL,NULL,NULL,0,1,1,2025-08-01,2026-07-30 13:05:15.117,2026-07-14 05:00:39.360,0.0092,WH,0
2,6,60,Drawing Volatility ,At-Risk,increasing,up,NULL,0.0102,1.02,1.02%,Other,Site,NULL,NULL,NULL,NULL,0,1,1,2024-09-01,2026-07-30 13:05:15.117,2026-07-14 05:00:39.360,0.0102,XET,0
2,6,60,Drawing Volatility ,At-Risk,increasing,up,NULL,0.0102,1.02,1.02%,Other,Site,NULL,NULL,NULL,NULL,0,1,1,2026-05-01,2026-07-30 13:05:15.117,2026-07-14 05:00:39.360,0.0102,CHO,0
2,6,60,Drawing Volatility ,At-Risk,increasing,up,NULL,0.0104,1.04,1.04%,Other,Site,NULL,NULL,NULL,NULL,0,1,1,2025-09-01,2026-07-30 13:05:15.117,2026-07-14 05:00:39.360,0.0104,AMH,0
2,6,60,Drawing Volatility ,At-Risk,increasing,up,NULL,0.011,1.1,1.10%,Other,Site,NULL,NULL,NULL,NULL,0,1,1,2025-11-01,2026-07-30 13:05:15.117,2026-07-14 05:00:39.360,0.011,AMH,0
2,6,60,Drawing Volatility ,At-Risk,increasing,up,NULL,0.0111,1.11,1.11%,Other,Site,NULL,NULL,NULL,NULL,0,1,1,2026-01-01,2026-07-30 13:05:15.117,2026-07-14 05:00:39.360,0.0111,XET,0
2,6,60,Drawing Volatility ,At-Risk,increasing,up,NULL,0.0112,1.12,1.12%,Other,Site,NULL,NULL,NULL,NULL,0,1,1,2026-02-01,2026-07-30 13:05:15.117,2026-07-14 05:00:39.360,0.0112,XET,0
2,6,60,Drawing Volatility ,At-Risk,increasing,up,NULL,0.0113,1.13,1.13%,Other,Site,NULL,NULL,NULL,NULL,0,1,1,2025-02-01,2026-07-30 13:05:15.117,2026-07-14 05:00:39.360,0.0113,APK,0
2,6,60,Drawing Volatility ,At-Risk,increasing,up,NULL,0.0115,1.15,1.15%,Other,Site,NULL,NULL,NULL,NULL,0,1,1,2025-05-01,2026-07-30 13:05:15.117,2026-07-14 05:00:39.360,0.0115,AMH,0
2,6,60,Drawing Volatility ,At-Risk,increasing,up,NULL,0.0115,1.15,1.15%,Other,Site,NULL,NULL,NULL,NULL,0,1,1,2025-08-01,2026-07-30 13:05:15.117,2026-07-14 05:00:39.360,0.0115,SLC,0
2,6,60,Drawing Volatility ,At-Risk,increasing,up,NULL,0.0116,1.16,1.16%,Other,Site,NULL,NULL,NULL,NULL,0,1,1,2025-02-01,2026-07-30 13:05:15.117,2026-07-14 05:00:39.360,0.0116,SYK,0
2,6,60,Drawing Volatility ,At-Risk,increasing,up,NULL,0.0118,1.18,1.18%,Other,Site,NULL,NULL,NULL,NULL,0,1,1,2026-02-01,2026-07-30 13:05:15.117,2026-07-14 05:00:39.360,0.0118,CHO,0
2,6,60,Drawing Volatility ,At-Risk,increasing,up,NULL,0.0123,1.23,1.23%,Other,Site,NULL,NULL,NULL,NULL,0,1,1,2025-06-01,2026-07-30 13:05:15.117,2026-07-14 05:00:39.360,0.0123,XET,0
2,6,60,Drawing Volatility ,At-Risk,increasing,up,NULL,0.0123,1.23,1.23%,Other,Site,NULL,NULL,NULL,NULL,0,1,1,2026-03-01,2026-07-30 13:05:15.117,2026-07-14 05:00:39.360,0.0123,WH,0
2,6,60,Drawing Volatility ,At-Risk,increasing,up,NULL,0.0129,1.29,1.29%,Other,Site,NULL,NULL,NULL,NULL,0,1,1,2025-07-01,2026-07-30 13:05:15.117,2026-07-14 05:00:39.360,0.0129,AMH,0
2,6,60,Drawing Volatility ,At-Risk,increasing,up,NULL,0.0132,1.32,1.32%,Other,Site,NULL,NULL,NULL,NULL,0,1,1,2026-03-01,2026-07-30 13:05:15.117,2026-07-14 05:00:39.360,0.0132,CHO,0
2,6,60,Drawing Volatility ,At-Risk,increasing,up,NULL,0.0138,1.38,1.38%,Other,Site,NULL,NULL,NULL,NULL,0,1,1,2026-01-01,2026-07-30 13:05:15.117,2026-07-14 05:00:39.360,0.0138,AMH,0
2,6,60,Drawing Volatility ,At-Risk,increasing,up,NULL,0.0144,1.44,1.44%,Other,Site,NULL,NULL,NULL,NULL,0,1,1,2026-03-01,2026-07-30 13:05:15.117,2026-07-14 05:00:39.360,0.0144,AMH,0
2,6,60,Drawing Volatility ,At-Risk,increasing,up,NULL,0.0146,1.46,1.46%,Other,Site,NULL,NULL,NULL,NULL,0,1,1,2025-05-01,2026-07-30 13:05:15.117,2026-07-14 05:00:39.360,0.0146,CHO,0
2,6,60,Drawing Volatility ,At-Risk,increasing,up,NULL,0.0146,1.46,1.46%,Other,Site,NULL,NULL,NULL,NULL,0,1,1,2025-05-01,2026-07-30 13:05:15.117,2026-07-14 05:00:39.360,0.0146,SYK,0
2,6,60,Drawing Volatility ,At-Risk,increasing,up,NULL,0.0152,1.52,1.52%,Other,Site,NULL,NULL,NULL,NULL,0,1,1,2025-06-01,2026-07-30 13:05:15.117,2026-07-14 05:00:39.360,0.0152,SLC,0
2,6,60,Drawing Volatility ,At-Risk,increasing,up,NULL,0.0155,1.55,1.55%,Other,Site,NULL,NULL,NULL,NULL,0,1,1,2026-06-01,2026-07-30 13:05:15.117,2026-07-14 05:00:39.360,0.0155,WH,0
2,6,60,Drawing Volatility ,At-Risk,increasing,up,NULL,0.0157,1.57,1.57%,Other,Site,NULL,NULL,NULL,NULL,0,1,1,2026-04-01,2026-07-30 13:05:15.117,2026-07-14 05:00:39.360,0.0157,AMH,0
2,6,60,Drawing Volatility ,At-Risk,increasing,up,NULL,0.0158,1.58,1.58%,Other,Site,NULL,NULL,NULL,NULL,0,1,1,2024-09-01,2026-07-30 13:05:15.117,2026-07-14 05:00:39.360,0.0158,APK,0
2,6,60,Drawing Volatility ,At-Risk,increasing,up,NULL,0.0161,1.61,1.61%,Other,Site,NULL,NULL,NULL,NULL,0,1,1,2026-07-01,2026-07-30 13:05:15.117,2026-07-14 05:00:39.360,0.0161,XET,1
2,6,60,Drawing Volatility ,At-Risk,increasing,up,NULL,0.0162,1.62,1.62%,Other,Site,NULL,NULL,NULL,NULL,0,1,1,2025-03-01,2026-07-30 13:05:15.117,2026-07-14 05:00:39.360,0.0162,SYK,0
2,6,60,Drawing Volatility ,At-Risk,increasing,up,NULL,0.0171,1.71,1.71%,Other,Site,NULL,NULL,NULL,NULL,0,1,1,2026-01-01,2026-07-30 13:05:15.117,2026-07-14 05:00:39.360,0.0171,SYK,0
2,6,60,Drawing Volatility ,At-Risk,increasing,up,NULL,0.0176,1.76,1.76%,Other,Site,NULL,NULL,NULL,NULL,0,1,1,2026-05-01,2026-07-30 13:05:15.117,2026-07-14 05:00:39.360,0.0176,XET,0
2,6,60,Drawing Volatility ,At-Risk,increasing,up,NULL,0.0188,1.88,1.88%,Other,Site,NULL,NULL,NULL,NULL,0,1,1,2024-11-01,2026-07-30 13:05:15.117,2026-07-14 05:00:39.360,0.0188,APK,0
2,6,60,Drawing Volatility ,At-Risk,increasing,up,NULL,0.0188,1.88,1.88%,Other,Site,NULL,NULL,NULL,NULL,0,1,1,2026-03-01,2026-07-30 13:05:15.117,2026-07-14 05:00:39.360,0.0188,XET,0
2,6,60,Drawing Volatility ,At-Risk,increasing,up,NULL,0.0193,1.93,1.93%,Other,Site,NULL,NULL,NULL,NULL,0,1,1,2025-04-01,2026-07-30 13:05:15.117,2026-07-14 05:00:39.360,0.0193,APK,0
2,6,60,Drawing Volatility ,At-Risk,increasing,up,NULL,0.0195,1.95,1.95%,Other,Site,NULL,NULL,NULL,NULL,0,1,1,2024-10-01,2026-07-30 13:05:15.117,2026-07-14 05:00:39.360,0.0195,XET,0
2,6,60,Drawing Volatility ,At-Risk,increasing,up,NULL,0.0195,1.95,1.95%,Other,Site,NULL,NULL,NULL,NULL,0,1,1,2025-07-01,2026-07-30 13:05:15.117,2026-07-14 05:00:39.360,0.0195,XET,0
2,6,60,Drawing Volatility ,At-Risk,increasing,up,NULL,0.0198,1.98,1.98%,Other,Site,NULL,NULL,NULL,NULL,0,1,1,2025-01-01,2026-07-30 13:05:15.117,2026-07-14 05:00:39.360,0.0198,XET,0
2,6,60,Drawing Volatility ,At-Risk,increasing,up,NULL,0.0199,1.99,1.99%,Other,Site,NULL,NULL,NULL,NULL,0,1,1,2025-09-01,2026-07-30 13:05:15.117,2026-07-14 05:00:39.360,0.0199,SYK,0
2,6,60,Drawing Volatility ,At-Risk,increasing,up,NULL,0.0201,2.01,2.01%,Other,Site,NULL,NULL,NULL,NULL,0,1,1,2026-05-01,2026-07-30 13:05:15.117,2026-07-14 05:00:39.360,0.0201,APK,0
2,6,60,Drawing Volatility ,At-Risk,increasing,up,NULL,0.0209,2.09,2.09%,Other,Site,NULL,NULL,NULL,NULL,0,1,1,2025-08-01,2026-07-30 13:05:15.117,2026-07-14 05:00:39.360,0.0209,APK,0
2,6,60,Drawing Volatility ,At-Risk,increasing,up,NULL,0.0211,2.11,2.11%,Other,Site,NULL,NULL,NULL,NULL,0,1,1,2025-06-01,2026-07-30 13:05:15.117,2026-07-14 05:00:39.360,0.0211,SYK,0
2,6,60,Drawing Volatility ,At-Risk,increasing,up,NULL,0.0229,2.29,2.29%,Other,Site,NULL,NULL,NULL,NULL,0,1,1,2024-10-01,2026-07-30 13:05:15.117,2026-07-14 05:00:39.360,0.0229,CHO,0
2,6,60,Drawing Volatility ,At-Risk,increasing,up,NULL,0.0233,2.33,2.33%,Other,Site,NULL,NULL,NULL,NULL,0,1,1,2026-05-01,2026-07-30 13:05:15.117,2026-07-14 05:00:39.360,0.0233,SVL,0
2,6,60,Drawing Volatility ,At-Risk,increasing,up,NULL,0.0242,2.42,2.42%,Other,Site,NULL,NULL,NULL,NULL,0,1,1,2026-03-01,2026-07-30 13:05:15.117,2026-07-14 05:00:39.360,0.0242,APK,0
2,6,60,Drawing Volatility ,At-Risk,increasing,up,NULL,0.0251,2.51,2.51%,Other,Site,NULL,NULL,NULL,NULL,0,1,1,2026-01-01,2026-07-30 13:05:15.117,2026-07-14 05:00:39.360,0.0251,APK,0
2,6,60,Drawing Volatility ,At-Risk,increasing,up,NULL,0.0254,2.54,2.54%,Other,Site,NULL,NULL,NULL,NULL,0,1,1,2026-06-01,2026-07-30 13:05:15.117,2026-07-14 05:00:39.360,0.0254,AMH,0
2,6,60,Drawing Volatility ,At-Risk,increasing,up,NULL,0.0263,2.63,2.63%,Other,Site,NULL,NULL,NULL,NULL,0,1,1,2025-10-01,2026-07-30 13:05:15.117,2026-07-14 05:00:39.360,0.0263,SYK,0
2,6,60,Drawing Volatility ,At-Risk,increasing,up,NULL,0.027,2.7,2.70%,Other,Site,NULL,NULL,NULL,NULL,0,1,1,2025-09-01,2026-07-30 13:05:15.117,2026-07-14 05:00:39.360,0.027,XET,0
2,6,60,Drawing Volatility ,At-Risk,increasing,up,NULL,0.0293,2.93,2.93%,Other,Site,NULL,NULL,NULL,NULL,0,1,1,2025-02-01,2026-07-30 13:05:15.117,2026-07-14 05:00:39.360,0.0293,XET,0
2,6,60,Drawing Volatility ,At-Risk,increasing,up,NULL,0.0311,3.11,3.11%,Other,Site,NULL,NULL,NULL,NULL,0,1,1,2025-11-01,2026-07-30 13:05:15.117,2026-07-14 05:00:39.360,0.0311,APK,0
2,6,60,Drawing Volatility ,At-Risk,increasing,up,NULL,0.037,3.7,3.70%,Other,Site,NULL,NULL,NULL,NULL,0,1,1,2025-07-01,2026-07-30 13:05:15.117,2026-07-14 05:00:39.360,0.037,SYK,0
2,6,60,Drawing Volatility ,At-Risk,increasing,up,NULL,0.0385,3.85,3.85%,Other,Site,NULL,NULL,NULL,NULL,0,1,1,2026-06-01,2026-07-30 13:05:15.117,2026-07-14 05:00:39.360,0.0385,SYK,0
2,6,60,Drawing Volatility ,At-Risk,increasing,up,NULL,0.047,4.7,4.70%,Other,Site,NULL,NULL,NULL,NULL,0,1,1,2026-02-01,2026-07-30 13:05:15.117,2026-07-14 05:00:39.360,0.047,SYK,0
2,6,60,Drawing Volatility ,At-Risk,increasing,up,NULL,0.0588,5.88,5.88%,Other,Site,NULL,NULL,NULL,NULL,0,1,1,2024-10-01,2026-07-30 13:05:15.117,2026-07-14 05:00:39.360,0.0588,SLC,0
2,6,60,Drawing Volatility ,At-Risk,increasing,up,NULL,0.1429,14.29,14.29%,Other,Site,NULL,NULL,NULL,NULL,0,1,1,2024-08-01,2026-07-30 13:05:15.117,2026-07-14 05:00:39.360,0.1429,SLC,0
2,6,60,Drawing Volatility ,At-Risk,stable,stable,NULL,0,0,0.00%,Other,Site,NULL,NULL,NULL,NULL,0,1,1,2024-08-01,2026-07-30 13:05:15.117,2026-07-14 05:00:39.360,0,BWI,0
2,6,60,Drawing Volatility ,At-Risk,stable,stable,NULL,0,0,0.00%,Other,Site,NULL,NULL,NULL,NULL,0,1,1,2024-08-01,2026-07-30 13:05:15.117,2026-07-14 05:00:39.360,0,RM,0
2,6,60,Drawing Volatility ,At-Risk,stable,stable,NULL,0,0,0.00%,Other,Site,NULL,NULL,NULL,NULL,0,1,1,2024-08-01,2026-07-30 13:05:15.117,2026-07-14 05:00:39.360,0,SVL,0
2,6,60,Drawing Volatility ,At-Risk,stable,stable,NULL,0,0,0.00%,Other,Site,NULL,NULL,NULL,NULL,0,1,1,2024-08-01,2026-07-30 13:05:15.117,2026-07-14 05:00:39.360,0,SYK,0
2,6,60,Drawing Volatility ,At-Risk,stable,stable,NULL,0,0,0.00%,Other,Site,NULL,NULL,NULL,NULL,0,1,1,2024-08-01,2026-07-30 13:05:15.117,2026-07-14 05:00:39.360,0,TRY,0
2,6,60,Drawing Volatility ,At-Risk,stable,stable,NULL,0,0,0.00%,Other,Site,NULL,NULL,NULL,NULL,0,1,1,2024-09-01,2026-07-30 13:05:15.117,2026-07-14 05:00:39.360,0,BWI,0
2,6,60,Drawing Volatility ,At-Risk,stable,stable,NULL,0,0,0.00%,Other,Site,NULL,NULL,NULL,NULL,0,1,1,2024-09-01,2026-07-30 13:05:15.117,2026-07-14 05:00:39.360,0,RM,0
2,6,60,Drawing Volatility ,At-Risk,stable,stable,NULL,0,0,0.00%,Other,Site,NULL,NULL,NULL,NULL,0,1,1,2024-09-01,2026-07-30 13:05:15.117,2026-07-14 05:00:39.360,0,SVL,0
2,6,60,Drawing Volatility ,At-Risk,stable,stable,NULL,0,0,0.00%,Other,Site,NULL,NULL,NULL,NULL,0,1,1,2024-09-01,2026-07-30 13:05:15.117,2026-07-14 05:00:39.360,0,SYK,0
2,6,60,Drawing Volatility ,At-Risk,stable,stable,NULL,0,0,0.00%,Other,Site,NULL,NULL,NULL,NULL,0,1,1,2024-09-01,2026-07-30 13:05:15.117,2026-07-14 05:00:39.360,0,TRY,0
2,6,60,Drawing Volatility ,At-Risk,stable,stable,NULL,0,0,0.00%,Other,Site,NULL,NULL,NULL,NULL,0,1,1,2024-10-01,2026-07-30 13:05:15.117,2026-07-14 05:00:39.360,0,BWI,0
2,6,60,Drawing Volatility ,At-Risk,stable,stable,NULL,0,0,0.00%,Other,Site,NULL,NULL,NULL,NULL,0,1,1,2024-10-01,2026-07-30 13:05:15.117,2026-07-14 05:00:39.360,0,RM,0
2,6,60,Drawing Volatility ,At-Risk,stable,stable,NULL,0,0,0.00%,Other,Site,NULL,NULL,NULL,NULL,0,1,1,2024-10-01,2026-07-30 13:05:15.117,2026-07-14 05:00:39.360,0,SVL,0
2,6,60,Drawing Volatility ,At-Risk,stable,stable,NULL,0,0,0.00%,Other,Site,NULL,NULL,NULL,NULL,0,1,1,2024-10-01,2026-07-30 13:05:15.117,2026-07-14 05:00:39.360,0,SYK,0
2,6,60,Drawing Volatility ,At-Risk,stable,stable,NULL,0,0,0.00%,Other,Site,NULL,NULL,NULL,NULL,0,1,1,2024-10-01,2026-07-30 13:05:15.117,2026-07-14 05:00:39.360,0,TRY,0
2,6,60,Drawing Volatility ,At-Risk,stable,stable,NULL,0,0,0.00%,Other,Site,NULL,NULL,NULL,NULL,0,1,1,2024-11-01,2026-07-30 13:05:15.117,2026-07-14 05:00:39.360,0,BWI,0
2,6,60,Drawing Volatility ,At-Risk,stable,stable,NULL,0,0,0.00%,Other,Site,NULL,NULL,NULL,NULL,0,1,1,2024-11-01,2026-07-30 13:05:15.117,2026-07-14 05:00:39.360,0,RM,0
2,6,60,Drawing Volatility ,At-Risk,stable,stable,NULL,0,0,0.00%,Other,Site,NULL,NULL,NULL,NULL,0,1,1,2024-11-01,2026-07-30 13:05:15.117,2026-07-14 05:00:39.360,0,SVL,0
2,6,60,Drawing Volatility ,At-Risk,stable,stable,NULL,0,0,0.00%,Other,Site,NULL,NULL,NULL,NULL,0,1,1,2024-11-01,2026-07-30 13:05:15.117,2026-07-14 05:00:39.360,0,SYK,0
2,6,60,Drawing Volatility ,At-Risk,stable,stable,NULL,0,0,0.00%,Other,Site,NULL,NULL,NULL,NULL,0,1,1,2024-11-01,2026-07-30 13:05:15.117,2026-07-14 05:00:39.360,0,TRY,0
2,6,60,Drawing Volatility ,At-Risk,stable,stable,NULL,0,0,0.00%,Other,Site,NULL,NULL,NULL,NULL,0,1,1,2024-12-01,2026-07-30 13:05:15.117,2026-07-14 05:00:39.360,0,BWI,0
2,6,60,Drawing Volatility ,At-Risk,stable,stable,NULL,0,0,0.00%,Other,Site,NULL,NULL,NULL,NULL,0,1,1,2024-12-01,2026-07-30 13:05:15.117,2026-07-14 05:00:39.360,0,RM,0
2,6,60,Drawing Volatility ,At-Risk,stable,stable,NULL,0,0,0.00%,Other,Site,NULL,NULL,NULL,NULL,0,1,1,2024-12-01,2026-07-30 13:05:15.117,2026-07-14 05:00:39.360,0,SLC,0
2,6,60,Drawing Volatility ,At-Risk,stable,stable,NULL,0,0,0.00%,Other,Site,NULL,NULL,NULL,NULL,0,1,1,2024-12-01,2026-07-30 13:05:15.117,2026-07-14 05:00:39.360,0,SVL,0
2,6,60,Drawing Volatility ,At-Risk,stable,stable,NULL,0,0,0.00%,Other,Site,NULL,NULL,NULL,NULL,0,1,1,2024-12-01,2026-07-30 13:05:15.117,2026-07-14 05:00:39.360,0,TRY,0
2,6,60,Drawing Volatility ,At-Risk,stable,stable,NULL,0,0,0.00%,Other,Site,NULL,NULL,NULL,NULL,0,1,1,2025-01-01,2026-07-30 13:05:15.117,2026-07-14 05:00:39.360,0,BWI,0
2,6,60,Drawing Volatility ,At-Risk,stable,stable,NULL,0,0,0.00%,Other,Site,NULL,NULL,NULL,NULL,0,1,1,2025-01-01,2026-07-30 13:05:15.117,2026-07-14 05:00:39.360,0,RM,0
2,6,60,Drawing Volatility ,At-Risk,stable,stable,NULL,0,0,0.00%,Other,Site,NULL,NULL,NULL,NULL,0,1,1,2025-01-01,2026-07-30 13:05:15.117,2026-07-14 05:00:39.360,0,SLC,0
2,6,60,Drawing Volatility ,At-Risk,stable,stable,NULL,0,0,0.00%,Other,Site,NULL,NULL,NULL,NULL,0,1,1,2025-01-01,2026-07-30 13:05:15.117,2026-07-14 05:00:39.360,0,SVL,0
2,6,60,Drawing Volatility ,At-Risk,stable,stable,NULL,0,0,0.00%,Other,Site,NULL,NULL,NULL,NULL,0,1,1,2025-01-01,2026-07-30 13:05:15.117,2026-07-14 05:00:39.360,0,TRY,0
2,6,60,Drawing Volatility ,At-Risk,stable,stable,NULL,0,0,0.00%,Other,Site,NULL,NULL,NULL,NULL,0,1,1,2025-02-01,2026-07-30 13:05:15.117,2026-07-14 05:00:39.360,0,CHO,0
2,6,60,Drawing Volatility ,At-Risk,stable,stable,NULL,0,0,0.00%,Other,Site,NULL,NULL,NULL,NULL,0,1,1,2025-02-01,2026-07-30 13:05:15.117,2026-07-14 05:00:39.360,0,RM,0
2,6,60,Drawing Volatility ,At-Risk,stable,stable,NULL,0,0,0.00%,Other,Site,NULL,NULL,NULL,NULL,0,1,1,2025-02-01,2026-07-30 13:05:15.117,2026-07-14 05:00:39.360,0,SLC,0
2,6,60,Drawing Volatility ,At-Risk,stable,stable,NULL,0,0,0.00%,Other,Site,NULL,NULL,NULL,NULL,0,1,1,2025-02-01,2026-07-30 13:05:15.117,2026-07-14 05:00:39.360,0,SVL,0
2,6,60,Drawing Volatility ,At-Risk,stable,stable,NULL,0,0,0.00%,Other,Site,NULL,NULL,NULL,NULL,0,1,1,2025-02-01,2026-07-30 13:05:15.117,2026-07-14 05:00:39.360,0,TRY,0
2,6,60,Drawing Volatility ,At-Risk,stable,stable,NULL,0,0,0.00%,Other,Site,NULL,NULL,NULL,NULL,0,1,1,2025-03-01,2026-07-30 13:05:15.117,2026-07-14 05:00:39.360,0,RM,0
2,6,60,Drawing Volatility ,At-Risk,stable,stable,NULL,0,0,0.00%,Other,Site,NULL,NULL,NULL,NULL,0,1,1,2025-03-01,2026-07-30 13:05:15.117,2026-07-14 05:00:39.360,0,SLC,0
2,6,60,Drawing Volatility ,At-Risk,stable,stable,NULL,0,0,0.00%,Other,Site,NULL,NULL,NULL,NULL,0,1,1,2025-03-01,2026-07-30 13:05:15.117,2026-07-14 05:00:39.360,0,SVL,0
2,6,60,Drawing Volatility ,At-Risk,stable,stable,NULL,0,0,0.00%,Other,Site,NULL,NULL,NULL,NULL,0,1,1,2025-03-01,2026-07-30 13:05:15.117,2026-07-14 05:00:39.360,0,TRY,0
2,6,60,Drawing Volatility ,At-Risk,stable,stable,NULL,0,0,0.00%,Other,Site,NULL,NULL,NULL,NULL,0,1,1,2025-04-01,2026-07-30 13:05:15.117,2026-07-14 05:00:39.360,0,BWI,0
2,6,60,Drawing Volatility ,At-Risk,stable,stable,NULL,0,0,0.00%,Other,Site,NULL,NULL,NULL,NULL,0,1,1,2025-04-01,2026-07-30 13:05:15.117,2026-07-14 05:00:39.360,0,RM,0
2,6,60,Drawing Volatility ,At-Risk,stable,stable,NULL,0,0,0.00%,Other,Site,NULL,NULL,NULL,NULL,0,1,1,2025-04-01,2026-07-30 13:05:15.117,2026-07-14 05:00:39.360,0,SLC,0
2,6,60,Drawing Volatility ,At-Risk,stable,stable,NULL,0,0,0.00%,Other,Site,NULL,NULL,NULL,NULL,0,1,1,2025-04-01,2026-07-30 13:05:15.117,2026-07-14 05:00:39.360,0,SVL,0
2,6,60,Drawing Volatility ,At-Risk,stable,stable,NULL,0,0,0.00%,Other,Site,NULL,NULL,NULL,NULL,0,1,1,2025-04-01,2026-07-30 13:05:15.117,2026-07-14 05:00:39.360,0,TRY,0
2,6,60,Drawing Volatility ,At-Risk,stable,stable,NULL,0,0,0.00%,Other,Site,NULL,NULL,NULL,NULL,0,1,1,2025-05-01,2026-07-30 13:05:15.117,2026-07-14 05:00:39.360,0,RM,0
2,6,60,Drawing Volatility ,At-Risk,stable,stable,NULL,0,0,0.00%,Other,Site,NULL,NULL,NULL,NULL,0,1,1,2025-05-01,2026-07-30 13:05:15.117,2026-07-14 05:00:39.360,0,SLC,0
2,6,60,Drawing Volatility ,At-Risk,stable,stable,NULL,0,0,0.00%,Other,Site,NULL,NULL,NULL,NULL,0,1,1,2025-05-01,2026-07-30 13:05:15.117,2026-07-14 05:00:39.360,0,SVL,0
2,6,60,Drawing Volatility ,At-Risk,stable,stable,NULL,0,0,0.00%,Other,Site,NULL,NULL,NULL,NULL,0,1,1,2025-05-01,2026-07-30 13:05:15.117,2026-07-14 05:00:39.360,0,TRY,0
2,6,60,Drawing Volatility ,At-Risk,stable,stable,NULL,0,0,0.00%,Other,Site,NULL,NULL,NULL,NULL,0,1,1,2025-06-01,2026-07-30 13:05:15.117,2026-07-14 05:00:39.360,0,RM,0
2,6,60,Drawing Volatility ,At-Risk,stable,stable,NULL,0,0,0.00%,Other,Site,NULL,NULL,NULL,NULL,0,1,1,2025-06-01,2026-07-30 13:05:15.117,2026-07-14 05:00:39.360,0,SVL,0
2,6,60,Drawing Volatility ,At-Risk,stable,stable,NULL,0,0,0.00%,Other,Site,NULL,NULL,NULL,NULL,0,1,1,2025-06-01,2026-07-30 13:05:15.117,2026-07-14 05:00:39.360,0,TRY,0
2,6,60,Drawing Volatility ,At-Risk,stable,stable,NULL,0,0,0.00%,Other,Site,NULL,NULL,NULL,NULL,0,1,1,2025-07-01,2026-07-30 13:05:15.117,2026-07-14 05:00:39.360,0,RM,0
2,6,60,Drawing Volatility ,At-Risk,stable,stable,NULL,0,0,0.00%,Other,Site,NULL,NULL,NULL,NULL,0,1,1,2025-07-01,2026-07-30 13:05:15.117,2026-07-14 05:00:39.360,0,SVL,0
2,6,60,Drawing Volatility ,At-Risk,stable,stable,NULL,0,0,0.00%,Other,Site,NULL,NULL,NULL,NULL,0,1,1,2025-07-01,2026-07-30 13:05:15.117,2026-07-14 05:00:39.360,0,TRY,0
2,6,60,Drawing Volatility ,At-Risk,stable,stable,NULL,0,0,0.00%,Other,Site,NULL,NULL,NULL,NULL,0,1,1,2025-08-01,2026-07-30 13:05:15.117,2026-07-14 05:00:39.360,0,RM,0
2,6,60,Drawing Volatility ,At-Risk,stable,stable,NULL,0,0,0.00%,Other,Site,NULL,NULL,NULL,NULL,0,1,1,2025-08-01,2026-07-30 13:05:15.117,2026-07-14 05:00:39.360,0,SVL,0
2,6,60,Drawing Volatility ,At-Risk,stable,stable,NULL,0,0,0.00%,Other,Site,NULL,NULL,NULL,NULL,0,1,1,2025-08-01,2026-07-30 13:05:15.117,2026-07-14 05:00:39.360,0,TRY,0
2,6,60,Drawing Volatility ,At-Risk,stable,stable,NULL,0,0,0.00%,Other,Site,NULL,NULL,NULL,NULL,0,1,1,2025-09-01,2026-07-30 13:05:15.117,2026-07-14 05:00:39.360,0,RM,0
2,6,60,Drawing Volatility ,At-Risk,stable,stable,NULL,0,0,0.00%,Other,Site,NULL,NULL,NULL,NULL,0,1,1,2025-09-01,2026-07-30 13:05:15.117,2026-07-14 05:00:39.360,0,SVL,0
2,6,60,Drawing Volatility ,At-Risk,stable,stable,NULL,0,0,0.00%,Other,Site,NULL,NULL,NULL,NULL,0,1,1,2025-09-01,2026-07-30 13:05:15.117,2026-07-14 05:00:39.360,0,TRY,0
2,6,60,Drawing Volatility ,At-Risk,stable,stable,NULL,0,0,0.00%,Other,Site,NULL,NULL,NULL,NULL,0,1,1,2025-10-01,2026-07-30 13:05:15.117,2026-07-14 05:00:39.360,0,RM,0
2,6,60,Drawing Volatility ,At-Risk,stable,stable,NULL,0,0,0.00%,Other,Site,NULL,NULL,NULL,NULL,0,1,1,2025-10-01,2026-07-30 13:05:15.117,2026-07-14 05:00:39.360,0,SLC,0
2,6,60,Drawing Volatility ,At-Risk,stable,stable,NULL,0,0,0.00%,Other,Site,NULL,NULL,NULL,NULL,0,1,1,2025-10-01,2026-07-30 13:05:15.117,2026-07-14 05:00:39.360,0,SVL,0
2,6,60,Drawing Volatility ,At-Risk,stable,stable,NULL,0,0,0.00%,Other,Site,NULL,NULL,NULL,NULL,0,1,1,2025-10-01,2026-07-30 13:05:15.117,2026-07-14 05:00:39.360,0,TRY,0
2,6,60,Drawing Volatility ,At-Risk,stable,stable,NULL,0,0,0.00%,Other,Site,NULL,NULL,NULL,NULL,0,1,1,2025-11-01,2026-07-30 13:05:15.117,2026-07-14 05:00:39.360,0,RM,0
2,6,60,Drawing Volatility ,At-Risk,stable,stable,NULL,0,0,0.00%,Other,Site,NULL,NULL,NULL,NULL,0,1,1,2025-11-01,2026-07-30 13:05:15.117,2026-07-14 05:00:39.360,0,SVL,0
2,6,60,Drawing Volatility ,At-Risk,stable,stable,NULL,0,0,0.00%,Other,Site,NULL,NULL,NULL,NULL,0,1,1,2025-11-01,2026-07-30 13:05:15.117,2026-07-14 05:00:39.360,0,TRY,0
2,6,60,Drawing Volatility ,At-Risk,stable,stable,NULL,0,0,0.00%,Other,Site,NULL,NULL,NULL,NULL,0,1,1,2025-12-01,2026-07-30 13:05:15.117,2026-07-14 05:00:39.360,0,RM,0
2,6,60,Drawing Volatility ,At-Risk,stable,stable,NULL,0,0,0.00%,Other,Site,NULL,NULL,NULL,NULL,0,1,1,2025-12-01,2026-07-30 13:05:15.117,2026-07-14 05:00:39.360,0,SVL,0
2,6,60,Drawing Volatility ,At-Risk,stable,stable,NULL,0,0,0.00%,Other,Site,NULL,NULL,NULL,NULL,0,1,1,2025-12-01,2026-07-30 13:05:15.117,2026-07-14 05:00:39.360,0,TRY,0
2,6,60,Drawing Volatility ,At-Risk,stable,stable,NULL,0,0,0.00%,Other,Site,NULL,NULL,NULL,NULL,0,1,1,2026-01-01,2026-07-30 13:05:15.117,2026-07-14 05:00:39.360,0,RM,0
2,6,60,Drawing Volatility ,At-Risk,stable,stable,NULL,0,0,0.00%,Other,Site,NULL,NULL,NULL,NULL,0,1,1,2026-01-01,2026-07-30 13:05:15.117,2026-07-14 05:00:39.360,0,SLC,0
2,6,60,Drawing Volatility ,At-Risk,stable,stable,NULL,0,0,0.00%,Other,Site,NULL,NULL,NULL,NULL,0,1,1,2026-01-01,2026-07-30 13:05:15.117,2026-07-14 05:00:39.360,0,TRY,0
2,6,60,Drawing Volatility ,At-Risk,stable,stable,NULL,0,0,0.00%,Other,Site,NULL,NULL,NULL,NULL,0,1,1,2026-02-01,2026-07-30 13:05:15.117,2026-07-14 05:00:39.360,0,RM,0
2,6,60,Drawing Volatility ,At-Risk,stable,stable,NULL,0,0,0.00%,Other,Site,NULL,NULL,NULL,NULL,0,1,1,2026-02-01,2026-07-30 13:05:15.117,2026-07-14 05:00:39.360,0,TRY,0
2,6,60,Drawing Volatility ,At-Risk,stable,stable,NULL,0,0,0.00%,Other,Site,NULL,NULL,NULL,NULL,0,1,1,2026-03-01,2026-07-30 13:05:15.117,2026-07-14 05:00:39.360,0,RM,0
2,6,60,Drawing Volatility ,At-Risk,stable,stable,NULL,0,0,0.00%,Other,Site,NULL,NULL,NULL,NULL,0,1,1,2026-03-01,2026-07-30 13:05:15.117,2026-07-14 05:00:39.360,0,TRY,0
2,6,60,Drawing Volatility ,At-Risk,stable,stable,NULL,0,0,0.00%,Other,Site,NULL,NULL,NULL,NULL,0,1,1,2026-04-01,2026-07-30 13:05:15.117,2026-07-14 05:00:39.360,0,RM,0
2,6,60,Drawing Volatility ,At-Risk,stable,stable,NULL,0,0,0.00%,Other,Site,NULL,NULL,NULL,NULL,0,1,1,2026-04-01,2026-07-30 13:05:15.117,2026-07-14 05:00:39.360,0,SLC,0
2,6,60,Drawing Volatility ,At-Risk,stable,stable,NULL,0,0,0.00%,Other,Site,NULL,NULL,NULL,NULL,0,1,1,2026-04-01,2026-07-30 13:05:15.117,2026-07-14 05:00:39.360,0,TRY,0
2,6,60,Drawing Volatility ,At-Risk,stable,stable,NULL,0,0,0.00%,Other,Site,NULL,NULL,NULL,NULL,0,1,1,2026-05-01,2026-07-30 13:05:15.117,2026-07-14 05:00:39.360,0,RM,0
2,6,60,Drawing Volatility ,At-Risk,stable,stable,NULL,0,0,0.00%,Other,Site,NULL,NULL,NULL,NULL,0,1,1,2026-05-01,2026-07-30 13:05:15.117,2026-07-14 05:00:39.360,0,SLC,0
2,6,60,Drawing Volatility ,At-Risk,stable,stable,NULL,0,0,0.00%,Other,Site,NULL,NULL,NULL,NULL,0,1,1,2026-05-01,2026-07-30 13:05:15.117,2026-07-14 05:00:39.360,0,TRY,0
2,6,60,Drawing Volatility ,At-Risk,stable,stable,NULL,0,0,0.00%,Other,Site,NULL,NULL,NULL,NULL,0,1,1,2026-06-01,2026-07-30 13:05:15.117,2026-07-14 05:00:39.360,0,SLC,0
2,6,60,Drawing Volatility ,At-Risk,stable,stable,NULL,0,0,0.00%,Other,Site,NULL,NULL,NULL,NULL,0,1,1,2026-06-01,2026-07-30 13:05:15.117,2026-07-14 05:00:39.360,0,TRY,0
2,6,60,Drawing Volatility ,At-Risk,stable,stable,NULL,0,0,0.00%,Other,Site,NULL,NULL,NULL,NULL,0,1,1,2026-07-01,2026-07-30 13:05:15.117,2026-07-14 05:00:39.360,0,SLC,1
2,6,60,Drawing Volatility ,At-Risk,stable,stable,NULL,0,0,0.00%,Other,Site,NULL,NULL,NULL,NULL,0,1,1,2026-07-01,2026-07-30 13:05:15.117,2026-07-14 05:00:39.360,0,TRY,1
2,6,60,Drawing Volatility ,At-Risk,stable,stable,NULL,0.0002,0.02,0.02%,Other,Site,NULL,NULL,NULL,NULL,0,1,1,2025-10-01,2026-07-30 13:05:15.117,2026-07-14 05:00:39.360,0.0002,BWI,0
2,6,60,Drawing Volatility ,At-Risk,stable,stable,NULL,0.0002,0.02,0.02%,Other,Site,NULL,NULL,NULL,NULL,0,1,1,2026-01-01,2026-07-30 13:05:15.117,2026-07-14 05:00:39.360,0.0002,BWI,0
2,6,60,Drawing Volatility ,At-Risk,stable,stable,NULL,0.0002,0.02,0.02%,Other,Site,NULL,NULL,NULL,NULL,0,1,1,2026-02-01,2026-07-30 13:05:15.117,2026-07-14 05:00:39.360,0.0002,BWI,0
2,6,60,Drawing Volatility ,At-Risk,stable,stable,NULL,0.0007,0.07,0.07%,Other,Site,NULL,NULL,NULL,NULL,0,1,1,2024-10-01,2026-07-30 13:05:15.117,2026-07-14 05:00:39.360,0.0007,WH,0
2,6,60,Drawing Volatility ,At-Risk,stable,stable,NULL,0.0012,0.12,0.12%,Other,Site,NULL,NULL,NULL,NULL,0,1,1,2025-04-01,2026-07-30 13:05:15.117,2026-07-14 05:00:39.360,0.0012,WH,0
2,6,60,Drawing Volatility ,At-Risk,stable,stable,NULL,0.0014,0.14,0.14%,Other,Site,NULL,NULL,NULL,NULL,0,1,1,2026-07-01,2026-07-30 13:05:15.117,2026-07-14 05:00:39.360,0.0014,CHO,1
2,6,60,Drawing Volatility ,At-Risk,stable,stable,NULL,0.0144,1.44,1.44%,Other,Site,NULL,NULL,NULL,NULL,0,1,1,2025-06-01,2026-07-30 13:05:15.117,2026-07-14 05:00:39.360,0.0144,APK,0
2,6,60,Drawing Volatility ,At-Risk,unk,unk,NULL,0,0,0.00%,Other,Site,NULL,NULL,NULL,NULL,0,1,1,2024-07-01,2026-07-30 13:05:15.117,2026-07-14 05:00:39.360,0,AMH,0
2,6,60,Drawing Volatility ,At-Risk,unk,unk,NULL,0,0,0.00%,Other,Site,NULL,NULL,NULL,NULL,0,1,1,2024-07-01,2026-07-30 13:05:15.117,2026-07-14 05:00:39.360,0,APK,0
2,6,60,Drawing Volatility ,At-Risk,unk,unk,NULL,0,0,0.00%,Other,Site,NULL,NULL,NULL,NULL,0,1,1,2024-07-01,2026-07-30 13:05:15.117,2026-07-14 05:00:39.360,0,BWI,0
2,6,60,Drawing Volatility ,At-Risk,unk,unk,NULL,0,0,0.00%,Other,Site,NULL,NULL,NULL,NULL,0,1,1,2024-07-01,2026-07-30 13:05:15.117,2026-07-14 05:00:39.360,0,CHO,0
2,6,60,Drawing Volatility ,At-Risk,unk,unk,NULL,0,0,0.00%,Other,Site,NULL,NULL,NULL,NULL,0,1,1,2024-07-01,2026-07-30 13:05:15.117,2026-07-14 05:00:39.360,0,RM,0
2,6,60,Drawing Volatility ,At-Risk,unk,unk,NULL,0,0,0.00%,Other,Site,NULL,NULL,NULL,NULL,0,1,1,2024-07-01,2026-07-30 13:05:15.117,2026-07-14 05:00:39.360,0,SLC,0
2,6,60,Drawing Volatility ,At-Risk,unk,unk,NULL,0,0,0.00%,Other,Site,NULL,NULL,NULL,NULL,0,1,1,2024-07-01,2026-07-30 13:05:15.117,2026-07-14 05:00:39.360,0,SVL,0
2,6,60,Drawing Volatility ,At-Risk,unk,unk,NULL,0,0,0.00%,Other,Site,NULL,NULL,NULL,NULL,0,1,1,2024-07-01,2026-07-30 13:05:15.117,2026-07-14 05:00:39.360,0,SYK,0
2,6,60,Drawing Volatility ,At-Risk,unk,unk,NULL,0,0,0.00%,Other,Site,NULL,NULL,NULL,NULL,0,1,1,2024-07-01,2026-07-30 13:05:15.117,2026-07-14 05:00:39.360,0,TRY,0
2,6,60,Drawing Volatility ,At-Risk,unk,unk,NULL,0,0,0.00%,Other,Site,NULL,NULL,NULL,NULL,0,1,1,2024-07-01,2026-07-30 13:05:15.117,2026-07-14 05:00:39.360,0,WH,0
2,6,60,Drawing Volatility ,At-Risk,unk,unk,NULL,0,0,0.00%,Other,Site,NULL,NULL,NULL,NULL,0,1,1,2024-07-01,2026-07-30 13:05:15.117,2026-07-14 05:00:39.360,0,XET,0
2,6,61,Defect Volatility ,Healthy,decreasing,down,0.0%,0.0009,0.09,0.09%,E - Engineering & Science,Site,0.000,0.000,0.000,0.000,0,1,1,2024-12-01,2026-07-30 13:05:15.117,2026-07-14 05:15:36.330,0.0009,MS,0
2,6,61,Defect Volatility ,Healthy,decreasing,down,0.0%,0.0017,0.17,0.17%,E - Engineering & Science,Site,0.000,0.000,0.000,0.000,0,1,1,2024-11-01,2026-07-30 13:05:15.117,2026-07-14 05:15:36.330,0.0017,MS,0
2,6,61,Defect Volatility ,Healthy,decreasing,down,0.0%,0.0017,0.17,0.17%,E - Engineering & Science,Site,0.000,0.000,0.000,0.000,0,1,1,2025-12-01,2026-07-30 13:05:15.117,2026-07-14 05:15:36.330,0.0017,MS,0
2,6,61,Defect Volatility ,Healthy,decreasing,down,0.0%,0.0021,0.21,0.21%,E - Engineering & Science,Site,0.000,0.000,0.000,0.000,0,1,1,2025-04-01,2026-07-30 13:05:15.117,2026-07-14 05:15:36.330,0.0021,MS,0
2,6,61,Defect Volatility ,Healthy,decreasing,down,0.0%,0.0026,0.26,0.26%,E - Engineering & Science,Site,0.000,0.000,0.000,0.000,0,1,1,2025-06-01,2026-07-30 13:05:15.117,2026-07-14 05:15:36.330,0.0026,MS,0
2,6,61,Defect Volatility ,Healthy,decreasing,down,0.0%,0.0027,0.27,0.27%,E - Engineering & Science,Site,0.000,0.000,0.000,0.000,0,1,1,2026-04-01,2026-07-30 13:05:15.117,2026-07-14 05:15:36.330,0.0027,MS,0
2,6,61,Defect Volatility ,Healthy,decreasing,down,0.0%,0.003,0.3,0.30%,E - Engineering & Science,Site,0.000,0.000,0.000,0.000,0,1,1,2025-09-01,2026-07-30 13:05:15.117,2026-07-14 05:15:36.330,0.003,MS,0
2,6,61,Defect Volatility ,Healthy,decreasing,down,0.0%,0.0031,0.31,0.31%,E - Engineering & Science,Site,0.000,0.000,0.000,0.000,0,1,1,2026-07-01,2026-07-30 13:05:15.117,2026-07-14 05:15:36.330,0.0031,MS,1
2,6,61,Defect Volatility ,Healthy,increasing,up,0.0%,0.001,0.1,0.10%,E - Engineering & Science,Site,0.000,0.000,0.000,0.000,0,1,1,2024-08-01,2026-07-30 13:05:15.117,2026-07-14 05:15:36.330,0.001,MS,0
2,6,61,Defect Volatility ,Healthy,increasing,up,0.0%,0.0012,0.12,0.12%,E - Engineering & Science,Site,0.000,0.000,0.000,0.000,0,1,1,2025-01-01,2026-07-30 13:05:15.117,2026-07-14 05:15:36.330,0.0012,MS,0
2,6,61,Defect Volatility ,Healthy,increasing,up,0.0%,0.0014,0.14,0.14%,E - Engineering & Science,Site,0.000,0.000,0.000,0.000,0,1,1,2024-09-01,2026-07-30 13:05:15.117,2026-07-14 05:15:36.330,0.0014,MS,0
2,6,61,Defect Volatility ,Healthy,increasing,up,0.0%,0.0021,0.21,0.21%,E - Engineering & Science,Site,0.000,0.000,0.000,0.000,0,1,1,2025-02-01,2026-07-30 13:05:15.117,2026-07-14 05:15:36.330,0.0021,MS,0
2,6,61,Defect Volatility ,Healthy,increasing,up,0.0%,0.0022,0.22,0.22%,E - Engineering & Science,Site,0.000,0.000,0.000,0.000,0,1,1,2024-10-01,2026-07-30 13:05:15.117,2026-07-14 05:15:36.330,0.0022,MS,0
2,6,61,Defect Volatility ,Healthy,increasing,up,0.0%,0.0022,0.22,0.22%,E - Engineering & Science,Site,0.000,0.000,0.000,0.000,0,1,1,2025-03-01,2026-07-30 13:05:15.117,2026-07-14 05:15:36.330,0.0022,MS,0
2,6,61,Defect Volatility ,Healthy,increasing,up,0.0%,0.0031,0.31,0.31%,E - Engineering & Science,Site,0.000,0.000,0.000,0.000,0,1,1,2025-05-01,2026-07-30 13:05:15.117,2026-07-14 05:15:36.330,0.0031,MS,0
2,6,61,Defect Volatility ,Healthy,increasing,up,0.0%,0.0031,0.31,0.31%,E - Engineering & Science,Site,0.000,0.000,0.000,0.000,0,1,1,2026-05-01,2026-07-30 13:05:15.117,2026-07-14 05:15:36.330,0.0031,MS,0
2,6,61,Defect Volatility ,Healthy,increasing,up,0.0%,0.0032,0.32,0.32%,E - Engineering & Science,Site,0.000,0.000,0.000,0.000,0,1,1,2025-11-01,2026-07-30 13:05:15.117,2026-07-14 05:15:36.330,0.0032,MS,0
2,6,61,Defect Volatility ,Healthy,increasing,up,0.0%,0.0038,0.38,0.38%,E - Engineering & Science,Site,0.000,0.000,0.000,0.000,0,1,1,2025-07-01,2026-07-30 13:05:15.117,2026-07-14 05:15:36.330,0.0038,MS,0
2,6,61,Defect Volatility ,Healthy,increasing,up,0.0%,0.0039,0.39,0.39%,E - Engineering & Science,Site,0.000,0.000,0.000,0.000,0,1,1,2025-08-01,2026-07-30 13:05:15.117,2026-07-14 05:15:36.330,0.0039,MS,0
2,6,61,Defect Volatility ,Healthy,increasing,up,0.0%,0.0039,0.39,0.39%,E - Engineering & Science,Site,0.000,0.000,0.000,0.000,0,1,1,2026-01-01,2026-07-30 13:05:15.117,2026-07-14 05:15:36.330,0.0039,MS,0
2,6,61,Defect Volatility ,Healthy,increasing,up,0.0%,0.004,0.4,0.40%,E - Engineering & Science,Site,0.000,0.000,0.000,0.000,0,1,1,2026-02-01,2026-07-30 13:05:15.117,2026-07-14 05:15:36.330,0.004,MS,0
2,6,61,Defect Volatility ,Healthy,increasing,up,0.0%,0.005,0.5,0.50%,E - Engineering & Science,Site,0.000,0.000,0.000,0.000,0,1,1,2026-03-01,2026-07-30 13:05:15.117,2026-07-14 05:15:36.330,0.005,MS,0
2,6,61,Defect Volatility ,Healthy,increasing,up,0.0%,0.0053,0.53,0.53%,E - Engineering & Science,Site,0.000,0.000,0.000,0.000,0,1,1,2026-06-01,2026-07-30 13:05:15.117,2026-07-14 05:15:36.330,0.0053,MS,0
2,6,61,Defect Volatility ,Healthy,stable,stable,0.0%,0.003,0.3,0.30%,E - Engineering & Science,Site,0.000,0.000,0.000,0.000,0,1,1,2025-10-01,2026-07-30 13:05:15.117,2026-07-14 05:15:36.330,0.003,MS,0
2,6,61,Defect Volatility ,Healthy,unk,unk,0.0%,0,0,0.00%,E - Engineering & Science,Site,0.000,0.000,0.000,0.000,0,1,1,2024-07-01,2026-07-30 13:05:15.117,2026-07-14 05:15:36.330,0,MS,0
2,6,61,Defect Volatility ,Healthy,decreasing,down,0.0%,0,0,0.00%,Other,Site,0.000,0.000,0.000,0.000,0,1,1,2024-09-01,2026-07-30 13:05:15.117,2026-07-14 05:15:36.330,0,AMH,0
2,6,61,Defect Volatility ,Healthy,decreasing,down,0.0%,0,0,0.00%,Other,Site,0.000,0.000,0.000,0.000,0,1,1,2024-09-01,2026-07-30 13:05:15.117,2026-07-14 05:15:36.330,0,CHO,0
2,6,61,Defect Volatility ,Healthy,decreasing,down,0.0%,0,0,0.00%,Other,Site,0.000,0.000,0.000,0.000,0,1,1,2024-09-01,2026-07-30 13:05:15.117,2026-07-14 05:15:36.330,0,SLC,0
2,6,61,Defect Volatility ,Healthy,decreasing,down,0.0%,0,0,0.00%,Other,Site,0.000,0.000,0.000,0.000,0,1,1,2024-11-01,2026-07-30 13:05:15.117,2026-07-14 05:15:36.330,0,CHO,0
2,6,61,Defect Volatility ,Healthy,decreasing,down,0.0%,0,0,0.00%,Other,Site,0.000,0.000,0.000,0.000,0,1,1,2024-11-01,2026-07-30 13:05:15.117,2026-07-14 05:15:36.330,0,SLC,0
2,6,61,Defect Volatility ,Healthy,decreasing,down,0.0%,0,0,0.00%,Other,Site,0.000,0.000,0.000,0.000,0,1,1,2024-11-01,2026-07-30 13:05:15.117,2026-07-14 05:15:36.330,0,WH,0
2,6,61,Defect Volatility ,Healthy,decreasing,down,0.0%,0,0,0.00%,Other,Site,0.000,0.000,0.000,0.000,0,1,1,2025-01-01,2026-07-30 13:05:15.117,2026-07-14 05:15:36.330,0,CHO,0
2,6,61,Defect Volatility ,Healthy,decreasing,down,0.0%,0,0,0.00%,Other,Site,0.000,0.000,0.000,0.000,0,1,1,2025-03-01,2026-07-30 13:05:15.117,2026-07-14 05:15:36.330,0,BWI,0
2,6,61,Defect Volatility ,Healthy,decreasing,down,0.0%,0,0,0.00%,Other,Site,0.000,0.000,0.000,0.000,0,1,1,2025-06-01,2026-07-30 13:05:15.117,2026-07-14 05:15:36.330,0,BWI,0
2,6,61,Defect Volatility ,Healthy,decreasing,down,0.0%,0,0,0.00%,Other,Site,0.000,0.000,0.000,0.000,0,1,1,2025-06-01,2026-07-30 13:05:15.117,2026-07-14 05:15:36.330,0,CHO,0
2,6,61,Defect Volatility ,Healthy,decreasing,down,0.0%,0,0,0.00%,Other,Site,0.000,0.000,0.000,0.000,0,1,1,2025-07-01,2026-07-30 13:05:15.117,2026-07-14 05:15:36.330,0,SLC,0
2,6,61,Defect Volatility ,Healthy,decreasing,down,0.0%,0,0,0.00%,Other,Site,0.000,0.000,0.000,0.000,0,1,1,2025-09-01,2026-07-30 13:05:15.117,2026-07-14 05:15:36.330,0,BWI,0
2,6,61,Defect Volatility ,Healthy,decreasing,down,0.0%,0,0,0.00%,Other,Site,0.000,0.000,0.000,0.000,0,1,1,2025-09-01,2026-07-30 13:05:15.117,2026-07-14 05:15:36.330,0,SLC,0
2,6,61,Defect Volatility ,Healthy,decreasing,down,0.0%,0,0,0.00%,Other,Site,0.000,0.000,0.000,0.000,0,1,1,2025-11-01,2026-07-30 13:05:15.117,2026-07-14 05:15:36.330,0,BWI,0
2,6,61,Defect Volatility ,Healthy,decreasing,down,0.0%,0,0,0.00%,Other,Site,0.000,0.000,0.000,0.000,0,1,1,2025-11-01,2026-07-30 13:05:15.117,2026-07-14 05:15:36.330,0,CHO,0
2,6,61,Defect Volatility ,Healthy,decreasing,down,0.0%,0,0,0.00%,Other,Site,0.000,0.000,0.000,0.000,0,1,1,2025-12-01,2026-07-30 13:05:15.117,2026-07-14 05:15:36.330,0,SLC,0
2,6,61,Defect Volatility ,Healthy,decreasing,down,0.0%,0,0,0.00%,Other,Site,0.000,0.000,0.000,0.000,0,1,1,2025-12-01,2026-07-30 13:05:15.117,2026-07-14 05:15:36.330,0,XET,0
2,6,61,Defect Volatility ,Healthy,decreasing,down,0.0%,0,0,0.00%,Other,Site,0.000,0.000,0.000,0.000,0,1,1,2026-02-01,2026-07-30 13:05:15.117,2026-07-14 05:15:36.330,0,BWI,0
2,6,61,Defect Volatility ,Healthy,decreasing,down,0.0%,0,0,0.00%,Other,Site,0.000,0.000,0.000,0.000,0,1,1,2026-02-01,2026-07-30 13:05:15.117,2026-07-14 05:15:36.330,0,SVL,0
2,6,61,Defect Volatility ,Healthy,decreasing,down,0.0%,0,0,0.00%,Other,Site,0.000,0.000,0.000,0.000,0,1,1,2026-03-01,2026-07-30 13:05:15.117,2026-07-14 05:15:36.330,0,SLC,0
2,6,61,Defect Volatility ,Healthy,decreasing,down,0.0%,0,0,0.00%,Other,Site,0.000,0.000,0.000,0.000,0,1,1,2026-04-01,2026-07-30 13:05:15.117,2026-07-14 05:15:36.330,0,SVL,0
2,6,61,Defect Volatility ,Healthy,decreasing,down,0.0%,0,0,0.00%,Other,Site,0.000,0.000,0.000,0.000,0,1,1,2026-06-01,2026-07-30 13:05:15.117,2026-07-14 05:15:36.330,0,BWI,0
2,6,61,Defect Volatility ,Healthy,decreasing,down,0.0%,0,0,0.00%,Other,Site,0.000,0.000,0.000,0.000,0,1,1,2026-07-01,2026-07-30 13:05:15.117,2026-07-14 05:15:36.330,0,SVL,1
2,6,61,Defect Volatility ,Healthy,decreasing,down,0.0%,0.0005,0.05,0.05%,Other,Site,0.000,0.000,0.000,0.000,0,1,1,2024-12-01,2026-07-30 13:05:15.117,2026-07-14 05:15:36.330,0.0005,AMH,0
2,6,61,Defect Volatility ,Healthy,decreasing,down,0.0%,0.0014,0.14,0.14%,Other,Site,0.000,0.000,0.000,0.000,0,1,1,2026-06-01,2026-07-30 13:05:15.117,2026-07-14 05:15:36.330,0.0014,CHO,0
2,6,61,Defect Volatility ,Healthy,decreasing,down,0.0%,0.0018,0.18,0.18%,Other,Site,0.000,0.000,0.000,0.000,0,1,1,2025-02-01,2026-07-30 13:05:15.117,2026-07-14 05:15:36.330,0.0018,AMH,0
2,6,61,Defect Volatility ,Healthy,decreasing,down,0.0%,0.0024,0.24,0.24%,Other,Site,0.000,0.000,0.000,0.000,0,1,1,2024-11-01,2026-07-30 13:05:15.117,2026-07-14 05:15:36.330,0.0024,AMH,0
2,6,61,Defect Volatility ,Healthy,decreasing,down,0.0%,0.0025,0.25,0.25%,Other,Site,0.000,0.000,0.000,0.000,0,1,1,2025-08-01,2026-07-30 13:05:15.117,2026-07-14 05:15:36.330,0.0025,XET,0
2,6,61,Defect Volatility ,Healthy,decreasing,down,0.0%,0.0025,0.25,0.25%,Other,Site,0.000,0.000,0.000,0.000,0,1,1,2026-05-01,2026-07-30 13:05:15.117,2026-07-14 05:15:36.330,0.0025,AMH,0
2,6,61,Defect Volatility ,Healthy,decreasing,down,0.0%,0.0026,0.26,0.26%,Other,Site,0.000,0.000,0.000,0.000,0,1,1,2026-04-01,2026-07-30 13:05:15.117,2026-07-14 05:15:36.330,0.0026,APK,0
2,6,61,Defect Volatility ,Healthy,decreasing,down,0.0%,0.0027,0.27,0.27%,Other,Site,0.000,0.000,0.000,0.000,0,1,1,2025-11-01,2026-07-30 13:05:15.117,2026-07-14 05:15:36.330,0.0027,WH,0
2,6,61,Defect Volatility ,Healthy,decreasing,down,0.0%,0.0028,0.28,0.28%,Other,Site,0.000,0.000,0.000,0.000,0,1,1,2025-09-01,2026-07-30 13:05:15.117,2026-07-14 05:15:36.330,0.0028,WH,0
2,6,61,Defect Volatility ,Healthy,decreasing,down,0.0%,0.0028,0.28,0.28%,Other,Site,0.000,0.000,0.000,0.000,0,1,1,2025-10-01,2026-07-30 13:05:15.117,2026-07-14 05:15:36.330,0.0028,AMH,0
2,6,61,Defect Volatility ,Healthy,decreasing,down,0.0%,0.0029,0.29,0.29%,Other,Site,0.000,0.000,0.000,0.000,0,1,1,2026-04-01,2026-07-30 13:05:15.117,2026-07-14 05:15:36.330,0.0029,CHO,0
2,6,61,Defect Volatility ,Healthy,decreasing,down,0.0%,0.003,0.3,0.30%,Other,Site,0.000,0.000,0.000,0.000,0,1,1,2025-10-01,2026-07-30 13:05:15.117,2026-07-14 05:15:36.330,0.003,CHO,0
2,6,61,Defect Volatility ,Healthy,decreasing,down,0.0%,0.0032,0.32,0.32%,Other,Site,0.000,0.000,0.000,0.000,0,1,1,2025-04-01,2026-07-30 13:05:15.117,2026-07-14 05:15:36.330,0.0032,AMH,0
2,6,61,Defect Volatility ,Healthy,decreasing,down,0.0%,0.0032,0.32,0.32%,Other,Site,0.000,0.000,0.000,0.000,0,1,1,2025-12-01,2026-07-30 13:05:15.117,2026-07-14 05:15:36.330,0.0032,AMH,0
2,6,61,Defect Volatility ,Healthy,decreasing,down,0.0%,0.0037,0.37,0.37%,Other,Site,0.000,0.000,0.000,0.000,0,1,1,2025-07-01,2026-07-30 13:05:15.117,2026-07-14 05:15:36.330,0.0037,WH,0
2,6,61,Defect Volatility ,Healthy,decreasing,down,0.0%,0.0039,0.39,0.39%,Other,Site,0.000,0.000,0.000,0.000,0,1,1,2026-04-01,2026-07-30 13:05:15.117,2026-07-14 05:15:36.330,0.0039,XET,0
2,6,61,Defect Volatility ,Healthy,decreasing,down,0.0%,0.0042,0.42,0.42%,Other,Site,0.000,0.000,0.000,0.000,0,1,1,2025-06-01,2026-07-30 13:05:15.117,2026-07-14 05:15:36.330,0.0042,AMH,0
2,6,61,Defect Volatility ,Healthy,decreasing,down,0.0%,0.0042,0.42,0.42%,Other,Site,0.000,0.000,0.000,0.000,0,1,1,2026-05-01,2026-07-30 13:05:15.117,2026-07-14 05:15:36.330,0.0042,WH,0
2,6,61,Defect Volatility ,Healthy,decreasing,down,0.0%,0.0046,0.46,0.46%,Other,Site,0.000,0.000,0.000,0.000,0,1,1,2025-08-01,2026-07-30 13:05:15.117,2026-07-14 05:15:36.330,0.0046,AMH,0
2,6,61,Defect Volatility ,Healthy,decreasing,down,0.0%,0.0049,0.49,0.49%,Other,Site,0.000,0.000,0.000,0.000,0,1,1,2025-04-01,2026-07-30 13:05:15.117,2026-07-14 05:15:36.330,0.0049,XET,0
2,6,61,Defect Volatility ,Healthy,decreasing,down,0.0%,0.0049,0.49,0.49%,Other,Site,0.000,0.000,0.000,0.000,0,1,1,2025-06-01,2026-07-30 13:05:15.117,2026-07-14 05:15:36.330,0.0049,XET,0
2,6,61,Defect Volatility ,Healthy,decreasing,down,0.0%,0.0049,0.49,0.49%,Other,Site,0.000,0.000,0.000,0.000,0,1,1,2026-02-01,2026-07-30 13:05:15.117,2026-07-14 05:15:36.330,0.0049,AMH,0
2,6,61,Defect Volatility ,Healthy,decreasing,down,0.0%,0.005,0.5,0.50%,Other,Site,0.000,0.000,0.000,0.000,0,1,1,2025-09-01,2026-07-30 13:05:15.117,2026-07-14 05:15:36.330,0.005,CHO,0
2,6,61,Defect Volatility ,Healthy,decreasing,down,0.0%,0.0051,0.51,0.51%,Other,Site,0.000,0.000,0.000,0.000,0,1,1,2024-12-01,2026-07-30 13:05:15.117,2026-07-14 05:15:36.330,0.0051,XET,0
2,6,61,Defect Volatility ,Healthy,decreasing,down,0.0%,0.0052,0.52,0.52%,Other,Site,0.000,0.000,0.000,0.000,0,1,1,2025-04-01,2026-07-30 13:05:15.117,2026-07-14 05:15:36.330,0.0052,SYK,0
2,6,61,Defect Volatility ,Healthy,decreasing,down,0.0%,0.0055,0.55,0.55%,Other,Site,0.000,0.000,0.000,0.000,0,1,1,2025-11-01,2026-07-30 13:05:15.117,2026-07-14 05:15:36.330,0.0055,XET,0
2,6,61,Defect Volatility ,Healthy,decreasing,down,0.0%,0.0057,0.57,0.57%,Other,Site,0.000,0.000,0.000,0.000,0,1,1,2026-06-01,2026-07-30 13:05:15.117,2026-07-14 05:15:36.330,0.0057,SVL,0
2,6,61,Defect Volatility ,Healthy,decreasing,down,0.0%,0.0063,0.63,0.63%,Other,Site,0.000,0.000,0.000,0.000,0,1,1,2025-01-01,2026-07-30 13:05:15.117,2026-07-14 05:15:36.330,0.0063,APK,0
2,6,61,Defect Volatility ,Healthy,decreasing,down,0.0%,0.0063,0.63,0.63%,Other,Site,0.000,0.000,0.000,0.000,0,1,1,2026-07-01,2026-07-30 13:05:15.117,2026-07-14 05:15:36.330,0.0063,AMH,1
2,6,61,Defect Volatility ,Healthy,decreasing,down,0.0%,0.0064,0.64,0.64%,Other,Site,0.000,0.000,0.000,0.000,0,1,1,2026-07-01,2026-07-30 13:05:15.117,2026-07-14 05:15:36.330,0.0064,APK,1
2,6,61,Defect Volatility ,Healthy,decreasing,down,0.0%,0.0065,0.65,0.65%,Other,Site,0.000,0.000,0.000,0.000,0,1,1,2026-07-01,2026-07-30 13:05:15.117,2026-07-14 05:15:36.330,0.0065,WH,1
2,6,61,Defect Volatility ,Healthy,decreasing,down,0.0%,0.0069,0.69,0.69%,Other,Site,0.000,0.000,0.000,0.000,0,1,1,2025-08-01,2026-07-30 13:05:15.117,2026-07-14 05:15:36.330,0.0069,CHO,0
2,6,61,Defect Volatility ,Healthy,decreasing,down,0.0%,0.0071,0.71,0.71%,Other,Site,0.000,0.000,0.000,0.000,0,1,1,2026-04-01,2026-07-30 13:05:15.117,2026-07-14 05:15:36.330,0.0071,AMH,0
2,6,61,Defect Volatility ,Healthy,decreasing,down,0.0%,0.0075,0.75,0.75%,Other,Site,0.000,0.000,0.000,0.000,0,1,1,2024-12-01,2026-07-30 13:05:15.117,2026-07-14 05:15:36.330,0.0075,APK,0
2,6,61,Defect Volatility ,Healthy,decreasing,down,0.0%,0.0075,0.75,0.75%,Other,Site,0.000,0.000,0.000,0.000,0,1,1,2025-03-01,2026-07-30 13:05:15.117,2026-07-14 05:15:36.330,0.0075,APK,0
2,6,61,Defect Volatility ,Healthy,decreasing,down,0.0%,0.0076,0.76,0.76%,Other,Site,0.000,0.000,0.000,0.000,0,1,1,2024-11-01,2026-07-30 13:05:15.117,2026-07-14 05:15:36.330,0.0076,XET,0
2,6,61,Defect Volatility ,Healthy,decreasing,down,0.0%,0.0082,0.82,0.82%,Other,Site,0.000,0.000,0.000,0.000,0,1,1,2026-04-01,2026-07-30 13:05:15.117,2026-07-14 05:15:36.330,0.0082,WH,0
2,6,61,Defect Volatility ,Healthy,decreasing,down,0.0%,0.0085,0.85,0.85%,Other,Site,0.000,0.000,0.000,0.000,0,1,1,2025-12-01,2026-07-30 13:05:15.117,2026-07-14 05:15:36.330,0.0085,APK,0
2,6,61,Defect Volatility ,Healthy,decreasing,down,0.0%,0.0097,0.97,0.97%,Other,Site,0.000,0.000,0.000,0.000,0,1,1,2024-10-01,2026-07-30 13:05:15.117,2026-07-14 05:15:36.330,0.0097,XET,0
2,6,61,Defect Volatility ,Healthy,decreasing,down,0.0%,0.0098,0.98,0.98%,Other,Site,0.000,0.000,0.000,0.000,0,1,1,2026-05-01,2026-07-30 13:05:15.117,2026-07-14 05:15:36.330,0.0098,SYK,0
2,6,61,Defect Volatility ,Healthy,decreasing,down,0.0%,0.0099,0.99,0.99%,Other,Site,0.000,0.000,0.000,0.000,0,1,1,2026-04-01,2026-07-30 13:05:15.117,2026-07-14 05:15:36.330,0.0099,SYK,0
2,6,61,Defect Volatility ,Healthy,decreasing,down,0.0%,0.01,1,1.00%,Other,Site,0.000,0.000,0.000,0.000,0,1,1,2025-08-01,2026-07-30 13:05:15.117,2026-07-14 05:15:36.330,0.01,SYK,0
2,6,61,Defect Volatility ,Healthy,decreasing,down,0.0%,0.0102,1.02,1.02%,Other,Site,0.000,0.000,0.000,0.000,0,1,1,2026-07-01,2026-07-30 13:05:15.117,2026-07-14 05:15:36.330,0.0102,SYK,1
2,6,61,Defect Volatility ,Healthy,decreasing,down,0.0%,0.0121,1.21,1.21%,Other,Site,0.000,0.000,0.000,0.000,0,1,1,2025-03-01,2026-07-30 13:05:15.117,2026-07-14 05:15:36.330,0.0121,XET,0
2,6,61,Defect Volatility ,Healthy,decreasing,down,0.0%,0.0122,1.22,1.22%,Other,Site,0.000,0.000,0.000,0.000,0,1,1,2025-05-01,2026-07-30 13:05:15.117,2026-07-14 05:15:36.330,0.0122,APK,0
2,6,61,Defect Volatility ,Healthy,decreasing,down,0.0%,0.0126,1.26,1.26%,Other,Site,0.000,0.000,0.000,0.000,0,1,1,2025-07-01,2026-07-30 13:05:15.117,2026-07-14 05:15:36.330,0.0126,APK,0
2,6,61,Defect Volatility ,Healthy,decreasing,down,0.0%,0.0128,1.28,1.28%,Other,Site,0.000,0.000,0.000,0.000,0,1,1,2024-10-01,2026-07-30 13:05:15.117,2026-07-14 05:15:36.330,0.0128,APK,0
2,6,61,Defect Volatility ,Healthy,decreasing,down,0.0%,0.0133,1.33,1.33%,Other,Site,0.000,0.000,0.000,0.000,0,1,1,2025-12-01,2026-07-30 13:05:15.117,2026-07-14 05:15:36.330,0.0133,SYK,0
2,6,61,Defect Volatility ,Healthy,decreasing,down,0.0%,0.0135,1.35,1.35%,Other,Site,0.000,0.000,0.000,0.000,0,1,1,2026-06-01,2026-07-30 13:05:15.117,2026-07-14 05:15:36.330,0.0135,APK,0
2,6,61,Defect Volatility ,Healthy,decreasing,down,0.0%,0.0144,1.44,1.44%,Other,Site,0.000,0.000,0.000,0.000,0,1,1,2025-10-01,2026-07-30 13:05:15.117,2026-07-14 05:15:36.330,0.0144,APK,0
2,6,61,Defect Volatility ,Healthy,decreasing,down,0.0%,0.0158,1.58,1.58%,Other,Site,0.000,0.000,0.000,0.000,0,1,1,2026-02-01,2026-07-30 13:05:15.117,2026-07-14 05:15:36.330,0.0158,APK,0
2,6,61,Defect Volatility ,Healthy,decreasing,down,0.0%,0.0166,1.66,1.66%,Other,Site,0.000,0.000,0.000,0.000,0,1,1,2025-09-01,2026-07-30 13:05:15.117,2026-07-14 05:15:36.330,0.0166,APK,0
2,6,61,Defect Volatility ,Healthy,decreasing,down,0.0%,0.0195,1.95,1.95%,Other,Site,0.000,0.000,0.000,0.000,0,1,1,2026-03-01,2026-07-30 13:05:15.117,2026-07-14 05:15:36.330,0.0195,SYK,0
2,6,61,Defect Volatility ,Healthy,decreasing,down,0.0%,0.0196,1.96,1.96%,Other,Site,0.000,0.000,0.000,0.000,0,1,1,2025-11-01,2026-07-30 13:05:15.117,2026-07-14 05:15:36.330,0.0196,SYK,0
2,6,61,Defect Volatility ,Healthy,increasing,up,0.0%,0.0002,0.02,0.02%,Other,Site,0.000,0.000,0.000,0.000,0,1,1,2025-10-01,2026-07-30 13:05:15.117,2026-07-14 05:15:36.330,0.0002,BWI,0
2,6,61,Defect Volatility ,Healthy,increasing,up,0.0%,0.0002,0.02,0.02%,Other,Site,0.000,0.000,0.000,0.000,0,1,1,2026-01-01,2026-07-30 13:05:15.117,2026-07-14 05:15:36.330,0.0002,BWI,0
2,6,61,Defect Volatility ,Healthy,increasing,up,0.0%,0.0002,0.02,0.02%,Other,Site,0.000,0.000,0.000,0.000,0,1,1,2026-04-01,2026-07-30 13:05:15.117,2026-07-14 05:15:36.330,0.0002,BWI,0
2,6,61,Defect Volatility ,Healthy,increasing,up,0.0%,0.0003,0.03,0.03%,Other,Site,0.000,0.000,0.000,0.000,0,1,1,2024-08-01,2026-07-30 13:05:15.117,2026-07-14 05:15:36.330,0.0003,WH,0
2,6,61,Defect Volatility ,Healthy,increasing,up,0.0%,0.0003,0.03,0.03%,Other,Site,0.000,0.000,0.000,0.000,0,1,1,2024-12-01,2026-07-30 13:05:15.117,2026-07-14 05:15:36.330,0.0003,WH,0
2,6,61,Defect Volatility ,Healthy,increasing,up,0.0%,0.0003,0.03,0.03%,Other,Site,0.000,0.000,0.000,0.000,0,1,1,2025-02-01,2026-07-30 13:05:15.117,2026-07-14 05:15:36.330,0.0003,BWI,0
2,6,61,Defect Volatility ,Healthy,increasing,up,0.0%,0.0004,0.04,0.04%,Other,Site,0.000,0.000,0.000,0.000,0,1,1,2025-01-01,2026-07-30 13:05:15.117,2026-07-14 05:15:36.330,0.0004,WH,0
2,6,61,Defect Volatility ,Healthy,increasing,up,0.0%,0.0004,0.04,0.04%,Other,Site,0.000,0.000,0.000,0.000,0,1,1,2025-07-01,2026-07-30 13:05:15.117,2026-07-14 05:15:36.330,0.0004,BWI,0
2,6,61,Defect Volatility ,Healthy,increasing,up,0.0%,0.0007,0.07,0.07%,Other,Site,0.000,0.000,0.000,0.000,0,1,1,2024-09-01,2026-07-30 13:05:15.117,2026-07-14 05:15:36.330,0.0007,WH,0
2,6,61,Defect Volatility ,Healthy,increasing,up,0.0%,0.0007,0.07,0.07%,Other,Site,0.000,0.000,0.000,0.000,0,1,1,2025-08-01,2026-07-30 13:05:15.117,2026-07-14 05:15:36.330,0.0007,BWI,0
2,6,61,Defect Volatility ,Healthy,increasing,up,0.0%,0.0007,0.07,0.07%,Other,Site,0.000,0.000,0.000,0.000,0,1,1,2026-06-01,2026-07-30 13:05:15.117,2026-07-14 05:15:36.330,0.0007,RM,0
2,6,61,Defect Volatility ,Healthy,increasing,up,0.0%,0.0009,0.09,0.09%,Other,Site,0.000,0.000,0.000,0.000,0,1,1,2025-05-01,2026-07-30 13:05:15.117,2026-07-14 05:15:36.330,0.0009,BWI,0
2,6,61,Defect Volatility ,Healthy,increasing,up,0.0%,0.001,0.1,0.10%,Other,Site,0.000,0.000,0.000,0.000,0,1,1,2024-08-01,2026-07-30 13:05:15.117,2026-07-14 05:15:36.330,0.001,AMH,0
2,6,61,Defect Volatility ,Healthy,increasing,up,0.0%,0.0011,0.11,0.11%,Other,Site,0.000,0.000,0.000,0.000,0,1,1,2025-02-01,2026-07-30 13:05:15.117,2026-07-14 05:15:36.330,0.0011,WH,0
2,6,61,Defect Volatility ,Healthy,increasing,up,0.0%,0.0012,0.12,0.12%,Other,Site,0.000,0.000,0.000,0.000,0,1,1,2025-03-01,2026-07-30 13:05:15.117,2026-07-14 05:15:36.330,0.0012,WH,0
2,6,61,Defect Volatility ,Healthy,increasing,up,0.0%,0.0014,0.14,0.14%,Other,Site,0.000,0.000,0.000,0.000,0,1,1,2026-07-01,2026-07-30 13:05:15.117,2026-07-14 05:15:36.330,0.0014,RM,1
2,6,61,Defect Volatility ,Healthy,increasing,up,0.0%,0.0015,0.15,0.15%,Other,Site,0.000,0.000,0.000,0.000,0,1,1,2025-12-01,2026-07-30 13:05:15.117,2026-07-14 05:15:36.330,0.0015,CHO,0
2,6,61,Defect Volatility ,Healthy,increasing,up,0.0%,0.0019,0.19,0.19%,Other,Site,0.000,0.000,0.000,0.000,0,1,1,2025-01-01,2026-07-30 13:05:15.117,2026-07-14 05:15:36.330,0.0019,AMH,0
2,6,61,Defect Volatility ,Healthy,increasing,up,0.0%,0.0025,0.25,0.25%,Other,Site,0.000,0.000,0.000,0.000,0,1,1,2025-05-01,2026-07-30 13:05:15.117,2026-07-14 05:15:36.330,0.0025,WH,0
2,6,61,Defect Volatility ,Healthy,increasing,up,0.0%,0.0028,0.28,0.28%,Other,Site,0.000,0.000,0.000,0.000,0,1,1,2025-03-01,2026-07-30 13:05:15.117,2026-07-14 05:15:36.330,0.0028,CHO,0
2,6,61,Defect Volatility ,Healthy,increasing,up,0.0%,0.0034,0.34,0.34%,Other,Site,0.000,0.000,0.000,0.000,0,1,1,2025-12-01,2026-07-30 13:05:15.117,2026-07-14 05:15:36.330,0.0034,WH,0
2,6,61,Defect Volatility ,Healthy,increasing,up,0.0%,0.0038,0.38,0.38%,Other,Site,0.000,0.000,0.000,0.000,0,1,1,2024-10-01,2026-07-30 13:05:15.117,2026-07-14 05:15:36.330,0.0038,AMH,0
2,6,61,Defect Volatility ,Healthy,increasing,up,0.0%,0.0039,0.39,0.39%,Other,Site,0.000,0.000,0.000,0.000,0,1,1,2025-06-01,2026-07-30 13:05:15.117,2026-07-14 05:15:36.330,0.0039,WH,0
2,6,61,Defect Volatility ,Healthy,increasing,up,0.0%,0.004,0.4,0.40%,Other,Site,0.000,0.000,0.000,0.000,0,1,1,2024-08-01,2026-07-30 13:05:15.117,2026-07-14 05:15:36.330,0.004,XET,0
2,6,61,Defect Volatility ,Healthy,increasing,up,0.0%,0.004,0.4,0.40%,Other,Site,0.000,0.000,0.000,0.000,0,1,1,2026-01-01,2026-07-30 13:05:15.117,2026-07-14 05:15:36.330,0.004,WH,0
2,6,61,Defect Volatility ,Healthy,increasing,up,0.0%,0.0044,0.44,0.44%,Other,Site,0.000,0.000,0.000,0.000,0,1,1,2025-10-01,2026-07-30 13:05:15.117,2026-07-14 05:15:36.330,0.0044,WH,0
2,6,61,Defect Volatility ,Healthy,increasing,up,0.0%,0.0044,0.44,0.44%,Other,Site,0.000,0.000,0.000,0.000,0,1,1,2026-01-01,2026-07-30 13:05:15.117,2026-07-14 05:15:36.330,0.0044,CHO,0
2,6,61,Defect Volatility ,Healthy,increasing,up,0.0%,0.0047,0.47,0.47%,Other,Site,0.000,0.000,0.000,0.000,0,1,1,2025-09-01,2026-07-30 13:05:15.117,2026-07-14 05:15:36.330,0.0047,AMH,0
2,6,61,Defect Volatility ,Healthy,increasing,up,0.0%,0.0049,0.49,0.49%,Other,Site,0.000,0.000,0.000,0.000,0,1,1,2025-04-01,2026-07-30 13:05:15.117,2026-07-14 05:15:36.330,0.0049,CHO,0
2,6,61,Defect Volatility ,Healthy,increasing,up,0.0%,0.005,0.5,0.50%,Other,Site,0.000,0.000,0.000,0.000,0,1,1,2025-05-01,2026-07-30 13:05:15.117,2026-07-14 05:15:36.330,0.005,XET,0
2,6,61,Defect Volatility ,Healthy,increasing,up,0.0%,0.0055,0.55,0.55%,Other,Site,0.000,0.000,0.000,0.000,0,1,1,2025-03-01,2026-07-30 13:05:15.117,2026-07-14 05:15:36.330,0.0055,AMH,0
2,6,61,Defect Volatility ,Healthy,increasing,up,0.0%,0.0056,0.56,0.56%,Other,Site,0.000,0.000,0.000,0.000,0,1,1,2026-01-01,2026-07-30 13:05:15.117,2026-07-14 05:15:36.330,0.0056,XET,0
2,6,61,Defect Volatility ,Healthy,increasing,up,0.0%,0.0058,0.58,0.58%,Other,Site,0.000,0.000,0.000,0.000,0,1,1,2024-12-01,2026-07-30 13:05:15.117,2026-07-14 05:15:36.330,0.0058,SYK,0
2,6,61,Defect Volatility ,Healthy,increasing,up,0.0%,0.0058,0.58,0.58%,Other,Site,0.000,0.000,0.000,0.000,0,1,1,2026-02-01,2026-07-30 13:05:15.117,2026-07-14 05:15:36.330,0.0058,WH,0
2,6,61,Defect Volatility ,Healthy,increasing,up,0.0%,0.0059,0.59,0.59%,Other,Site,0.000,0.000,0.000,0.000,0,1,1,2025-01-01,2026-07-30 13:05:15.117,2026-07-14 05:15:36.330,0.0059,SYK,0
2,6,61,Defect Volatility ,Healthy,increasing,up,0.0%,0.0061,0.61,0.61%,Other,Site,0.000,0.000,0.000,0.000,0,1,1,2024-12-01,2026-07-30 13:05:15.117,2026-07-14 05:15:36.330,0.0061,CHO,0
2,6,61,Defect Volatility ,Healthy,increasing,up,0.0%,0.0062,0.62,0.62%,Other,Site,0.000,0.000,0.000,0.000,0,1,1,2026-01-01,2026-07-30 13:05:15.117,2026-07-14 05:15:36.330,0.0062,SVL,0
2,6,61,Defect Volatility ,Healthy,increasing,up,0.0%,0.0064,0.64,0.64%,Other,Site,0.000,0.000,0.000,0.000,0,1,1,2025-05-01,2026-07-30 13:05:15.117,2026-07-14 05:15:36.330,0.0064,AMH,0
2,6,61,Defect Volatility ,Healthy,increasing,up,0.0%,0.0067,0.67,0.67%,Other,Site,0.000,0.000,0.000,0.000,0,1,1,2025-11-01,2026-07-30 13:05:15.117,2026-07-14 05:15:36.330,0.0067,AMH,0
2,6,61,Defect Volatility ,Healthy,increasing,up,0.0%,0.0069,0.69,0.69%,Other,Site,0.000,0.000,0.000,0.000,0,1,1,2025-07-01,2026-07-30 13:05:15.117,2026-07-14 05:15:36.330,0.0069,AMH,0
2,6,61,Defect Volatility ,Healthy,increasing,up,0.0%,0.0069,0.69,0.69%,Other,Site,0.000,0.000,0.000,0.000,0,1,1,2025-11-01,2026-07-30 13:05:15.117,2026-07-14 05:15:36.330,0.0069,SLC,0
2,6,61,Defect Volatility ,Healthy,increasing,up,0.0%,0.007,0.7,0.70%,Other,Site,0.000,0.000,0.000,0.000,0,1,1,2024-08-01,2026-07-30 13:05:15.117,2026-07-14 05:15:36.330,0.007,APK,0
2,6,61,Defect Volatility ,Healthy,increasing,up,0.0%,0.007,0.7,0.70%,Other,Site,0.000,0.000,0.000,0.000,0,1,1,2026-02-01,2026-07-30 13:05:15.117,2026-07-14 05:15:36.330,0.007,SLC,0
2,6,61,Defect Volatility ,Healthy,increasing,up,0.0%,0.0074,0.74,0.74%,Other,Site,0.000,0.000,0.000,0.000,0,1,1,2025-07-01,2026-07-30 13:05:15.117,2026-07-14 05:15:36.330,0.0074,CHO,0
2,6,61,Defect Volatility ,Healthy,increasing,up,0.0%,0.0075,0.75,0.75%,Other,Site,0.000,0.000,0.000,0.000,0,1,1,2026-02-01,2026-07-30 13:05:15.117,2026-07-14 05:15:36.330,0.0075,XET,0
2,6,61,Defect Volatility ,Healthy,increasing,up,0.0%,0.0078,0.78,0.78%,Other,Site,0.000,0.000,0.000,0.000,0,1,1,2025-08-01,2026-07-30 13:05:15.117,2026-07-14 05:15:36.330,0.0078,WH,0
2,6,61,Defect Volatility ,Healthy,increasing,up,0.0%,0.0081,0.81,0.81%,Other,Site,0.000,0.000,0.000,0.000,0,1,1,2026-03-01,2026-07-30 13:05:15.117,2026-07-14 05:15:36.330,0.0081,SVL,0
2,6,61,Defect Volatility ,Healthy,increasing,up,0.0%,0.0084,0.84,0.84%,Other,Site,0.000,0.000,0.000,0.000,0,1,1,2026-06-01,2026-07-30 13:05:15.117,2026-07-14 05:15:36.330,0.0084,WH,0
2,6,61,Defect Volatility ,Healthy,increasing,up,0.0%,0.0086,0.86,0.86%,Other,Site,0.000,0.000,0.000,0.000,0,1,1,2026-01-01,2026-07-30 13:05:15.117,2026-07-14 05:15:36.330,0.0086,AMH,0
2,6,61,Defect Volatility ,Healthy,increasing,up,0.0%,0.0089,0.89,0.89%,Other,Site,0.000,0.000,0.000,0.000,0,1,1,2024-08-01,2026-07-30 13:05:15.117,2026-07-14 05:15:36.330,0.0089,CHO,0
2,6,61,Defect Volatility ,Healthy,increasing,up,0.0%,0.0089,0.89,0.89%,Other,Site,0.000,0.000,0.000,0.000,0,1,1,2026-03-01,2026-07-30 13:05:15.117,2026-07-14 05:15:36.330,0.0089,AMH,0
2,6,61,Defect Volatility ,Healthy,increasing,up,0.0%,0.0097,0.97,0.97%,Other,Site,0.000,0.000,0.000,0.000,0,1,1,2025-05-01,2026-07-30 13:05:15.117,2026-07-14 05:15:36.330,0.0097,SYK,0
2,6,61,Defect Volatility ,Healthy,increasing,up,0.0%,0.0099,0.99,0.99%,Other,Site,0.000,0.000,0.000,0.000,0,1,1,2026-03-01,2026-07-30 13:05:15.117,2026-07-14 05:15:36.330,0.0099,WH,0
2,6,61,Defect Volatility ,Healthy,increasing,up,0.0%,0.01,1,1.00%,Other,Site,0.000,0.000,0.000,0.000,0,1,1,2025-02-01,2026-07-30 13:05:15.117,2026-07-14 05:15:36.330,0.01,APK,0
2,6,61,Defect Volatility ,Healthy,increasing,up,0.0%,0.0102,1.02,1.02%,Other,Site,0.000,0.000,0.000,0.000,0,1,1,2024-09-01,2026-07-30 13:05:15.117,2026-07-14 05:15:36.330,0.0102,XET,0
2,6,61,Defect Volatility ,Healthy,increasing,up,0.0%,0.0102,1.02,1.02%,Other,Site,0.000,0.000,0.000,0.000,0,1,1,2026-05-01,2026-07-30 13:05:15.117,2026-07-14 05:15:36.330,0.0102,CHO,0
2,6,61,Defect Volatility ,Healthy,increasing,up,0.0%,0.0104,1.04,1.04%,Other,Site,0.000,0.000,0.000,0.000,0,1,1,2026-02-01,2026-07-30 13:05:15.117,2026-07-14 05:15:36.330,0.0104,CHO,0
2,6,61,Defect Volatility ,Healthy,increasing,up,0.0%,0.0112,1.12,1.12%,Other,Site,0.000,0.000,0.000,0.000,0,1,1,2025-09-01,2026-07-30 13:05:15.117,2026-07-14 05:15:36.330,0.0112,XET,0
2,6,61,Defect Volatility ,Healthy,increasing,up,0.0%,0.0113,1.13,1.13%,Other,Site,0.000,0.000,0.000,0.000,0,1,1,2026-03-01,2026-07-30 13:05:15.117,2026-07-14 05:15:36.330,0.0113,XET,0
2,6,61,Defect Volatility ,Healthy,increasing,up,0.0%,0.0115,1.15,1.15%,Other,Site,0.000,0.000,0.000,0.000,0,1,1,2025-08-01,2026-07-30 13:05:15.117,2026-07-14 05:15:36.330,0.0115,SLC,0
2,6,61,Defect Volatility ,Healthy,increasing,up,0.0%,0.0116,1.16,1.16%,Other,Site,0.000,0.000,0.000,0.000,0,1,1,2025-02-01,2026-07-30 13:05:15.117,2026-07-14 05:15:36.330,0.0116,SYK,0
2,6,61,Defect Volatility ,Healthy,increasing,up,0.0%,0.0116,1.16,1.16%,Other,Site,0.000,0.000,0.000,0.000,0,1,1,2026-05-01,2026-07-30 13:05:15.117,2026-07-14 05:15:36.330,0.0116,SVL,0
2,6,61,Defect Volatility ,Healthy,increasing,up,0.0%,0.0123,1.23,1.23%,Other,Site,0.000,0.000,0.000,0.000,0,1,1,2025-01-01,2026-07-30 13:05:15.117,2026-07-14 05:15:36.330,0.0123,XET,0
2,6,61,Defect Volatility ,Healthy,increasing,up,0.0%,0.0125,1.25,1.25%,Other,Site,0.000,0.000,0.000,0.000,0,1,1,2025-05-01,2026-07-30 13:05:15.117,2026-07-14 05:15:36.330,0.0125,CHO,0
2,6,61,Defect Volatility ,Healthy,increasing,up,0.0%,0.0128,1.28,1.28%,Other,Site,0.000,0.000,0.000,0.000,0,1,1,2025-10-01,2026-07-30 13:05:15.117,2026-07-14 05:15:36.330,0.0128,XET,0
2,6,61,Defect Volatility ,Healthy,increasing,up,0.0%,0.0132,1.32,1.32%,Other,Site,0.000,0.000,0.000,0.000,0,1,1,2026-03-01,2026-07-30 13:05:15.117,2026-07-14 05:15:36.330,0.0132,CHO,0
2,6,61,Defect Volatility ,Healthy,increasing,up,0.0%,0.0133,1.33,1.33%,Other,Site,0.000,0.000,0.000,0.000,0,1,1,2025-06-01,2026-07-30 13:05:15.117,2026-07-14 05:15:36.330,0.0133,APK,0
2,6,61,Defect Volatility ,Healthy,increasing,up,0.0%,0.0137,1.37,1.37%,Other,Site,0.000,0.000,0.000,0.000,0,1,1,2026-05-01,2026-07-30 13:05:15.117,2026-07-14 05:15:36.330,0.0137,XET,0
2,6,61,Defect Volatility ,Healthy,increasing,up,0.0%,0.0138,1.38,1.38%,Other,Site,0.000,0.000,0.000,0.000,0,1,1,2026-05-01,2026-07-30 13:05:15.117,2026-07-14 05:15:36.330,0.0138,APK,0
2,6,61,Defect Volatility ,Healthy,increasing,up,0.0%,0.014,1.4,1.40%,Other,Site,0.000,0.000,0.000,0.000,0,1,1,2026-06-01,2026-07-30 13:05:15.117,2026-07-14 05:15:36.330,0.014,AMH,0
2,6,61,Defect Volatility ,Healthy,increasing,up,0.0%,0.0141,1.41,1.41%,Other,Site,0.000,0.000,0.000,0.000,0,1,1,2026-07-01,2026-07-30 13:05:15.117,2026-07-14 05:15:36.330,0.0141,XET,1
2,6,61,Defect Volatility ,Healthy,increasing,up,0.0%,0.0145,1.45,1.45%,Other,Site,0.000,0.000,0.000,0.000,0,1,1,2024-09-01,2026-07-30 13:05:15.117,2026-07-14 05:15:36.330,0.0145,APK,0
2,6,61,Defect Volatility ,Healthy,increasing,up,0.0%,0.0146,1.46,1.46%,Other,Site,0.000,0.000,0.000,0.000,0,1,1,2025-07-01,2026-07-30 13:05:15.117,2026-07-14 05:15:36.330,0.0146,XET,0
2,6,61,Defect Volatility ,Healthy,increasing,up,0.0%,0.0152,1.52,1.52%,Other,Site,0.000,0.000,0.000,0.000,0,1,1,2025-06-01,2026-07-30 13:05:15.117,2026-07-14 05:15:36.330,0.0152,SLC,0
2,6,61,Defect Volatility ,Healthy,increasing,up,0.0%,0.0162,1.62,1.62%,Other,Site,0.000,0.000,0.000,0.000,0,1,1,2025-03-01,2026-07-30 13:05:15.117,2026-07-14 05:15:36.330,0.0162,SYK,0
2,6,61,Defect Volatility ,Healthy,increasing,up,0.0%,0.0165,1.65,1.65%,Other,Site,0.000,0.000,0.000,0.000,0,1,1,2026-03-01,2026-07-30 13:05:15.117,2026-07-14 05:15:36.330,0.0165,APK,0
2,6,61,Defect Volatility ,Healthy,increasing,up,0.0%,0.017,1.7,1.70%,Other,Site,0.000,0.000,0.000,0.000,0,1,1,2025-04-01,2026-07-30 13:05:15.117,2026-07-14 05:15:36.330,0.017,APK,0
2,6,61,Defect Volatility ,Healthy,increasing,up,0.0%,0.0171,1.71,1.71%,Other,Site,0.000,0.000,0.000,0.000,0,1,1,2026-01-01,2026-07-30 13:05:15.117,2026-07-14 05:15:36.330,0.0171,SYK,0
2,6,61,Defect Volatility ,Healthy,increasing,up,0.0%,0.0176,1.76,1.76%,Other,Site,0.000,0.000,0.000,0.000,0,1,1,2024-11-01,2026-07-30 13:05:15.117,2026-07-14 05:15:36.330,0.0176,APK,0
2,6,61,Defect Volatility ,Healthy,increasing,up,0.0%,0.0191,1.91,1.91%,Other,Site,0.000,0.000,0.000,0.000,0,1,1,2026-01-01,2026-07-30 13:05:15.117,2026-07-14 05:15:36.330,0.0191,APK,0
2,6,61,Defect Volatility ,Healthy,increasing,up,0.0%,0.0199,1.99,1.99%,Other,Site,0.000,0.000,0.000,0.000,0,1,1,2025-09-01,2026-07-30 13:05:15.117,2026-07-14 05:15:36.330,0.0199,SYK,0
2,6,61,Defect Volatility ,Healthy,increasing,up,0.0%,0.0209,2.09,2.09%,Other,Site,0.000,0.000,0.000,0.000,0,1,1,2025-08-01,2026-07-30 13:05:15.117,2026-07-14 05:15:36.330,0.0209,APK,0
2,6,61,Defect Volatility ,Healthy,increasing,up,0.0%,0.0211,2.11,2.11%,Other,Site,0.000,0.000,0.000,0.000,0,1,1,2025-06-01,2026-07-30 13:05:15.117,2026-07-14 05:15:36.330,0.0211,SYK,0
2,6,61,Defect Volatility ,Healthy,increasing,up,0.0%,0.0211,2.11,2.11%,Other,Site,0.000,0.000,0.000,0.000,0,1,1,2025-11-01,2026-07-30 13:05:15.117,2026-07-14 05:15:36.330,0.0211,APK,0
2,6,61,Defect Volatility ,Healthy,increasing,up,0.0%,0.0229,2.29,2.29%,Other,Site,0.000,0.000,0.000,0.000,0,1,1,2024-10-01,2026-07-30 13:05:15.117,2026-07-14 05:15:36.330,0.0229,CHO,0
2,6,61,Defect Volatility ,Healthy,increasing,up,0.0%,0.0244,2.44,2.44%,Other,Site,0.000,0.000,0.000,0.000,0,1,1,2025-02-01,2026-07-30 13:05:15.117,2026-07-14 05:15:36.330,0.0244,XET,0
2,6,61,Defect Volatility ,Healthy,increasing,up,0.0%,0.0263,2.63,2.63%,Other,Site,0.000,0.000,0.000,0.000,0,1,1,2025-10-01,2026-07-30 13:05:15.117,2026-07-14 05:15:36.330,0.0263,SYK,0
2,6,61,Defect Volatility ,Healthy,increasing,up,0.0%,0.0333,3.33,3.33%,Other,Site,0.000,0.000,0.000,0.000,0,1,1,2025-07-01,2026-07-30 13:05:15.117,2026-07-14 05:15:36.330,0.0333,SYK,0
2,6,61,Defect Volatility ,Healthy,increasing,up,0.0%,0.0369,3.69,3.69%,Other,Site,0.000,0.000,0.000,0.000,0,1,1,2026-02-01,2026-07-30 13:05:15.117,2026-07-14 05:15:36.330,0.0369,SYK,0
2,6,61,Defect Volatility ,Healthy,increasing,up,0.0%,0.0385,3.85,3.85%,Other,Site,0.000,0.000,0.000,0.000,0,1,1,2026-06-01,2026-07-30 13:05:15.117,2026-07-14 05:15:36.330,0.0385,SYK,0
2,6,61,Defect Volatility ,Healthy,increasing,up,0.0%,0.0588,5.88,5.88%,Other,Site,0.000,0.000,0.000,0.000,0,1,1,2024-10-01,2026-07-30 13:05:15.117,2026-07-14 05:15:36.330,0.0588,SLC,0
2,6,61,Defect Volatility ,Healthy,increasing,up,0.0%,0.1429,14.29,14.29%,Other,Site,0.000,0.000,0.000,0.000,0,1,1,2024-08-01,2026-07-30 13:05:15.117,2026-07-14 05:15:36.330,0.1429,SLC,0
2,6,61,Defect Volatility ,Healthy,stable,stable,0.0%,0,0,0.00%,Other,Site,0.000,0.000,0.000,0.000,0,1,1,2024-08-01,2026-07-30 13:05:15.117,2026-07-14 05:15:36.330,0,BWI,0
2,6,61,Defect Volatility ,Healthy,stable,stable,0.0%,0,0,0.00%,Other,Site,0.000,0.000,0.000,0.000,0,1,1,2024-08-01,2026-07-30 13:05:15.117,2026-07-14 05:15:36.330,0,RM,0
2,6,61,Defect Volatility ,Healthy,stable,stable,0.0%,0,0,0.00%,Other,Site,0.000,0.000,0.000,0.000,0,1,1,2024-08-01,2026-07-30 13:05:15.117,2026-07-14 05:15:36.330,0,SVL,0
2,6,61,Defect Volatility ,Healthy,stable,stable,0.0%,0,0,0.00%,Other,Site,0.000,0.000,0.000,0.000,0,1,1,2024-08-01,2026-07-30 13:05:15.117,2026-07-14 05:15:36.330,0,SYK,0
2,6,61,Defect Volatility ,Healthy,stable,stable,0.0%,0,0,0.00%,Other,Site,0.000,0.000,0.000,0.000,0,1,1,2024-08-01,2026-07-30 13:05:15.117,2026-07-14 05:15:36.330,0,TRY,0
2,6,61,Defect Volatility ,Healthy,stable,stable,0.0%,0,0,0.00%,Other,Site,0.000,0.000,0.000,0.000,0,1,1,2024-09-01,2026-07-30 13:05:15.117,2026-07-14 05:15:36.330,0,BWI,0
2,6,61,Defect Volatility ,Healthy,stable,stable,0.0%,0,0,0.00%,Other,Site,0.000,0.000,0.000,0.000,0,1,1,2024-09-01,2026-07-30 13:05:15.117,2026-07-14 05:15:36.330,0,RM,0
2,6,61,Defect Volatility ,Healthy,stable,stable,0.0%,0,0,0.00%,Other,Site,0.000,0.000,0.000,0.000,0,1,1,2024-09-01,2026-07-30 13:05:15.117,2026-07-14 05:15:36.330,0,SVL,0
2,6,61,Defect Volatility ,Healthy,stable,stable,0.0%,0,0,0.00%,Other,Site,0.000,0.000,0.000,0.000,0,1,1,2024-09-01,2026-07-30 13:05:15.117,2026-07-14 05:15:36.330,0,SYK,0
2,6,61,Defect Volatility ,Healthy,stable,stable,0.0%,0,0,0.00%,Other,Site,0.000,0.000,0.000,0.000,0,1,1,2024-09-01,2026-07-30 13:05:15.117,2026-07-14 05:15:36.330,0,TRY,0
2,6,61,Defect Volatility ,Healthy,stable,stable,0.0%,0,0,0.00%,Other,Site,0.000,0.000,0.000,0.000,0,1,1,2024-10-01,2026-07-30 13:05:15.117,2026-07-14 05:15:36.330,0,BWI,0
2,6,61,Defect Volatility ,Healthy,stable,stable,0.0%,0,0,0.00%,Other,Site,0.000,0.000,0.000,0.000,0,1,1,2024-10-01,2026-07-30 13:05:15.117,2026-07-14 05:15:36.330,0,RM,0
2,6,61,Defect Volatility ,Healthy,stable,stable,0.0%,0,0,0.00%,Other,Site,0.000,0.000,0.000,0.000,0,1,1,2024-10-01,2026-07-30 13:05:15.117,2026-07-14 05:15:36.330,0,SVL,0
2,6,61,Defect Volatility ,Healthy,stable,stable,0.0%,0,0,0.00%,Other,Site,0.000,0.000,0.000,0.000,0,1,1,2024-10-01,2026-07-30 13:05:15.117,2026-07-14 05:15:36.330,0,SYK,0
2,6,61,Defect Volatility ,Healthy,stable,stable,0.0%,0,0,0.00%,Other,Site,0.000,0.000,0.000,0.000,0,1,1,2024-10-01,2026-07-30 13:05:15.117,2026-07-14 05:15:36.330,0,TRY,0
2,6,61,Defect Volatility ,Healthy,stable,stable,0.0%,0,0,0.00%,Other,Site,0.000,0.000,0.000,0.000,0,1,1,2024-11-01,2026-07-30 13:05:15.117,2026-07-14 05:15:36.330,0,BWI,0
2,6,61,Defect Volatility ,Healthy,stable,stable,0.0%,0,0,0.00%,Other,Site,0.000,0.000,0.000,0.000,0,1,1,2024-11-01,2026-07-30 13:05:15.117,2026-07-14 05:15:36.330,0,RM,0
2,6,61,Defect Volatility ,Healthy,stable,stable,0.0%,0,0,0.00%,Other,Site,0.000,0.000,0.000,0.000,0,1,1,2024-11-01,2026-07-30 13:05:15.117,2026-07-14 05:15:36.330,0,SVL,0
2,6,61,Defect Volatility ,Healthy,stable,stable,0.0%,0,0,0.00%,Other,Site,0.000,0.000,0.000,0.000,0,1,1,2024-11-01,2026-07-30 13:05:15.117,2026-07-14 05:15:36.330,0,SYK,0
2,6,61,Defect Volatility ,Healthy,stable,stable,0.0%,0,0,0.00%,Other,Site,0.000,0.000,0.000,0.000,0,1,1,2024-11-01,2026-07-30 13:05:15.117,2026-07-14 05:15:36.330,0,TRY,0
2,6,61,Defect Volatility ,Healthy,stable,stable,0.0%,0,0,0.00%,Other,Site,0.000,0.000,0.000,0.000,0,1,1,2024-12-01,2026-07-30 13:05:15.117,2026-07-14 05:15:36.330,0,BWI,0
2,6,61,Defect Volatility ,Healthy,stable,stable,0.0%,0,0,0.00%,Other,Site,0.000,0.000,0.000,0.000,0,1,1,2024-12-01,2026-07-30 13:05:15.117,2026-07-14 05:15:36.330,0,RM,0
2,6,61,Defect Volatility ,Healthy,stable,stable,0.0%,0,0,0.00%,Other,Site,0.000,0.000,0.000,0.000,0,1,1,2024-12-01,2026-07-30 13:05:15.117,2026-07-14 05:15:36.330,0,SLC,0
2,6,61,Defect Volatility ,Healthy,stable,stable,0.0%,0,0,0.00%,Other,Site,0.000,0.000,0.000,0.000,0,1,1,2024-12-01,2026-07-30 13:05:15.117,2026-07-14 05:15:36.330,0,SVL,0
2,6,61,Defect Volatility ,Healthy,stable,stable,0.0%,0,0,0.00%,Other,Site,0.000,0.000,0.000,0.000,0,1,1,2024-12-01,2026-07-30 13:05:15.117,2026-07-14 05:15:36.330,0,TRY,0
2,6,61,Defect Volatility ,Healthy,stable,stable,0.0%,0,0,0.00%,Other,Site,0.000,0.000,0.000,0.000,0,1,1,2025-01-01,2026-07-30 13:05:15.117,2026-07-14 05:15:36.330,0,BWI,0
2,6,61,Defect Volatility ,Healthy,stable,stable,0.0%,0,0,0.00%,Other,Site,0.000,0.000,0.000,0.000,0,1,1,2025-01-01,2026-07-30 13:05:15.117,2026-07-14 05:15:36.330,0,RM,0
2,6,61,Defect Volatility ,Healthy,stable,stable,0.0%,0,0,0.00%,Other,Site,0.000,0.000,0.000,0.000,0,1,1,2025-01-01,2026-07-30 13:05:15.117,2026-07-14 05:15:36.330,0,SLC,0
2,6,61,Defect Volatility ,Healthy,stable,stable,0.0%,0,0,0.00%,Other,Site,0.000,0.000,0.000,0.000,0,1,1,2025-01-01,2026-07-30 13:05:15.117,2026-07-14 05:15:36.330,0,SVL,0
2,6,61,Defect Volatility ,Healthy,stable,stable,0.0%,0,0,0.00%,Other,Site,0.000,0.000,0.000,0.000,0,1,1,2025-01-01,2026-07-30 13:05:15.117,2026-07-14 05:15:36.330,0,TRY,0
2,6,61,Defect Volatility ,Healthy,stable,stable,0.0%,0,0,0.00%,Other,Site,0.000,0.000,0.000,0.000,0,1,1,2025-02-01,2026-07-30 13:05:15.117,2026-07-14 05:15:36.330,0,CHO,0
2,6,61,Defect Volatility ,Healthy,stable,stable,0.0%,0,0,0.00%,Other,Site,0.000,0.000,0.000,0.000,0,1,1,2025-02-01,2026-07-30 13:05:15.117,2026-07-14 05:15:36.330,0,RM,0
2,6,61,Defect Volatility ,Healthy,stable,stable,0.0%,0,0,0.00%,Other,Site,0.000,0.000,0.000,0.000,0,1,1,2025-02-01,2026-07-30 13:05:15.117,2026-07-14 05:15:36.330,0,SLC,0
2,6,61,Defect Volatility ,Healthy,stable,stable,0.0%,0,0,0.00%,Other,Site,0.000,0.000,0.000,0.000,0,1,1,2025-02-01,2026-07-30 13:05:15.117,2026-07-14 05:15:36.330,0,SVL,0
2,6,61,Defect Volatility ,Healthy,stable,stable,0.0%,0,0,0.00%,Other,Site,0.000,0.000,0.000,0.000,0,1,1,2025-02-01,2026-07-30 13:05:15.117,2026-07-14 05:15:36.330,0,TRY,0
2,6,61,Defect Volatility ,Healthy,stable,stable,0.0%,0,0,0.00%,Other,Site,0.000,0.000,0.000,0.000,0,1,1,2025-03-01,2026-07-30 13:05:15.117,2026-07-14 05:15:36.330,0,RM,0
2,6,61,Defect Volatility ,Healthy,stable,stable,0.0%,0,0,0.00%,Other,Site,0.000,0.000,0.000,0.000,0,1,1,2025-03-01,2026-07-30 13:05:15.117,2026-07-14 05:15:36.330,0,SLC,0
2,6,61,Defect Volatility ,Healthy,stable,stable,0.0%,0,0,0.00%,Other,Site,0.000,0.000,0.000,0.000,0,1,1,2025-03-01,2026-07-30 13:05:15.117,2026-07-14 05:15:36.330,0,SVL,0
2,6,61,Defect Volatility ,Healthy,stable,stable,0.0%,0,0,0.00%,Other,Site,0.000,0.000,0.000,0.000,0,1,1,2025-03-01,2026-07-30 13:05:15.117,2026-07-14 05:15:36.330,0,TRY,0
2,6,61,Defect Volatility ,Healthy,stable,stable,0.0%,0,0,0.00%,Other,Site,0.000,0.000,0.000,0.000,0,1,1,2025-04-01,2026-07-30 13:05:15.117,2026-07-14 05:15:36.330,0,BWI,0
2,6,61,Defect Volatility ,Healthy,stable,stable,0.0%,0,0,0.00%,Other,Site,0.000,0.000,0.000,0.000,0,1,1,2025-04-01,2026-07-30 13:05:15.117,2026-07-14 05:15:36.330,0,RM,0
2,6,61,Defect Volatility ,Healthy,stable,stable,0.0%,0,0,0.00%,Other,Site,0.000,0.000,0.000,0.000,0,1,1,2025-04-01,2026-07-30 13:05:15.117,2026-07-14 05:15:36.330,0,SLC,0
2,6,61,Defect Volatility ,Healthy,stable,stable,0.0%,0,0,0.00%,Other,Site,0.000,0.000,0.000,0.000,0,1,1,2025-04-01,2026-07-30 13:05:15.117,2026-07-14 05:15:36.330,0,SVL,0
2,6,61,Defect Volatility ,Healthy,stable,stable,0.0%,0,0,0.00%,Other,Site,0.000,0.000,0.000,0.000,0,1,1,2025-04-01,2026-07-30 13:05:15.117,2026-07-14 05:15:36.330,0,TRY,0
2,6,61,Defect Volatility ,Healthy,stable,stable,0.0%,0,0,0.00%,Other,Site,0.000,0.000,0.000,0.000,0,1,1,2025-05-01,2026-07-30 13:05:15.117,2026-07-14 05:15:36.330,0,RM,0
2,6,61,Defect Volatility ,Healthy,stable,stable,0.0%,0,0,0.00%,Other,Site,0.000,0.000,0.000,0.000,0,1,1,2025-05-01,2026-07-30 13:05:15.117,2026-07-14 05:15:36.330,0,SLC,0
2,6,61,Defect Volatility ,Healthy,stable,stable,0.0%,0,0,0.00%,Other,Site,0.000,0.000,0.000,0.000,0,1,1,2025-05-01,2026-07-30 13:05:15.117,2026-07-14 05:15:36.330,0,SVL,0
2,6,61,Defect Volatility ,Healthy,stable,stable,0.0%,0,0,0.00%,Other,Site,0.000,0.000,0.000,0.000,0,1,1,2025-05-01,2026-07-30 13:05:15.117,2026-07-14 05:15:36.330,0,TRY,0
2,6,61,Defect Volatility ,Healthy,stable,stable,0.0%,0,0,0.00%,Other,Site,0.000,0.000,0.000,0.000,0,1,1,2025-06-01,2026-07-30 13:05:15.117,2026-07-14 05:15:36.330,0,RM,0
2,6,61,Defect Volatility ,Healthy,stable,stable,0.0%,0,0,0.00%,Other,Site,0.000,0.000,0.000,0.000,0,1,1,2025-06-01,2026-07-30 13:05:15.117,2026-07-14 05:15:36.330,0,SVL,0
2,6,61,Defect Volatility ,Healthy,stable,stable,0.0%,0,0,0.00%,Other,Site,0.000,0.000,0.000,0.000,0,1,1,2025-06-01,2026-07-30 13:05:15.117,2026-07-14 05:15:36.330,0,TRY,0
2,6,61,Defect Volatility ,Healthy,stable,stable,0.0%,0,0,0.00%,Other,Site,0.000,0.000,0.000,0.000,0,1,1,2025-07-01,2026-07-30 13:05:15.117,2026-07-14 05:15:36.330,0,RM,0
2,6,61,Defect Volatility ,Healthy,stable,stable,0.0%,0,0,0.00%,Other,Site,0.000,0.000,0.000,0.000,0,1,1,2025-07-01,2026-07-30 13:05:15.117,2026-07-14 05:15:36.330,0,SVL,0
2,6,61,Defect Volatility ,Healthy,stable,stable,0.0%,0,0,0.00%,Other,Site,0.000,0.000,0.000,0.000,0,1,1,2025-07-01,2026-07-30 13:05:15.117,2026-07-14 05:15:36.330,0,TRY,0
2,6,61,Defect Volatility ,Healthy,stable,stable,0.0%,0,0,0.00%,Other,Site,0.000,0.000,0.000,0.000,0,1,1,2025-08-01,2026-07-30 13:05:15.117,2026-07-14 05:15:36.330,0,RM,0
2,6,61,Defect Volatility ,Healthy,stable,stable,0.0%,0,0,0.00%,Other,Site,0.000,0.000,0.000,0.000,0,1,1,2025-08-01,2026-07-30 13:05:15.117,2026-07-14 05:15:36.330,0,SVL,0
2,6,61,Defect Volatility ,Healthy,stable,stable,0.0%,0,0,0.00%,Other,Site,0.000,0.000,0.000,0.000,0,1,1,2025-08-01,2026-07-30 13:05:15.117,2026-07-14 05:15:36.330,0,TRY,0
2,6,61,Defect Volatility ,Healthy,stable,stable,0.0%,0,0,0.00%,Other,Site,0.000,0.000,0.000,0.000,0,1,1,2025-09-01,2026-07-30 13:05:15.117,2026-07-14 05:15:36.330,0,RM,0
2,6,61,Defect Volatility ,Healthy,stable,stable,0.0%,0,0,0.00%,Other,Site,0.000,0.000,0.000,0.000,0,1,1,2025-09-01,2026-07-30 13:05:15.117,2026-07-14 05:15:36.330,0,SVL,0
2,6,61,Defect Volatility ,Healthy,stable,stable,0.0%,0,0,0.00%,Other,Site,0.000,0.000,0.000,0.000,0,1,1,2025-09-01,2026-07-30 13:05:15.117,2026-07-14 05:15:36.330,0,TRY,0
2,6,61,Defect Volatility ,Healthy,stable,stable,0.0%,0,0,0.00%,Other,Site,0.000,0.000,0.000,0.000,0,1,1,2025-10-01,2026-07-30 13:05:15.117,2026-07-14 05:15:36.330,0,RM,0
2,6,61,Defect Volatility ,Healthy,stable,stable,0.0%,0,0,0.00%,Other,Site,0.000,0.000,0.000,0.000,0,1,1,2025-10-01,2026-07-30 13:05:15.117,2026-07-14 05:15:36.330,0,SLC,0
2,6,61,Defect Volatility ,Healthy,stable,stable,0.0%,0,0,0.00%,Other,Site,0.000,0.000,0.000,0.000,0,1,1,2025-10-01,2026-07-30 13:05:15.117,2026-07-14 05:15:36.330,0,SVL,0
2,6,61,Defect Volatility ,Healthy,stable,stable,0.0%,0,0,0.00%,Other,Site,0.000,0.000,0.000,0.000,0,1,1,2025-10-01,2026-07-30 13:05:15.117,2026-07-14 05:15:36.330,0,TRY,0
2,6,61,Defect Volatility ,Healthy,stable,stable,0.0%,0,0,0.00%,Other,Site,0.000,0.000,0.000,0.000,0,1,1,2025-11-01,2026-07-30 13:05:15.117,2026-07-14 05:15:36.330,0,RM,0
2,6,61,Defect Volatility ,Healthy,stable,stable,0.0%,0,0,0.00%,Other,Site,0.000,0.000,0.000,0.000,0,1,1,2025-11-01,2026-07-30 13:05:15.117,2026-07-14 05:15:36.330,0,SVL,0
2,6,61,Defect Volatility ,Healthy,stable,stable,0.0%,0,0,0.00%,Other,Site,0.000,0.000,0.000,0.000,0,1,1,2025-11-01,2026-07-30 13:05:15.117,2026-07-14 05:15:36.330,0,TRY,0
2,6,61,Defect Volatility ,Healthy,stable,stable,0.0%,0,0,0.00%,Other,Site,0.000,0.000,0.000,0.000,0,1,1,2025-12-01,2026-07-30 13:05:15.117,2026-07-14 05:15:36.330,0,BWI,0
2,6,61,Defect Volatility ,Healthy,stable,stable,0.0%,0,0,0.00%,Other,Site,0.000,0.000,0.000,0.000,0,1,1,2025-12-01,2026-07-30 13:05:15.117,2026-07-14 05:15:36.330,0,RM,0
2,6,61,Defect Volatility ,Healthy,stable,stable,0.0%,0,0,0.00%,Other,Site,0.000,0.000,0.000,0.000,0,1,1,2025-12-01,2026-07-30 13:05:15.117,2026-07-14 05:15:36.330,0,SVL,0
2,6,61,Defect Volatility ,Healthy,stable,stable,0.0%,0,0,0.00%,Other,Site,0.000,0.000,0.000,0.000,0,1,1,2025-12-01,2026-07-30 13:05:15.117,2026-07-14 05:15:36.330,0,TRY,0
2,6,61,Defect Volatility ,Healthy,stable,stable,0.0%,0,0,0.00%,Other,Site,0.000,0.000,0.000,0.000,0,1,1,2026-01-01,2026-07-30 13:05:15.117,2026-07-14 05:15:36.330,0,RM,0
2,6,61,Defect Volatility ,Healthy,stable,stable,0.0%,0,0,0.00%,Other,Site,0.000,0.000,0.000,0.000,0,1,1,2026-01-01,2026-07-30 13:05:15.117,2026-07-14 05:15:36.330,0,SLC,0
2,6,61,Defect Volatility ,Healthy,stable,stable,0.0%,0,0,0.00%,Other,Site,0.000,0.000,0.000,0.000,0,1,1,2026-01-01,2026-07-30 13:05:15.117,2026-07-14 05:15:36.330,0,TRY,0
2,6,61,Defect Volatility ,Healthy,stable,stable,0.0%,0,0,0.00%,Other,Site,0.000,0.000,0.000,0.000,0,1,1,2026-02-01,2026-07-30 13:05:15.117,2026-07-14 05:15:36.330,0,RM,0
2,6,61,Defect Volatility ,Healthy,stable,stable,0.0%,0,0,0.00%,Other,Site,0.000,0.000,0.000,0.000,0,1,1,2026-02-01,2026-07-30 13:05:15.117,2026-07-14 05:15:36.330,0,TRY,0
2,6,61,Defect Volatility ,Healthy,stable,stable,0.0%,0,0,0.00%,Other,Site,0.000,0.000,0.000,0.000,0,1,1,2026-03-01,2026-07-30 13:05:15.117,2026-07-14 05:15:36.330,0,BWI,0
2,6,61,Defect Volatility ,Healthy,stable,stable,0.0%,0,0,0.00%,Other,Site,0.000,0.000,0.000,0.000,0,1,1,2026-03-01,2026-07-30 13:05:15.117,2026-07-14 05:15:36.330,0,RM,0
2,6,61,Defect Volatility ,Healthy,stable,stable,0.0%,0,0,0.00%,Other,Site,0.000,0.000,0.000,0.000,0,1,1,2026-03-01,2026-07-30 13:05:15.117,2026-07-14 05:15:36.330,0,TRY,0
2,6,61,Defect Volatility ,Healthy,stable,stable,0.0%,0,0,0.00%,Other,Site,0.000,0.000,0.000,0.000,0,1,1,2026-04-01,2026-07-30 13:05:15.117,2026-07-14 05:15:36.330,0,RM,0
2,6,61,Defect Volatility ,Healthy,stable,stable,0.0%,0,0,0.00%,Other,Site,0.000,0.000,0.000,0.000,0,1,1,2026-04-01,2026-07-30 13:05:15.117,2026-07-14 05:15:36.330,0,SLC,0
2,6,61,Defect Volatility ,Healthy,stable,stable,0.0%,0,0,0.00%,Other,Site,0.000,0.000,0.000,0.000,0,1,1,2026-04-01,2026-07-30 13:05:15.117,2026-07-14 05:15:36.330,0,TRY,0
2,6,61,Defect Volatility ,Healthy,stable,stable,0.0%,0,0,0.00%,Other,Site,0.000,0.000,0.000,0.000,0,1,1,2026-05-01,2026-07-30 13:05:15.117,2026-07-14 05:15:36.330,0,RM,0
2,6,61,Defect Volatility ,Healthy,stable,stable,0.0%,0,0,0.00%,Other,Site,0.000,0.000,0.000,0.000,0,1,1,2026-05-01,2026-07-30 13:05:15.117,2026-07-14 05:15:36.330,0,SLC,0
2,6,61,Defect Volatility ,Healthy,stable,stable,0.0%,0,0,0.00%,Other,Site,0.000,0.000,0.000,0.000,0,1,1,2026-05-01,2026-07-30 13:05:15.117,2026-07-14 05:15:36.330,0,TRY,0
2,6,61,Defect Volatility ,Healthy,stable,stable,0.0%,0,0,0.00%,Other,Site,0.000,0.000,0.000,0.000,0,1,1,2026-06-01,2026-07-30 13:05:15.117,2026-07-14 05:15:36.330,0,SLC,0
2,6,61,Defect Volatility ,Healthy,stable,stable,0.0%,0,0,0.00%,Other,Site,0.000,0.000,0.000,0.000,0,1,1,2026-06-01,2026-07-30 13:05:15.117,2026-07-14 05:15:36.330,0,TRY,0
2,6,61,Defect Volatility ,Healthy,stable,stable,0.0%,0,0,0.00%,Other,Site,0.000,0.000,0.000,0.000,0,1,1,2026-07-01,2026-07-30 13:05:15.117,2026-07-14 05:15:36.330,0,BWI,1
2,6,61,Defect Volatility ,Healthy,stable,stable,0.0%,0,0,0.00%,Other,Site,0.000,0.000,0.000,0.000,0,1,1,2026-07-01,2026-07-30 13:05:15.117,2026-07-14 05:15:36.330,0,SLC,1
2,6,61,Defect Volatility ,Healthy,stable,stable,0.0%,0,0,0.00%,Other,Site,0.000,0.000,0.000,0.000,0,1,1,2026-07-01,2026-07-30 13:05:15.117,2026-07-14 05:15:36.330,0,TRY,1
2,6,61,Defect Volatility ,Healthy,stable,stable,0.0%,0.0002,0.02,0.02%,Other,Site,0.000,0.000,0.000,0.000,0,1,1,2026-05-01,2026-07-30 13:05:15.117,2026-07-14 05:15:36.330,0.0002,BWI,0
2,6,61,Defect Volatility ,Healthy,stable,stable,0.0%,0.0007,0.07,0.07%,Other,Site,0.000,0.000,0.000,0.000,0,1,1,2024-10-01,2026-07-30 13:05:15.117,2026-07-14 05:15:36.330,0.0007,WH,0
2,6,61,Defect Volatility ,Healthy,stable,stable,0.0%,0.0012,0.12,0.12%,Other,Site,0.000,0.000,0.000,0.000,0,1,1,2025-04-01,2026-07-30 13:05:15.117,2026-07-14 05:15:36.330,0.0012,WH,0
2,6,61,Defect Volatility ,Healthy,stable,stable,0.0%,0.0014,0.14,0.14%,Other,Site,0.000,0.000,0.000,0.000,0,1,1,2026-07-01,2026-07-30 13:05:15.117,2026-07-14 05:15:36.330,0.0014,CHO,1
2,6,61,Defect Volatility ,Healthy,stable,stable,0.0%,0.0137,1.37,1.37%,Other,Site,0.000,0.000,0.000,0.000,0,1,1,2026-06-01,2026-07-30 13:05:15.117,2026-07-14 05:15:36.330,0.0137,XET,0
2,6,61,Defect Volatility ,Healthy,unk,unk,0.0%,0,0,0.00%,Other,Site,0.000,0.000,0.000,0.000,0,1,1,2024-07-01,2026-07-30 13:05:15.117,2026-07-14 05:15:36.330,0,AMH,0
2,6,61,Defect Volatility ,Healthy,unk,unk,0.0%,0,0,0.00%,Other,Site,0.000,0.000,0.000,0.000,0,1,1,2024-07-01,2026-07-30 13:05:15.117,2026-07-14 05:15:36.330,0,APK,0
2,6,61,Defect Volatility ,Healthy,unk,unk,0.0%,0,0,0.00%,Other,Site,0.000,0.000,0.000,0.000,0,1,1,2024-07-01,2026-07-30 13:05:15.117,2026-07-14 05:15:36.330,0,BWI,0
2,6,61,Defect Volatility ,Healthy,unk,unk,0.0%,0,0,0.00%,Other,Site,0.000,0.000,0.000,0.000,0,1,1,2024-07-01,2026-07-30 13:05:15.117,2026-07-14 05:15:36.330,0,CHO,0
2,6,61,Defect Volatility ,Healthy,unk,unk,0.0%,0,0,0.00%,Other,Site,0.000,0.000,0.000,0.000,0,1,1,2024-07-01,2026-07-30 13:05:15.117,2026-07-14 05:15:36.330,0,RM,0
2,6,61,Defect Volatility ,Healthy,unk,unk,0.0%,0,0,0.00%,Other,Site,0.000,0.000,0.000,0.000,0,1,1,2024-07-01,2026-07-30 13:05:15.117,2026-07-14 05:15:36.330,0,SLC,0
2,6,61,Defect Volatility ,Healthy,unk,unk,0.0%,0,0,0.00%,Other,Site,0.000,0.000,0.000,0.000,0,1,1,2024-07-01,2026-07-30 13:05:15.117,2026-07-14 05:15:36.330,0,SVL,0
2,6,61,Defect Volatility ,Healthy,unk,unk,0.0%,0,0,0.00%,Other,Site,0.000,0.000,0.000,0.000,0,1,1,2024-07-01,2026-07-30 13:05:15.117,2026-07-14 05:15:36.330,0,SYK,0
2,6,61,Defect Volatility ,Healthy,unk,unk,0.0%,0,0,0.00%,Other,Site,0.000,0.000,0.000,0.000,0,1,1,2024-07-01,2026-07-30 13:05:15.117,2026-07-14 05:15:36.330,0,TRY,0
2,6,61,Defect Volatility ,Healthy,unk,unk,0.0%,0,0,0.00%,Other,Site,0.000,0.000,0.000,0.000,0,1,1,2024-07-01,2026-07-30 13:05:15.117,2026-07-14 05:15:36.330,0,WH,0
2,6,61,Defect Volatility ,Healthy,unk,unk,0.0%,0,0,0.00%,Other,Site,0.000,0.000,0.000,0.000,0,1,1,2024-07-01,2026-07-30 13:05:15.117,2026-07-14 05:15:36.330,0,XET,0
2,6,62,On-Time To Need - Dwg Rel (mPLM),At-Risk,decreasing,down,90.0%,0.66,66,66%,E - Engineering & Science,Site,NULL,0.900,0.850,0.850,1,1,0,2024-09-01,2026-07-30 13:05:15.117,2026-07-30 13:05:15.117,429,TOTAL,0
2,6,62,On-Time To Need - Dwg Rel (mPLM),At-Risk,decreasing,down,90.0%,0.6791,67.91,68%,E - Engineering & Science,Site,NULL,0.900,0.850,0.850,1,1,0,2024-11-01,2026-07-30 13:05:15.117,2026-07-30 13:05:15.117,347,TOTAL,0
2,6,62,On-Time To Need - Dwg Rel (mPLM),At-Risk,decreasing,down,90.0%,0.7152,71.52,72%,E - Engineering & Science,Site,NULL,0.900,0.850,0.850,1,1,0,2025-02-01,2026-07-30 13:05:15.117,2026-07-30 13:05:15.117,349,TOTAL,0
2,6,62,On-Time To Need - Dwg Rel (mPLM),At-Risk,decreasing,down,90.0%,0.7162,71.62,72%,E - Engineering & Science,Site,NULL,0.900,0.850,0.850,1,1,0,2024-07-01,2026-07-30 13:05:15.117,2026-07-30 13:05:15.117,487,TOTAL,0
2,6,62,On-Time To Need - Dwg Rel (mPLM),At-Risk,decreasing,down,90.0%,0.7333,73.33,73%,E - Engineering & Science,Site,NULL,0.900,0.850,0.850,1,1,0,2024-06-01,2026-07-30 13:05:15.117,2026-07-30 13:05:15.117,517,TOTAL,0
2,6,62,On-Time To Need - Dwg Rel (mPLM),At-Risk,decreasing,down,90.0%,0.7387,73.87,74%,E - Engineering & Science,Site,NULL,0.900,0.850,0.850,1,1,0,2025-01-01,2026-07-30 13:05:15.117,2026-07-30 13:05:15.117,328,TOTAL,0
2,6,62,On-Time To Need - Dwg Rel (mPLM),At-Risk,decreasing,down,90.0%,0.7526,75.26,75%,E - Engineering & Science,Site,NULL,0.900,0.850,0.850,1,1,0,2024-05-01,2026-07-30 13:05:15.117,2026-07-30 13:05:15.117,514,TOTAL,0
2,6,62,On-Time To Need - Dwg Rel (mPLM),At-Risk,decreasing,down,90.0%,0.7799,77.99,78%,E - Engineering & Science,Site,NULL,0.900,0.850,0.850,1,1,0,2025-05-01,2026-07-30 13:05:15.117,2026-07-30 13:05:15.117,418,TOTAL,0
2,6,62,On-Time To Need - Dwg Rel (mPLM),At-Risk,decreasing,down,90.0%,0.7937,79.37,79%,E - Engineering & Science,Site,NULL,0.900,0.850,0.850,1,1,0,2025-07-01,2026-07-30 13:05:15.117,2026-07-30 13:05:15.117,450,TOTAL,0
2,6,62,On-Time To Need - Dwg Rel (mPLM),At-Risk,decreasing,down,90.0%,0.8038,80.38,80%,E - Engineering & Science,Site,NULL,0.900,0.850,0.850,1,1,0,2025-09-01,2026-07-30 13:05:15.117,2026-07-30 13:05:15.117,512,TOTAL,0
2,6,62,On-Time To Need - Dwg Rel (mPLM),At-Risk,decreasing,down,90.0%,0.8216,82.16,82%,E - Engineering & Science,Site,NULL,0.900,0.850,0.850,1,1,0,2025-04-01,2026-07-30 13:05:15.117,2026-07-30 13:05:15.117,433,TOTAL,0
2,6,62,On-Time To Need - Dwg Rel (mPLM),At-Risk,increasing,up,90.0%,0.7639,76.39,76%,E - Engineering & Science,Site,NULL,0.900,0.850,0.850,1,1,0,2024-12-01,2026-07-30 13:05:15.117,2026-07-30 13:05:15.117,427,TOTAL,0
2,6,62,On-Time To Need - Dwg Rel (mPLM),At-Risk,increasing,up,90.0%,0.7798,77.98,78%,E - Engineering & Science,Site,NULL,0.900,0.850,0.850,1,1,0,2024-10-01,2026-07-30 13:05:15.117,2026-07-30 13:05:15.117,588,TOTAL,0
2,6,62,On-Time To Need - Dwg Rel (mPLM),At-Risk,increasing,up,90.0%,0.7844,78.44,78%,E - Engineering & Science,Site,NULL,0.900,0.850,0.850,1,1,0,2024-02-01,2026-07-30 13:05:15.117,2026-07-30 13:05:15.117,542,TOTAL,0
2,6,62,On-Time To Need - Dwg Rel (mPLM),At-Risk,increasing,up,90.0%,0.788,78.8,79%,E - Engineering & Science,Site,NULL,0.900,0.850,0.850,1,1,0,2024-08-01,2026-07-30 13:05:15.117,2026-07-30 13:05:15.117,591,TOTAL,0
2,6,62,On-Time To Need - Dwg Rel (mPLM),At-Risk,increasing,up,90.0%,0.7927,79.27,79%,E - Engineering & Science,Site,NULL,0.900,0.850,0.850,1,1,0,2024-03-01,2026-07-30 13:05:15.117,2026-07-30 13:05:15.117,604,TOTAL,0
2,6,62,On-Time To Need - Dwg Rel (mPLM),At-Risk,increasing,up,90.0%,0.8174,81.74,82%,E - Engineering & Science,Site,NULL,0.900,0.850,0.850,1,1,0,2024-04-01,2026-07-30 13:05:15.117,2026-07-30 13:05:15.117,591,TOTAL,0
2,6,62,On-Time To Need - Dwg Rel (mPLM),At-Risk,increasing,up,90.0%,0.8361,83.61,84%,E - Engineering & Science,Site,NULL,0.900,0.850,0.850,1,1,0,2025-06-01,2026-07-30 13:05:15.117,2026-07-30 13:05:15.117,505,TOTAL,0
2,6,62,On-Time To Need - Dwg Rel (mPLM),At-Risk,increasing,up,90.0%,0.8412,84.12,84%,E - Engineering & Science,Site,NULL,0.900,0.850,0.850,1,1,0,2025-08-01,2026-07-30 13:05:15.117,2026-07-30 13:05:15.117,429,TOTAL,0
2,6,62,On-Time To Need - Dwg Rel (mPLM),At-Risk,unk,unk,90.0%,0.7474,74.74,75%,E - Engineering & Science,Site,NULL,0.900,0.850,0.850,1,1,0,2024-01-01,2026-07-30 13:05:15.117,2026-07-30 13:05:15.117,509,TOTAL,0
2,6,62,On-Time To Need - Dwg Rel (mPLM),Healthy,decreasing,down,90.0%,0.9019,90.19,90%,E - Engineering & Science,Site,NULL,0.900,0.850,0.850,1,1,0,2025-12-01,2026-07-30 13:05:15.117,2026-07-30 13:05:15.117,524,TOTAL,0
2,6,62,On-Time To Need - Dwg Rel (mPLM),Healthy,decreasing,down,90.0%,0.9073,90.73,91%,E - Engineering & Science,Site,NULL,0.900,0.850,0.850,1,1,0,2026-04-01,2026-07-30 13:05:15.117,2026-07-30 13:05:15.117,636,TOTAL,0
2,6,62,On-Time To Need - Dwg Rel (mPLM),Healthy,decreasing,down,90.0%,0.9129,91.29,91%,E - Engineering & Science,Site,NULL,0.900,0.850,0.850,1,1,0,2025-11-01,2026-07-30 13:05:15.117,2026-07-30 13:05:15.117,566,TOTAL,0
2,6,62,On-Time To Need - Dwg Rel (mPLM),Healthy,decreasing,down,90.0%,0.9366,93.66,94%,E - Engineering & Science,Site,NULL,0.900,0.850,0.850,1,1,0,2026-02-01,2026-07-30 13:05:15.117,2026-07-30 13:05:15.117,473,TOTAL,0
2,6,62,On-Time To Need - Dwg Rel (mPLM),Healthy,increasing,up,90.0%,0.9299,92.99,93%,E - Engineering & Science,Site,NULL,0.900,0.850,0.850,1,1,0,2025-10-01,2026-07-30 13:05:15.117,2026-07-30 13:05:15.117,730,TOTAL,0
2,6,62,On-Time To Need - Dwg Rel (mPLM),Healthy,increasing,up,90.0%,0.9509,95.09,95%,E - Engineering & Science,Site,NULL,0.900,0.850,0.850,1,1,0,2026-01-01,2026-07-30 13:05:15.117,2026-07-30 13:05:15.117,504,TOTAL,0
2,6,62,On-Time To Need - Dwg Rel (mPLM),Healthy,increasing,up,90.0%,0.9553,95.53,96%,E - Engineering & Science,Site,NULL,0.900,0.850,0.850,1,1,0,2026-03-01,2026-07-30 13:05:15.117,2026-07-30 13:05:15.117,748,TOTAL,0
2,6,62,On-Time To Need - Dwg Rel (mPLM),Warning,decreasing,down,90.0%,0.8557,85.57,86%,E - Engineering & Science,Site,NULL,0.900,0.850,0.850,1,1,0,2026-07-01,2026-07-30 13:05:15.117,2026-07-30 13:05:15.117,516,TOTAL,1
2,6,62,On-Time To Need - Dwg Rel (mPLM),Warning,decreasing,down,90.0%,0.8623,86.23,86%,E - Engineering & Science,Site,NULL,0.900,0.850,0.850,1,1,0,2026-05-01,2026-07-30 13:05:15.117,2026-07-30 13:05:15.117,595,TOTAL,0
2,6,62,On-Time To Need - Dwg Rel (mPLM),Warning,increasing,up,90.0%,0.8609,86.09,86%,E - Engineering & Science,Site,NULL,0.900,0.850,0.850,1,1,0,2025-03-01,2026-07-30 13:05:15.117,2026-07-30 13:05:15.117,520,TOTAL,0
2,6,62,On-Time To Need - Dwg Rel (mPLM),Warning,increasing,up,90.0%,0.8933,89.33,89%,E - Engineering & Science,Site,NULL,0.900,0.850,0.850,1,1,0,2026-06-01,2026-07-30 13:05:15.117,2026-07-30 13:05:15.117,670,TOTAL,0
2,6,62,On-Time To Need - Dwg Rel (mPLM),At-Risk,decreasing,down,90.0%,0,0,0%,Other,Site,NULL,0.900,0.850,0.850,1,1,0,2024-11-01,2026-07-30 13:05:15.117,2026-07-30 13:05:15.117,0,TRY,0
2,6,62,On-Time To Need - Dwg Rel (mPLM),At-Risk,decreasing,down,90.0%,0.1731,17.31,17%,Other,Site,NULL,0.900,0.850,0.850,1,1,0,2024-11-01,2026-07-30 13:05:15.117,2026-07-30 13:05:15.117,9,CHO,0
2,6,62,On-Time To Need - Dwg Rel (mPLM),At-Risk,decreasing,down,90.0%,0.1905,19.05,19%,Other,Site,NULL,0.900,0.850,0.850,1,1,0,2024-09-01,2026-07-30 13:05:15.117,2026-07-30 13:05:15.117,12,CHO,0
2,6,62,On-Time To Need - Dwg Rel (mPLM),At-Risk,decreasing,down,90.0%,0.2558,25.58,26%,Other,Site,NULL,0.900,0.850,0.850,1,1,0,2024-06-01,2026-07-30 13:05:15.117,2026-07-30 13:05:15.117,55,BWI,0
2,6,62,On-Time To Need - Dwg Rel (mPLM),At-Risk,decreasing,down,90.0%,0.3043,30.43,30%,Other,Site,NULL,0.900,0.850,0.850,1,1,0,2025-02-01,2026-07-30 13:05:15.117,2026-07-30 13:05:15.117,42,BWI,0
2,6,62,On-Time To Need - Dwg Rel (mPLM),At-Risk,decreasing,down,90.0%,0.3421,34.21,34%,Other,Site,NULL,0.900,0.850,0.850,1,1,0,2024-11-01,2026-07-30 13:05:15.117,2026-07-30 13:05:15.117,52,BWI,0
2,6,62,On-Time To Need - Dwg Rel (mPLM),At-Risk,decreasing,down,90.0%,0.3459,34.59,35%,Other,Site,NULL,0.900,0.850,0.850,1,1,0,2025-07-01,2026-07-30 13:05:15.117,2026-07-30 13:05:15.117,55,BWI,0
2,6,62,On-Time To Need - Dwg Rel (mPLM),At-Risk,decreasing,down,90.0%,0.3586,35.86,36%,Other,Site,NULL,0.900,0.850,0.850,1,1,0,2025-01-01,2026-07-30 13:05:15.117,2026-07-30 13:05:15.117,52,BWI,0
2,6,62,On-Time To Need - Dwg Rel (mPLM),At-Risk,decreasing,down,90.0%,0.37,37,37%,Other,Site,NULL,0.900,0.850,0.850,1,1,0,2024-03-01,2026-07-30 13:05:15.117,2026-07-30 13:05:15.117,74,BWI,0
2,6,62,On-Time To Need - Dwg Rel (mPLM),At-Risk,decreasing,down,90.0%,0.4538,45.38,45%,Other,Site,NULL,0.900,0.850,0.850,1,1,0,2025-09-01,2026-07-30 13:05:15.117,2026-07-30 13:05:15.117,59,BWI,0
2,6,62,On-Time To Need - Dwg Rel (mPLM),At-Risk,decreasing,down,90.0%,0.5,50,50%,Other,Site,NULL,0.900,0.850,0.850,1,1,0,2026-05-01,2026-07-30 13:05:15.117,2026-07-30 13:05:15.117,3,CHO,0
2,6,62,On-Time To Need - Dwg Rel (mPLM),At-Risk,decreasing,down,90.0%,0.5276,52.76,53%,Other,Site,NULL,0.900,0.850,0.850,1,1,0,2025-06-01,2026-07-30 13:05:15.117,2026-07-30 13:05:15.117,86,BWI,0
2,6,62,On-Time To Need - Dwg Rel (mPLM),At-Risk,decreasing,down,90.0%,0.539,53.9,54%,Other,Site,NULL,0.900,0.850,0.850,1,1,0,2025-05-01,2026-07-30 13:05:15.117,2026-07-30 13:05:15.117,83,BWI,0
2,6,62,On-Time To Need - Dwg Rel (mPLM),At-Risk,decreasing,down,90.0%,0.594,59.4,59%,Other,Site,NULL,0.900,0.850,0.850,1,1,0,2025-04-01,2026-07-30 13:05:15.117,2026-07-30 13:05:15.117,79,BWI,0
2,6,62,On-Time To Need - Dwg Rel (mPLM),At-Risk,decreasing,down,90.0%,0.6667,66.67,67%,Other,Site,NULL,0.900,0.850,0.850,1,1,0,2025-07-01,2026-07-30 13:05:15.117,2026-07-30 13:05:15.117,2,SLC,0
2,6,62,On-Time To Need - Dwg Rel (mPLM),At-Risk,decreasing,down,90.0%,0.6875,68.75,69%,Other,Site,NULL,0.900,0.850,0.850,1,1,0,2025-04-01,2026-07-30 13:05:15.117,2026-07-30 13:05:15.117,22,CHO,0
2,6,62,On-Time To Need - Dwg Rel (mPLM),At-Risk,decreasing,down,90.0%,0.6899,68.99,69%,Other,Site,NULL,0.900,0.850,0.850,1,1,0,2026-05-01,2026-07-30 13:05:15.117,2026-07-30 13:05:15.117,198,BWI,0
2,6,62,On-Time To Need - Dwg Rel (mPLM),At-Risk,decreasing,down,90.0%,0.7016,70.16,70%,Other,Site,NULL,0.900,0.850,0.850,1,1,0,2025-02-01,2026-07-30 13:05:15.117,2026-07-30 13:05:15.117,87,RM,0
2,6,62,On-Time To Need - Dwg Rel (mPLM),At-Risk,decreasing,down,90.0%,0.7208,72.08,72%,Other,Site,NULL,0.900,0.850,0.850,1,1,0,2024-05-01,2026-07-30 13:05:15.117,2026-07-30 13:05:15.117,111,RM,0
2,6,62,On-Time To Need - Dwg Rel (mPLM),At-Risk,decreasing,down,90.0%,0.7273,72.73,73%,Other,Site,NULL,0.900,0.850,0.850,1,1,0,2025-05-01,2026-07-30 13:05:15.117,2026-07-30 13:05:15.117,48,WH,0
2,6,62,On-Time To Need - Dwg Rel (mPLM),At-Risk,decreasing,down,90.0%,0.7481,74.81,75%,Other,Site,NULL,0.900,0.850,0.850,1,1,0,2026-07-01,2026-07-30 13:05:15.117,2026-07-30 13:05:15.117,199,BWI,1
2,6,62,On-Time To Need - Dwg Rel (mPLM),At-Risk,decreasing,down,90.0%,0.75,75,75%,Other,Site,NULL,0.900,0.850,0.850,1,1,0,2024-07-01,2026-07-30 13:05:15.117,2026-07-30 13:05:15.117,84,RM,0
2,6,62,On-Time To Need - Dwg Rel (mPLM),At-Risk,decreasing,down,90.0%,0.75,75,75%,Other,Site,NULL,0.900,0.850,0.850,1,1,0,2024-08-01,2026-07-30 13:05:15.117,2026-07-30 13:05:15.117,3,CHO,0
2,6,62,On-Time To Need - Dwg Rel (mPLM),At-Risk,decreasing,down,90.0%,0.75,75,75%,Other,Site,NULL,0.900,0.850,0.850,1,1,0,2026-01-01,2026-07-30 13:05:15.117,2026-07-30 13:05:15.117,3,SVL,0
2,6,62,On-Time To Need - Dwg Rel (mPLM),At-Risk,decreasing,down,90.0%,0.75,75,75%,Other,Site,NULL,0.900,0.850,0.850,1,1,0,2026-06-01,2026-07-30 13:05:15.117,2026-07-30 13:05:15.117,6,OCE,0
2,6,62,On-Time To Need - Dwg Rel (mPLM),At-Risk,decreasing,down,90.0%,0.7647,76.47,76%,Other,Site,NULL,0.900,0.850,0.850,1,1,0,2024-11-01,2026-07-30 13:05:15.117,2026-07-30 13:05:15.117,52,WH,0
2,6,62,On-Time To Need - Dwg Rel (mPLM),At-Risk,decreasing,down,90.0%,0.7742,77.42,77%,Other,Site,NULL,0.900,0.850,0.850,1,1,0,2025-03-01,2026-07-30 13:05:15.117,2026-07-30 13:05:15.117,24,WH,0
2,6,62,On-Time To Need - Dwg Rel (mPLM),At-Risk,decreasing,down,90.0%,0.7763,77.63,78%,Other,Site,NULL,0.900,0.850,0.850,1,1,0,2025-06-01,2026-07-30 13:05:15.117,2026-07-30 13:05:15.117,59,CHO,0
2,6,62,On-Time To Need - Dwg Rel (mPLM),At-Risk,decreasing,down,90.0%,0.7778,77.78,78%,Other,Site,NULL,0.900,0.850,0.850,1,1,0,2024-07-01,2026-07-30 13:05:15.117,2026-07-30 13:05:15.117,7,TRY,0
2,6,62,On-Time To Need - Dwg Rel (mPLM),At-Risk,decreasing,down,90.0%,0.7907,79.07,79%,Other,Site,NULL,0.900,0.850,0.850,1,1,0,2025-03-01,2026-07-30 13:05:15.117,2026-07-30 13:05:15.117,34,CHO,0
2,6,62,On-Time To Need - Dwg Rel (mPLM),At-Risk,decreasing,down,90.0%,0.7949,79.49,79%,Other,Site,NULL,0.900,0.850,0.850,1,1,0,2025-04-01,2026-07-30 13:05:15.117,2026-07-30 13:05:15.117,93,RM,0
2,6,62,On-Time To Need - Dwg Rel (mPLM),At-Risk,decreasing,down,90.0%,0.8034,80.34,80%,Other,Site,NULL,0.900,0.850,0.850,1,1,0,2025-11-01,2026-07-30 13:05:15.117,2026-07-30 13:05:15.117,94,RM,0
2,6,62,On-Time To Need - Dwg Rel (mPLM),At-Risk,decreasing,down,90.0%,0.8049,80.49,80%,Other,Site,NULL,0.900,0.850,0.850,1,1,0,2025-07-01,2026-07-30 13:05:15.117,2026-07-30 13:05:15.117,33,WH,0
2,6,62,On-Time To Need - Dwg Rel (mPLM),At-Risk,decreasing,down,90.0%,0.8077,80.77,81%,Other,Site,NULL,0.900,0.850,0.850,1,1,0,2025-09-01,2026-07-30 13:05:15.117,2026-07-30 13:05:15.117,168,RM,0
2,6,62,On-Time To Need - Dwg Rel (mPLM),At-Risk,decreasing,down,90.0%,0.819,81.9,82%,Other,Site,NULL,0.900,0.850,0.850,1,1,0,2025-12-01,2026-07-30 13:05:15.117,2026-07-30 13:05:15.117,181,BWI,0
2,6,62,On-Time To Need - Dwg Rel (mPLM),At-Risk,decreasing,down,90.0%,0.8242,82.42,82%,Other,Site,NULL,0.900,0.850,0.850,1,1,0,2024-09-01,2026-07-30 13:05:15.117,2026-07-30 13:05:15.117,75,RM,0
2,6,62,On-Time To Need - Dwg Rel (mPLM),At-Risk,decreasing,down,90.0%,0.8292,82.92,83%,Other,Site,NULL,0.900,0.850,0.850,1,1,0,2026-04-01,2026-07-30 13:05:15.117,2026-07-30 13:05:15.117,301,BWI,0
2,6,62,On-Time To Need - Dwg Rel (mPLM),At-Risk,decreasing,down,90.0%,0.8333,83.33,83%,Other,Site,NULL,0.900,0.850,0.850,1,1,0,2025-01-01,2026-07-30 13:05:15.117,2026-07-30 13:05:15.117,20,OCE,0
2,6,62,On-Time To Need - Dwg Rel (mPLM),At-Risk,decreasing,down,90.0%,0.8374,83.74,84%,Other,Site,NULL,0.900,0.850,0.850,1,1,0,2024-03-01,2026-07-30 13:05:15.117,2026-07-30 13:05:15.117,103,RM,0
2,6,62,On-Time To Need - Dwg Rel (mPLM),At-Risk,decreasing,down,90.0%,0.8387,83.87,84%,Other,Site,NULL,0.900,0.850,0.850,1,1,0,2025-12-01,2026-07-30 13:05:15.117,2026-07-30 13:05:15.117,52,WH,0
2,6,62,On-Time To Need - Dwg Rel (mPLM),At-Risk,increasing,up,90.0%,0.2353,23.53,24%,Other,Site,NULL,0.900,0.850,0.850,1,1,0,2024-10-01,2026-07-30 13:05:15.117,2026-07-30 13:05:15.117,12,CHO,0
2,6,62,On-Time To Need - Dwg Rel (mPLM),At-Risk,increasing,up,90.0%,0.3289,32.89,33%,Other,Site,NULL,0.900,0.850,0.850,1,1,0,2024-07-01,2026-07-30 13:05:15.117,2026-07-30 13:05:15.117,75,BWI,0
2,6,62,On-Time To Need - Dwg Rel (mPLM),At-Risk,increasing,up,90.0%,0.3364,33.64,34%,Other,Site,NULL,0.900,0.850,0.850,1,1,0,2024-08-01,2026-07-30 13:05:15.117,2026-07-30 13:05:15.117,72,BWI,0
2,6,62,On-Time To Need - Dwg Rel (mPLM),At-Risk,increasing,up,90.0%,0.3519,35.19,35%,Other,Site,NULL,0.900,0.850,0.850,1,1,0,2024-09-01,2026-07-30 13:05:15.117,2026-07-30 13:05:15.117,76,BWI,0
2,6,62,On-Time To Need - Dwg Rel (mPLM),At-Risk,increasing,up,90.0%,0.3609,36.09,36%,Other,Site,NULL,0.900,0.850,0.850,1,1,0,2024-12-01,2026-07-30 13:05:15.117,2026-07-30 13:05:15.117,61,BWI,0
2,6,62,On-Time To Need - Dwg Rel (mPLM),At-Risk,increasing,up,90.0%,0.4072,40.72,41%,Other,Site,NULL,0.900,0.850,0.850,1,1,0,2024-04-01,2026-07-30 13:05:15.117,2026-07-30 13:05:15.117,90,BWI,0
2,6,62,On-Time To Need - Dwg Rel (mPLM),At-Risk,increasing,up,90.0%,0.408,40.8,41%,Other,Site,NULL,0.900,0.850,0.850,1,1,0,2024-05-01,2026-07-30 13:05:15.117,2026-07-30 13:05:15.117,82,BWI,0
2,6,62,On-Time To Need - Dwg Rel (mPLM),At-Risk,increasing,up,90.0%,0.4267,42.67,43%,Other,Site,NULL,0.900,0.850,0.850,1,1,0,2024-02-01,2026-07-30 13:05:15.117,2026-07-30 13:05:15.117,99,BWI,0
2,6,62,On-Time To Need - Dwg Rel (mPLM),At-Risk,increasing,up,90.0%,0.4462,44.62,45%,Other,Site,NULL,0.900,0.850,0.850,1,1,0,2024-10-01,2026-07-30 13:05:15.117,2026-07-30 13:05:15.117,87,BWI,0
2,6,62,On-Time To Need - Dwg Rel (mPLM),At-Risk,increasing,up,90.0%,0.483,48.3,48%,Other,Site,NULL,0.900,0.850,0.850,1,1,0,2025-08-01,2026-07-30 13:05:15.117,2026-07-30 13:05:15.117,71,BWI,0
2,6,62,On-Time To Need - Dwg Rel (mPLM),At-Risk,increasing,up,90.0%,0.5,50,50%,Other,Site,NULL,0.900,0.850,0.850,1,1,0,2024-12-01,2026-07-30 13:05:15.117,2026-07-30 13:05:15.117,4,CHO,0
2,6,62,On-Time To Need - Dwg Rel (mPLM),At-Risk,increasing,up,90.0%,0.5,50,50%,Other,Site,NULL,0.900,0.850,0.850,1,1,0,2025-02-01,2026-07-30 13:05:15.117,2026-07-30 13:05:15.117,1,TRY,0
2,6,62,On-Time To Need - Dwg Rel (mPLM),At-Risk,increasing,up,90.0%,0.7337,73.37,73%,Other,Site,NULL,0.900,0.850,0.850,1,1,0,2025-03-01,2026-07-30 13:05:15.117,2026-07-30 13:05:15.117,146,BWI,0
2,6,62,On-Time To Need - Dwg Rel (mPLM),At-Risk,increasing,up,90.0%,0.7751,77.51,78%,Other,Site,NULL,0.900,0.850,0.850,1,1,0,2026-06-01,2026-07-30 13:05:15.117,2026-07-30 13:05:15.117,224,BWI,0
2,6,62,On-Time To Need - Dwg Rel (mPLM),At-Risk,increasing,up,90.0%,0.8033,80.33,80%,Other,Site,NULL,0.900,0.850,0.850,1,1,0,2024-06-01,2026-07-30 13:05:15.117,2026-07-30 13:05:15.117,98,RM,0
2,6,62,On-Time To Need - Dwg Rel (mPLM),At-Risk,increasing,up,90.0%,0.8304,83.04,83%,Other,Site,NULL,0.900,0.850,0.850,1,1,0,2025-05-01,2026-07-30 13:05:15.117,2026-07-30 13:05:15.117,93,RM,0
2,6,62,On-Time To Need - Dwg Rel (mPLM),At-Risk,increasing,up,90.0%,0.8478,84.78,85%,Other,Site,NULL,0.900,0.850,0.850,1,1,0,2025-05-01,2026-07-30 13:05:15.117,2026-07-30 13:05:15.117,39,CHO,0
2,6,62,On-Time To Need - Dwg Rel (mPLM),At-Risk,stable,stable,90.0%,0,0,0%,Other,Site,NULL,0.900,0.850,0.850,1,1,0,2024-12-01,2026-07-30 13:05:15.117,2026-07-30 13:05:15.117,0,TRY,0
2,6,62,On-Time To Need - Dwg Rel (mPLM),At-Risk,unk,unk,90.0%,0.3939,39.39,39%,Other,Site,NULL,0.900,0.850,0.850,1,1,0,2024-01-01,2026-07-30 13:05:15.117,2026-07-30 13:05:15.117,78,BWI,0
2,6,62,On-Time To Need - Dwg Rel (mPLM),At-Risk,unk,unk,90.0%,0.651,65.1,65%,Other,Site,NULL,0.900,0.850,0.850,1,1,0,2024-01-01,2026-07-30 13:05:15.117,2026-07-30 13:05:15.117,97,RM,0
2,6,62,On-Time To Need - Dwg Rel (mPLM),At-Risk,unk,unk,90.0%,0.8182,81.82,82%,Other,Site,NULL,0.900,0.850,0.850,1,1,0,2026-06-01,2026-07-30 13:05:15.117,2026-07-30 13:05:15.117,9,SD,0
2,6,62,On-Time To Need - Dwg Rel (mPLM),Healthy,decreasing,down,90.0%,0.9,90,90%,Other,Site,NULL,0.900,0.850,0.850,1,1,0,2026-07-01,2026-07-30 13:05:15.117,2026-07-30 13:05:15.117,72,AMH,1
2,6,62,On-Time To Need - Dwg Rel (mPLM),Healthy,decreasing,down,90.0%,0.9048,90.48,90%,Other,Site,NULL,0.900,0.850,0.850,1,1,0,2024-05-01,2026-07-30 13:05:15.117,2026-07-30 13:05:15.117,19,APK,0
2,6,62,On-Time To Need - Dwg Rel (mPLM),Healthy,decreasing,down,90.0%,0.9067,90.67,91%,Other,Site,NULL,0.900,0.850,0.850,1,1,0,2024-09-01,2026-07-30 13:05:15.117,2026-07-30 13:05:15.117,68,AMH,0
2,6,62,On-Time To Need - Dwg Rel (mPLM),Healthy,decreasing,down,90.0%,0.9091,90.91,91%,Other,Site,NULL,0.900,0.850,0.850,1,1,0,2025-04-01,2026-07-30 13:05:15.117,2026-07-30 13:05:15.117,10,SYK,0
2,6,62,On-Time To Need - Dwg Rel (mPLM),Healthy,decreasing,down,90.0%,0.9124,91.24,91%,Other,Site,NULL,0.900,0.850,0.850,1,1,0,2024-12-01,2026-07-30 13:05:15.117,2026-07-30 13:05:15.117,125,RM,0
2,6,62,On-Time To Need - Dwg Rel (mPLM),Healthy,decreasing,down,90.0%,0.9167,91.67,92%,Other,Site,NULL,0.900,0.850,0.850,1,1,0,2026-06-01,2026-07-30 13:05:15.117,2026-07-30 13:05:15.117,11,SYK,0
2,6,62,On-Time To Need - Dwg Rel (mPLM),Healthy,decreasing,down,90.0%,0.9207,92.07,92%,Other,Site,NULL,0.900,0.850,0.850,1,1,0,2024-10-01,2026-07-30 13:05:15.117,2026-07-30 13:05:15.117,151,WH,0
2,6,62,On-Time To Need - Dwg Rel (mPLM),Healthy,decreasing,down,90.0%,0.9231,92.31,92%,Other,Site,NULL,0.900,0.850,0.850,1,1,0,2024-02-01,2026-07-30 13:05:15.117,2026-07-30 13:05:15.117,12,TRY,0
2,6,62,On-Time To Need - Dwg Rel (mPLM),Healthy,decreasing,down,90.0%,0.9267,92.67,93%,Other,Site,NULL,0.900,0.850,0.850,1,1,0,2024-03-01,2026-07-30 13:05:15.117,2026-07-30 13:05:15.117,139,AMH,0
2,6,62,On-Time To Need - Dwg Rel (mPLM),Healthy,decreasing,down,90.0%,0.9286,92.86,93%,Other,Site,NULL,0.900,0.850,0.850,1,1,0,2024-05-01,2026-07-30 13:05:15.117,2026-07-30 13:05:15.117,13,TRY,0
2,6,62,On-Time To Need - Dwg Rel (mPLM),Healthy,decreasing,down,90.0%,0.9286,92.86,93%,Other,Site,NULL,0.900,0.850,0.850,1,1,0,2024-05-01,2026-07-30 13:05:15.117,2026-07-30 13:05:15.117,13,XET,0
2,6,62,On-Time To Need - Dwg Rel (mPLM),Healthy,decreasing,down,90.0%,0.9351,93.51,94%,Other,Site,NULL,0.900,0.850,0.850,1,1,0,2025-09-01,2026-07-30 13:05:15.117,2026-07-30 13:05:15.117,72,WH,0
2,6,62,On-Time To Need - Dwg Rel (mPLM),Healthy,decreasing,down,90.0%,0.9375,93.75,94%,Other,Site,NULL,0.900,0.850,0.850,1,1,0,2025-03-01,2026-07-30 13:05:15.117,2026-07-30 13:05:15.117,15,SYK,0
2,6,62,On-Time To Need - Dwg Rel (mPLM),Healthy,decreasing,down,90.0%,0.939,93.9,94%,Other,Site,NULL,0.900,0.850,0.850,1,1,0,2026-02-01,2026-07-30 13:05:15.117,2026-07-30 13:05:15.117,77,AMH,0
2,6,62,On-Time To Need - Dwg Rel (mPLM),Healthy,decreasing,down,90.0%,0.9398,93.98,94%,Other,Site,NULL,0.900,0.850,0.850,1,1,0,2025-02-01,2026-07-30 13:05:15.117,2026-07-30 13:05:15.117,78,AMH,0
2,6,62,On-Time To Need - Dwg Rel (mPLM),Healthy,decreasing,down,90.0%,0.9431,94.31,94%,Other,Site,NULL,0.900,0.850,0.850,1,1,0,2026-06-01,2026-07-30 13:05:15.117,2026-07-30 13:05:15.117,116,RM,0
2,6,62,On-Time To Need - Dwg Rel (mPLM),Healthy,decreasing,down,90.0%,0.9516,95.16,95%,Other,Site,NULL,0.900,0.850,0.850,1,1,0,2024-11-01,2026-07-30 13:05:15.117,2026-07-30 13:05:15.117,59,AMH,0
2,6,62,On-Time To Need - Dwg Rel (mPLM),Healthy,decreasing,down,90.0%,0.9528,95.28,95%,Other,Site,NULL,0.900,0.850,0.850,1,1,0,2024-08-01,2026-07-30 13:05:15.117,2026-07-30 13:05:15.117,101,AMH,0
2,6,62,On-Time To Need - Dwg Rel (mPLM),Healthy,decreasing,down,90.0%,0.9545,95.45,95%,Other,Site,NULL,0.900,0.850,0.850,1,1,0,2024-07-01,2026-07-30 13:05:15.117,2026-07-30 13:05:15.117,21,XET,0
2,6,62,On-Time To Need - Dwg Rel (mPLM),Healthy,decreasing,down,90.0%,0.9565,95.65,96%,Other,Site,NULL,0.900,0.850,0.850,1,1,0,2024-09-01,2026-07-30 13:05:15.117,2026-07-30 13:05:15.117,44,APK,0
2,6,62,On-Time To Need - Dwg Rel (mPLM),Healthy,decreasing,down,90.0%,0.9583,95.83,96%,Other,Site,NULL,0.900,0.850,0.850,1,1,0,2024-05-01,2026-07-30 13:05:15.117,2026-07-30 13:05:15.117,69,AMH,0
2,6,62,On-Time To Need - Dwg Rel (mPLM),Healthy,decreasing,down,90.0%,0.9595,95.95,96%,Other,Site,NULL,0.900,0.850,0.850,1,1,0,2025-12-01,2026-07-30 13:05:15.117,2026-07-30 13:05:15.117,71,AMH,0
2,6,62,On-Time To Need - Dwg Rel (mPLM),Healthy,decreasing,down,90.0%,0.9651,96.51,97%,Other,Site,NULL,0.900,0.850,0.850,1,1,0,2025-08-01,2026-07-30 13:05:15.117,2026-07-30 13:05:15.117,83,RM,0
2,6,62,On-Time To Need - Dwg Rel (mPLM),Healthy,decreasing,down,90.0%,0.9697,96.97,97%,Other,Site,NULL,0.900,0.850,0.850,1,1,0,2026-01-01,2026-07-30 13:05:15.117,2026-07-30 13:05:15.117,32,CHO,0
2,6,62,On-Time To Need - Dwg Rel (mPLM),Healthy,decreasing,down,90.0%,0.9706,97.06,97%,Other,Site,NULL,0.900,0.850,0.850,1,1,0,2025-05-01,2026-07-30 13:05:15.117,2026-07-30 13:05:15.117,33,APK,0
2,6,62,On-Time To Need - Dwg Rel (mPLM),Healthy,decreasing,down,90.0%,0.9706,97.06,97%,Other,Site,NULL,0.900,0.850,0.850,1,1,0,2025-08-01,2026-07-30 13:05:15.117,2026-07-30 13:05:15.117,33,APK,0
2,6,62,On-Time To Need - Dwg Rel (mPLM),Healthy,decreasing,down,90.0%,0.9714,97.14,97%,Other,Site,NULL,0.900,0.850,0.850,1,1,0,2025-09-01,2026-07-30 13:05:15.117,2026-07-30 13:05:15.117,34,CHO,0
2,6,62,On-Time To Need - Dwg Rel (mPLM),Healthy,decreasing,down,90.0%,0.9792,97.92,98%,Other,Site,NULL,0.900,0.850,0.850,1,1,0,2026-04-01,2026-07-30 13:05:15.117,2026-07-30 13:05:15.117,94,WH,0
2,6,62,On-Time To Need - Dwg Rel (mPLM),Healthy,decreasing,down,90.0%,0.9804,98.04,98%,Other,Site,NULL,0.900,0.850,0.850,1,1,0,2026-06-01,2026-07-30 13:05:15.117,2026-07-30 13:05:15.117,100,AMH,0
2,6,62,On-Time To Need - Dwg Rel (mPLM),Healthy,decreasing,down,90.0%,0.9808,98.08,98%,Other,Site,NULL,0.900,0.850,0.850,1,1,0,2025-06-01,2026-07-30 13:05:15.117,2026-07-30 13:05:15.117,51,AMH,0
2,6,62,On-Time To Need - Dwg Rel (mPLM),Healthy,decreasing,down,90.0%,0.9828,98.28,98%,Other,Site,NULL,0.900,0.850,0.850,1,1,0,2026-05-01,2026-07-30 13:05:15.117,2026-07-30 13:05:15.117,114,AMH,0
2,6,62,On-Time To Need - Dwg Rel (mPLM),Healthy,decreasing,down,90.0%,0.986,98.6,99%,Other,Site,NULL,0.900,0.850,0.850,1,1,0,2024-02-01,2026-07-30 13:05:15.117,2026-07-30 13:05:15.117,141,AMH,0
2,6,62,On-Time To Need - Dwg Rel (mPLM),Healthy,increasing,up,90.0%,0.9178,91.78,92%,Other,Site,NULL,0.900,0.850,0.850,1,1,0,2024-10-01,2026-07-30 13:05:15.117,2026-07-30 13:05:15.117,67,RM,0
2,6,62,On-Time To Need - Dwg Rel (mPLM),Healthy,increasing,up,90.0%,0.9351,93.51,94%,Other,Site,NULL,0.900,0.850,0.850,1,1,0,2024-09-01,2026-07-30 13:05:15.117,2026-07-30 13:05:15.117,72,WH,0
2,6,62,On-Time To Need - Dwg Rel (mPLM),Healthy,increasing,up,90.0%,0.9388,93.88,94%,Other,Site,NULL,0.900,0.850,0.850,1,1,0,2025-03-01,2026-07-30 13:05:15.117,2026-07-30 13:05:15.117,138,RM,0
2,6,62,On-Time To Need - Dwg Rel (mPLM),Healthy,increasing,up,90.0%,0.94,94,94%,Other,Site,NULL,0.900,0.850,0.850,1,1,0,2025-04-01,2026-07-30 13:05:15.117,2026-07-30 13:05:15.117,47,WH,0
2,6,62,On-Time To Need - Dwg Rel (mPLM),Healthy,increasing,up,90.0%,0.9419,94.19,94%,Other,Site,NULL,0.900,0.850,0.850,1,1,0,2025-03-01,2026-07-30 13:05:15.117,2026-07-30 13:05:15.117,81,AMH,0
2,6,62,On-Time To Need - Dwg Rel (mPLM),Healthy,increasing,up,90.0%,0.9481,94.81,95%,Other,Site,NULL,0.900,0.850,0.850,1,1,0,2025-07-01,2026-07-30 13:05:15.117,2026-07-30 13:05:15.117,73,CHO,0
2,6,62,On-Time To Need - Dwg Rel (mPLM),Healthy,increasing,up,90.0%,0.9483,94.83,95%,Other,Site,NULL,0.900,0.850,0.850,1,1,0,2024-12-01,2026-07-30 13:05:15.117,2026-07-30 13:05:15.117,55,WH,0
2,6,62,On-Time To Need - Dwg Rel (mPLM),Healthy,increasing,up,90.0%,0.9524,95.24,95%,Other,Site,NULL,0.900,0.850,0.850,1,1,0,2025-05-01,2026-07-30 13:05:15.117,2026-07-30 13:05:15.117,20,SYK,0
2,6,62,On-Time To Need - Dwg Rel (mPLM),Healthy,increasing,up,90.0%,0.9652,96.52,97%,Other,Site,NULL,0.900,0.850,0.850,1,1,0,2024-12-01,2026-07-30 13:05:15.117,2026-07-30 13:05:15.117,111,AMH,0
2,6,62,On-Time To Need - Dwg Rel (mPLM),Healthy,increasing,up,90.0%,0.9655,96.55,97%,Other,Site,NULL,0.900,0.850,0.850,1,1,0,2024-06-01,2026-07-30 13:05:15.117,2026-07-30 13:05:15.117,112,AMH,0
2,6,62,On-Time To Need - Dwg Rel (mPLM),Healthy,increasing,up,90.0%,0.9672,96.72,97%,Other,Site,NULL,0.900,0.850,0.850,1,1,0,2025-04-01,2026-07-30 13:05:15.117,2026-07-30 13:05:15.117,59,AMH,0
2,6,62,On-Time To Need - Dwg Rel (mPLM),Healthy,increasing,up,90.0%,0.9722,97.22,97%,Other,Site,NULL,0.900,0.850,0.850,1,1,0,2025-10-01,2026-07-30 13:05:15.117,2026-07-30 13:05:15.117,105,AMH,0
2,6,62,On-Time To Need - Dwg Rel (mPLM),Healthy,increasing,up,90.0%,0.9732,97.32,97%,Other,Site,NULL,0.900,0.850,0.850,1,1,0,2026-03-01,2026-07-30 13:05:15.117,2026-07-30 13:05:15.117,109,AMH,0
2,6,62,On-Time To Need - Dwg Rel (mPLM),Healthy,increasing,up,90.0%,0.9737,97.37,97%,Other,Site,NULL,0.900,0.850,0.850,1,1,0,2025-12-01,2026-07-30 13:05:15.117,2026-07-30 13:05:15.117,148,RM,0
2,6,62,On-Time To Need - Dwg Rel (mPLM),Healthy,increasing,up,90.0%,0.9776,97.76,98%,Other,Site,NULL,0.900,0.850,0.850,1,1,0,2024-07-01,2026-07-30 13:05:15.117,2026-07-30 13:05:15.117,131,AMH,0
2,6,62,On-Time To Need - Dwg Rel (mPLM),Healthy,increasing,up,90.0%,0.9796,97.96,98%,Other,Site,NULL,0.900,0.850,0.850,1,1,0,2025-06-01,2026-07-30 13:05:15.117,2026-07-30 13:05:15.117,144,RM,0
2,6,62,On-Time To Need - Dwg Rel (mPLM),Healthy,increasing,up,90.0%,0.9821,98.21,98%,Other,Site,NULL,0.900,0.850,0.850,1,1,0,2025-05-01,2026-07-30 13:05:15.117,2026-07-30 13:05:15.117,55,AMH,0
2,6,62,On-Time To Need - Dwg Rel (mPLM),Healthy,increasing,up,90.0%,0.9839,98.39,98%,Other,Site,NULL,0.900,0.850,0.850,1,1,0,2025-01-01,2026-07-30 13:05:15.117,2026-07-30 13:05:15.117,61,AMH,0
2,6,62,On-Time To Need - Dwg Rel (mPLM),Healthy,increasing,up,90.0%,0.9844,98.44,98%,Other,Site,NULL,0.900,0.850,0.850,1,1,0,2025-06-01,2026-07-30 13:05:15.117,2026-07-30 13:05:15.117,63,WH,0
2,6,62,On-Time To Need - Dwg Rel (mPLM),Healthy,increasing,up,90.0%,0.9867,98.67,99%,Other,Site,NULL,0.900,0.850,0.850,1,1,0,2025-08-01,2026-07-30 13:05:15.117,2026-07-30 13:05:15.117,74,WH,0
2,6,62,On-Time To Need - Dwg Rel (mPLM),Healthy,increasing,up,90.0%,0.987,98.7,99%,Other,Site,NULL,0.900,0.850,0.850,1,1,0,2026-04-01,2026-07-30 13:05:15.117,2026-07-30 13:05:15.117,76,AMH,0
2,6,62,On-Time To Need - Dwg Rel (mPLM),Healthy,increasing,up,90.0%,0.988,98.8,99%,Other,Site,NULL,0.900,0.850,0.850,1,1,0,2024-11-01,2026-07-30 13:05:15.117,2026-07-30 13:05:15.117,82,RM,0
2,6,62,On-Time To Need - Dwg Rel (mPLM),Healthy,increasing,up,90.0%,0.9894,98.94,99%,Other,Site,NULL,0.900,0.850,0.850,1,1,0,2024-08-01,2026-07-30 13:05:15.117,2026-07-30 13:05:15.117,187,RM,0
2,6,62,On-Time To Need - Dwg Rel (mPLM),Healthy,increasing,up,90.0%,0.9911,99.11,99%,Other,Site,NULL,0.900,0.850,0.850,1,1,0,2024-04-01,2026-07-30 13:05:15.117,2026-07-30 13:05:15.117,111,AMH,0
2,6,62,On-Time To Need - Dwg Rel (mPLM),Healthy,increasing,up,90.0%,0.9924,99.24,99%,Other,Site,NULL,0.900,0.850,0.850,1,1,0,2025-11-01,2026-07-30 13:05:15.117,2026-07-30 13:05:15.117,130,AMH,0
2,6,62,On-Time To Need - Dwg Rel (mPLM),Healthy,increasing,up,90.0%,1,100,100%,Other,Site,NULL,0.900,0.850,0.850,1,1,0,2024-04-01,2026-07-30 13:05:15.117,2026-07-30 13:05:15.117,143,RM,0
2,6,62,On-Time To Need - Dwg Rel (mPLM),Healthy,increasing,up,90.0%,1,100,100%,Other,Site,NULL,0.900,0.850,0.850,1,1,0,2024-04-01,2026-07-30 13:05:15.117,2026-07-30 13:05:15.117,7,TRY,0
2,6,62,On-Time To Need - Dwg Rel (mPLM),Healthy,increasing,up,90.0%,1,100,100%,Other,Site,NULL,0.900,0.850,0.850,1,1,0,2024-06-01,2026-07-30 13:05:15.117,2026-07-30 13:05:15.117,16,XET,0
2,6,62,On-Time To Need - Dwg Rel (mPLM),Healthy,increasing,up,90.0%,1,100,100%,Other,Site,NULL,0.900,0.850,0.850,1,1,0,2024-06-01,2026-07-30 13:05:15.117,2026-07-30 13:05:15.117,28,APK,0
2,6,62,On-Time To Need - Dwg Rel (mPLM),Healthy,increasing,up,90.0%,1,100,100%,Other,Site,NULL,0.900,0.850,0.850,1,1,0,2024-06-01,2026-07-30 13:05:15.117,2026-07-30 13:05:15.117,6,TRY,0
2,6,62,On-Time To Need - Dwg Rel (mPLM),Healthy,increasing,up,90.0%,1,100,100%,Other,Site,NULL,0.900,0.850,0.850,1,1,0,2024-08-01,2026-07-30 13:05:15.117,2026-07-30 13:05:15.117,23,TRY,0
2,6,62,On-Time To Need - Dwg Rel (mPLM),Healthy,increasing,up,90.0%,1,100,100%,Other,Site,NULL,0.900,0.850,0.850,1,1,0,2024-08-01,2026-07-30 13:05:15.117,2026-07-30 13:05:15.117,47,XET,0
2,6,62,On-Time To Need - Dwg Rel (mPLM),Healthy,increasing,up,90.0%,1,100,100%,Other,Site,NULL,0.900,0.850,0.850,1,1,0,2024-10-01,2026-07-30 13:05:15.117,2026-07-30 13:05:15.117,144,AMH,0
2,6,62,On-Time To Need - Dwg Rel (mPLM),Healthy,increasing,up,90.0%,1,100,100%,Other,Site,NULL,0.900,0.850,0.850,1,1,0,2024-10-01,2026-07-30 13:05:15.117,2026-07-30 13:05:15.117,27,APK,0
2,6,62,On-Time To Need - Dwg Rel (mPLM),Healthy,increasing,up,90.0%,1,100,100%,Other,Site,NULL,0.900,0.850,0.850,1,1,0,2025-01-01,2026-07-30 13:05:15.117,2026-07-30 13:05:15.117,4,CHO,0
2,6,62,On-Time To Need - Dwg Rel (mPLM),Healthy,increasing,up,90.0%,1,100,100%,Other,Site,NULL,0.900,0.850,0.850,1,1,0,2025-02-01,2026-07-30 13:05:15.117,2026-07-30 13:05:15.117,26,WH,0
2,6,62,On-Time To Need - Dwg Rel (mPLM),Healthy,increasing,up,90.0%,1,100,100%,Other,Site,NULL,0.900,0.850,0.850,1,1,0,2025-02-01,2026-07-30 13:05:15.117,2026-07-30 13:05:15.117,38,OCE,0
2,6,62,On-Time To Need - Dwg Rel (mPLM),Healthy,increasing,up,90.0%,1,100,100%,Other,Site,NULL,0.900,0.850,0.850,1,1,0,2025-06-01,2026-07-30 13:05:15.117,2026-07-30 13:05:15.117,1,TRY,0
2,6,62,On-Time To Need - Dwg Rel (mPLM),Healthy,increasing,up,90.0%,1,100,100%,Other,Site,NULL,0.900,0.850,0.850,1,1,0,2025-06-01,2026-07-30 13:05:15.117,2026-07-30 13:05:15.117,29,APK,0
2,6,62,On-Time To Need - Dwg Rel (mPLM),Healthy,increasing,up,90.0%,1,100,100%,Other,Site,NULL,0.900,0.850,0.850,1,1,0,2025-06-01,2026-07-30 13:05:15.117,2026-07-30 13:05:15.117,36,SYK,0
2,6,62,On-Time To Need - Dwg Rel (mPLM),Healthy,increasing,up,90.0%,1,100,100%,Other,Site,NULL,0.900,0.850,0.850,1,1,0,2025-07-01,2026-07-30 13:05:15.117,2026-07-30 13:05:15.117,144,RM,0
2,6,62,On-Time To Need - Dwg Rel (mPLM),Healthy,increasing,up,90.0%,1,100,100%,Other,Site,NULL,0.900,0.850,0.850,1,1,0,2025-07-01,2026-07-30 13:05:15.117,2026-07-30 13:05:15.117,51,AMH,0
2,6,62,On-Time To Need - Dwg Rel (mPLM),Healthy,increasing,up,90.0%,1,100,100%,Other,Site,NULL,0.900,0.850,0.850,1,1,0,2025-08-01,2026-07-30 13:05:15.117,2026-07-30 13:05:15.117,19,SLC,0
2,6,62,On-Time To Need - Dwg Rel (mPLM),Healthy,increasing,up,90.0%,1,100,100%,Other,Site,NULL,0.900,0.850,0.850,1,1,0,2025-08-01,2026-07-30 13:05:15.117,2026-07-30 13:05:15.117,50,CHO,0
2,6,62,On-Time To Need - Dwg Rel (mPLM),Healthy,increasing,up,90.0%,1,100,100%,Other,Site,NULL,0.900,0.850,0.850,1,1,0,2025-09-01,2026-07-30 13:05:15.117,2026-07-30 13:05:15.117,39,APK,0
2,6,62,On-Time To Need - Dwg Rel (mPLM),Healthy,increasing,up,90.0%,1,100,100%,Other,Site,NULL,0.900,0.850,0.850,1,1,0,2025-10-01,2026-07-30 13:05:15.117,2026-07-30 13:05:15.117,67,CHO,0
2,6,62,On-Time To Need - Dwg Rel (mPLM),Healthy,increasing,up,90.0%,1,100,100%,Other,Site,NULL,0.900,0.850,0.850,1,1,0,2025-11-01,2026-07-30 13:05:15.117,2026-07-30 13:05:15.117,45,WH,0
2,6,62,On-Time To Need - Dwg Rel (mPLM),Healthy,increasing,up,90.0%,1,100,100%,Other,Site,NULL,0.900,0.850,0.850,1,1,0,2026-01-01,2026-07-30 13:05:15.117,2026-07-30 13:05:15.117,47,WH,0
2,6,62,On-Time To Need - Dwg Rel (mPLM),Healthy,increasing,up,90.0%,1,100,100%,Other,Site,NULL,0.900,0.850,0.850,1,1,0,2026-01-01,2026-07-30 13:05:15.117,2026-07-30 13:05:15.117,76,AMH,0
2,6,62,On-Time To Need - Dwg Rel (mPLM),Healthy,increasing,up,90.0%,1,100,100%,Other,Site,NULL,0.900,0.850,0.850,1,1,0,2026-01-01,2026-07-30 13:05:15.117,2026-07-30 13:05:15.117,76,RM,0
2,6,62,On-Time To Need - Dwg Rel (mPLM),Healthy,increasing,up,90.0%,1,100,100%,Other,Site,NULL,0.900,0.850,0.850,1,1,0,2026-02-01,2026-07-30 13:05:15.117,2026-07-30 13:05:15.117,2,CHO,0
2,6,62,On-Time To Need - Dwg Rel (mPLM),Healthy,increasing,up,90.0%,1,100,100%,Other,Site,NULL,0.900,0.850,0.850,1,1,0,2026-02-01,2026-07-30 13:05:15.117,2026-07-30 13:05:15.117,6,SVL,0
2,6,62,On-Time To Need - Dwg Rel (mPLM),Healthy,increasing,up,90.0%,1,100,100%,Other,Site,NULL,0.900,0.850,0.850,1,1,0,2026-05-01,2026-07-30 13:05:15.117,2026-07-30 13:05:15.117,101,WH,0
2,6,62,On-Time To Need - Dwg Rel (mPLM),Healthy,increasing,up,90.0%,1,100,100%,Other,Site,NULL,0.900,0.850,0.850,1,1,0,2026-06-01,2026-07-30 13:05:15.117,2026-07-30 13:05:15.117,9,CHO,0
2,6,62,On-Time To Need - Dwg Rel (mPLM),Healthy,increasing,up,90.0%,1,100,100%,Other,Site,NULL,0.900,0.850,0.850,1,1,0,2026-07-01,2026-07-30 13:05:15.117,2026-07-30 13:05:15.117,10,OCE,1
2,6,62,On-Time To Need - Dwg Rel (mPLM),Healthy,increasing,up,90.0%,1,100,100%,Other,Site,NULL,0.900,0.850,0.850,1,1,0,2026-07-01,2026-07-30 13:05:15.117,2026-07-30 13:05:15.117,9,SYK,1
2,6,62,On-Time To Need - Dwg Rel (mPLM),Healthy,stable,stable,90.0%,1,100,100%,Other,Site,NULL,0.900,0.850,0.850,1,1,0,2024-02-01,2026-07-30 13:05:15.117,2026-07-30 13:05:15.117,1,CHO,0
2,6,62,On-Time To Need - Dwg Rel (mPLM),Healthy,stable,stable,90.0%,1,100,100%,Other,Site,NULL,0.900,0.850,0.850,1,1,0,2024-02-01,2026-07-30 13:05:15.117,2026-07-30 13:05:15.117,15,XET,0
2,6,62,On-Time To Need - Dwg Rel (mPLM),Healthy,stable,stable,90.0%,1,100,100%,Other,Site,NULL,0.900,0.850,0.850,1,1,0,2024-02-01,2026-07-30 13:05:15.117,2026-07-30 13:05:15.117,45,APK,0
2,6,62,On-Time To Need - Dwg Rel (mPLM),Healthy,stable,stable,90.0%,1,100,100%,Other,Site,NULL,0.900,0.850,0.850,1,1,0,2024-02-01,2026-07-30 13:05:15.117,2026-07-30 13:05:15.117,46,SVL,0
2,6,62,On-Time To Need - Dwg Rel (mPLM),Healthy,stable,stable,90.0%,1,100,100%,Other,Site,NULL,0.900,0.850,0.850,1,1,0,2024-02-01,2026-07-30 13:05:15.117,2026-07-30 13:05:15.117,75,WH,0
2,6,62,On-Time To Need - Dwg Rel (mPLM),Healthy,stable,stable,90.0%,1,100,100%,Other,Site,NULL,0.900,0.850,0.850,1,1,0,2024-02-01,2026-07-30 13:05:15.117,2026-07-30 13:05:15.117,8,SYK,0
2,6,62,On-Time To Need - Dwg Rel (mPLM),Healthy,stable,stable,90.0%,1,100,100%,Other,Site,NULL,0.900,0.850,0.850,1,1,0,2024-02-01,2026-07-30 13:05:15.117,2026-07-30 13:05:15.117,9,OCE,0
2,6,62,On-Time To Need - Dwg Rel (mPLM),Healthy,stable,stable,90.0%,1,100,100%,Other,Site,NULL,0.900,0.850,0.850,1,1,0,2024-03-01,2026-07-30 13:05:15.117,2026-07-30 13:05:15.117,119,WH,0
2,6,62,On-Time To Need - Dwg Rel (mPLM),Healthy,stable,stable,90.0%,1,100,100%,Other,Site,NULL,0.900,0.850,0.850,1,1,0,2024-03-01,2026-07-30 13:05:15.117,2026-07-30 13:05:15.117,18,OCE,0
2,6,62,On-Time To Need - Dwg Rel (mPLM),Healthy,stable,stable,90.0%,1,100,100%,Other,Site,NULL,0.900,0.850,0.850,1,1,0,2024-03-01,2026-07-30 13:05:15.117,2026-07-30 13:05:15.117,20,XET,0
2,6,62,On-Time To Need - Dwg Rel (mPLM),Healthy,stable,stable,90.0%,1,100,100%,Other,Site,NULL,0.900,0.850,0.850,1,1,0,2024-03-01,2026-07-30 13:05:15.117,2026-07-30 13:05:15.117,3,SYK,0
2,6,62,On-Time To Need - Dwg Rel (mPLM),Healthy,stable,stable,90.0%,1,100,100%,Other,Site,NULL,0.900,0.850,0.850,1,1,0,2024-03-01,2026-07-30 13:05:15.117,2026-07-30 13:05:15.117,39,SVL,0
2,6,62,On-Time To Need - Dwg Rel (mPLM),Healthy,stable,stable,90.0%,1,100,100%,Other,Site,NULL,0.900,0.850,0.850,1,1,0,2024-03-01,2026-07-30 13:05:15.117,2026-07-30 13:05:15.117,4,CHO,0
2,6,62,On-Time To Need - Dwg Rel (mPLM),Healthy,stable,stable,90.0%,1,100,100%,Other,Site,NULL,0.900,0.850,0.850,1,1,0,2024-03-01,2026-07-30 13:05:15.117,2026-07-30 13:05:15.117,79,APK,0
2,6,62,On-Time To Need - Dwg Rel (mPLM),Healthy,stable,stable,90.0%,1,100,100%,Other,Site,NULL,0.900,0.850,0.850,1,1,0,2024-04-01,2026-07-30 13:05:15.117,2026-07-30 13:05:15.117,12,OCE,0
2,6,62,On-Time To Need - Dwg Rel (mPLM),Healthy,stable,stable,90.0%,1,100,100%,Other,Site,NULL,0.900,0.850,0.850,1,1,0,2024-04-01,2026-07-30 13:05:15.117,2026-07-30 13:05:15.117,21,XET,0
2,6,62,On-Time To Need - Dwg Rel (mPLM),Healthy,stable,stable,90.0%,1,100,100%,Other,Site,NULL,0.900,0.850,0.850,1,1,0,2024-04-01,2026-07-30 13:05:15.117,2026-07-30 13:05:15.117,4,SYK,0
2,6,62,On-Time To Need - Dwg Rel (mPLM),Healthy,stable,stable,90.0%,1,100,100%,Other,Site,NULL,0.900,0.850,0.850,1,1,0,2024-04-01,2026-07-30 13:05:15.117,2026-07-30 13:05:15.117,48,SVL,0
2,6,62,On-Time To Need - Dwg Rel (mPLM),Healthy,stable,stable,90.0%,1,100,100%,Other,Site,NULL,0.900,0.850,0.850,1,1,0,2024-04-01,2026-07-30 13:05:15.117,2026-07-30 13:05:15.117,5,CHO,0
2,6,62,On-Time To Need - Dwg Rel (mPLM),Healthy,stable,stable,90.0%,1,100,100%,Other,Site,NULL,0.900,0.850,0.850,1,1,0,2024-04-01,2026-07-30 13:05:15.117,2026-07-30 13:05:15.117,52,APK,0
2,6,62,On-Time To Need - Dwg Rel (mPLM),Healthy,stable,stable,90.0%,1,100,100%,Other,Site,NULL,0.900,0.850,0.850,1,1,0,2024-04-01,2026-07-30 13:05:15.117,2026-07-30 13:05:15.117,98,WH,0
2,6,62,On-Time To Need - Dwg Rel (mPLM),Healthy,stable,stable,90.0%,1,100,100%,Other,Site,NULL,0.900,0.850,0.850,1,1,0,2024-05-01,2026-07-30 13:05:15.117,2026-07-30 13:05:15.117,1,CHO,0
2,6,62,On-Time To Need - Dwg Rel (mPLM),Healthy,stable,stable,90.0%,1,100,100%,Other,Site,NULL,0.900,0.850,0.850,1,1,0,2024-05-01,2026-07-30 13:05:15.117,2026-07-30 13:05:15.117,157,WH,0
2,6,62,On-Time To Need - Dwg Rel (mPLM),Healthy,stable,stable,90.0%,1,100,100%,Other,Site,NULL,0.900,0.850,0.850,1,1,0,2024-05-01,2026-07-30 13:05:15.117,2026-07-30 13:05:15.117,2,SYK,0
2,6,62,On-Time To Need - Dwg Rel (mPLM),Healthy,stable,stable,90.0%,1,100,100%,Other,Site,NULL,0.900,0.850,0.850,1,1,0,2024-05-01,2026-07-30 13:05:15.117,2026-07-30 13:05:15.117,39,SVL,0
2,6,62,On-Time To Need - Dwg Rel (mPLM),Healthy,stable,stable,90.0%,1,100,100%,Other,Site,NULL,0.900,0.850,0.850,1,1,0,2024-05-01,2026-07-30 13:05:15.117,2026-07-30 13:05:15.117,8,OCE,0
2,6,62,On-Time To Need - Dwg Rel (mPLM),Healthy,stable,stable,90.0%,1,100,100%,Other,Site,NULL,0.900,0.850,0.850,1,1,0,2024-06-01,2026-07-30 13:05:15.117,2026-07-30 13:05:15.117,182,WH,0
2,6,62,On-Time To Need - Dwg Rel (mPLM),Healthy,stable,stable,90.0%,1,100,100%,Other,Site,NULL,0.900,0.850,0.850,1,1,0,2024-06-01,2026-07-30 13:05:15.117,2026-07-30 13:05:15.117,3,SYK,0
2,6,62,On-Time To Need - Dwg Rel (mPLM),Healthy,stable,stable,90.0%,1,100,100%,Other,Site,NULL,0.900,0.850,0.850,1,1,0,2024-06-01,2026-07-30 13:05:15.117,2026-07-30 13:05:15.117,8,OCE,0
2,6,62,On-Time To Need - Dwg Rel (mPLM),Healthy,stable,stable,90.0%,1,100,100%,Other,Site,NULL,0.900,0.850,0.850,1,1,0,2024-06-01,2026-07-30 13:05:15.117,2026-07-30 13:05:15.117,9,SVL,0
2,6,62,On-Time To Need - Dwg Rel (mPLM),Healthy,stable,stable,90.0%,1,100,100%,Other,Site,NULL,0.900,0.850,0.850,1,1,0,2024-07-01,2026-07-30 13:05:15.117,2026-07-30 13:05:15.117,1,SLC,0
2,6,62,On-Time To Need - Dwg Rel (mPLM),Healthy,stable,stable,90.0%,1,100,100%,Other,Site,NULL,0.900,0.850,0.850,1,1,0,2024-07-01,2026-07-30 13:05:15.117,2026-07-30 13:05:15.117,18,SYK,0
2,6,62,On-Time To Need - Dwg Rel (mPLM),Healthy,stable,stable,90.0%,1,100,100%,Other,Site,NULL,0.900,0.850,0.850,1,1,0,2024-07-01,2026-07-30 13:05:15.117,2026-07-30 13:05:15.117,23,SVL,0
2,6,62,On-Time To Need - Dwg Rel (mPLM),Healthy,stable,stable,90.0%,1,100,100%,Other,Site,NULL,0.900,0.850,0.850,1,1,0,2024-07-01,2026-07-30 13:05:15.117,2026-07-30 13:05:15.117,26,OCE,0
2,6,62,On-Time To Need - Dwg Rel (mPLM),Healthy,stable,stable,90.0%,1,100,100%,Other,Site,NULL,0.900,0.850,0.850,1,1,0,2024-07-01,2026-07-30 13:05:15.117,2026-07-30 13:05:15.117,47,APK,0
2,6,62,On-Time To Need - Dwg Rel (mPLM),Healthy,stable,stable,90.0%,1,100,100%,Other,Site,NULL,0.900,0.850,0.850,1,1,0,2024-07-01,2026-07-30 13:05:15.117,2026-07-30 13:05:15.117,8,CHO,0
2,6,62,On-Time To Need - Dwg Rel (mPLM),Healthy,stable,stable,90.0%,1,100,100%,Other,Site,NULL,0.900,0.850,0.850,1,1,0,2024-08-01,2026-07-30 13:05:15.117,2026-07-30 13:05:15.117,14,SVL,0
2,6,62,On-Time To Need - Dwg Rel (mPLM),Healthy,stable,stable,90.0%,1,100,100%,Other,Site,NULL,0.900,0.850,0.850,1,1,0,2024-08-01,2026-07-30 13:05:15.117,2026-07-30 13:05:15.117,17,OCE,0
2,6,62,On-Time To Need - Dwg Rel (mPLM),Healthy,stable,stable,90.0%,1,100,100%,Other,Site,NULL,0.900,0.850,0.850,1,1,0,2024-08-01,2026-07-30 13:05:15.117,2026-07-30 13:05:15.117,5,SLC,0
2,6,62,On-Time To Need - Dwg Rel (mPLM),Healthy,stable,stable,90.0%,1,100,100%,Other,Site,NULL,0.900,0.850,0.850,1,1,0,2024-08-01,2026-07-30 13:05:15.117,2026-07-30 13:05:15.117,60,APK,0
2,6,62,On-Time To Need - Dwg Rel (mPLM),Healthy,stable,stable,90.0%,1,100,100%,Other,Site,NULL,0.900,0.850,0.850,1,1,0,2024-08-01,2026-07-30 13:05:15.117,2026-07-30 13:05:15.117,9,SYK,0
2,6,62,On-Time To Need - Dwg Rel (mPLM),Healthy,stable,stable,90.0%,1,100,100%,Other,Site,NULL,0.900,0.850,0.850,1,1,0,2024-09-01,2026-07-30 13:05:15.117,2026-07-30 13:05:15.117,14,SYK,0
2,6,62,On-Time To Need - Dwg Rel (mPLM),Healthy,stable,stable,90.0%,1,100,100%,Other,Site,NULL,0.900,0.850,0.850,1,1,0,2024-09-01,2026-07-30 13:05:15.117,2026-07-30 13:05:15.117,20,OCE,0
2,6,62,On-Time To Need - Dwg Rel (mPLM),Healthy,stable,stable,90.0%,1,100,100%,Other,Site,NULL,0.900,0.850,0.850,1,1,0,2024-09-01,2026-07-30 13:05:15.117,2026-07-30 13:05:15.117,28,XET,0
2,6,62,On-Time To Need - Dwg Rel (mPLM),Healthy,stable,stable,90.0%,1,100,100%,Other,Site,NULL,0.900,0.850,0.850,1,1,0,2024-09-01,2026-07-30 13:05:15.117,2026-07-30 13:05:15.117,5,SLC,0
2,6,62,On-Time To Need - Dwg Rel (mPLM),Healthy,stable,stable,90.0%,1,100,100%,Other,Site,NULL,0.900,0.850,0.850,1,1,0,2024-09-01,2026-07-30 13:05:15.117,2026-07-30 13:05:15.117,7,SVL,0
2,6,62,On-Time To Need - Dwg Rel (mPLM),Healthy,stable,stable,90.0%,1,100,100%,Other,Site,NULL,0.900,0.850,0.850,1,1,0,2024-09-01,2026-07-30 13:05:15.117,2026-07-30 13:05:15.117,8,TRY,0
2,6,62,On-Time To Need - Dwg Rel (mPLM),Healthy,stable,stable,90.0%,1,100,100%,Other,Site,NULL,0.900,0.850,0.850,1,1,0,2024-10-01,2026-07-30 13:05:15.117,2026-07-30 13:05:15.117,15,XET,0
2,6,62,On-Time To Need - Dwg Rel (mPLM),Healthy,stable,stable,90.0%,1,100,100%,Other,Site,NULL,0.900,0.850,0.850,1,1,0,2024-10-01,2026-07-30 13:05:15.117,2026-07-30 13:05:15.117,20,SYK,0
2,6,62,On-Time To Need - Dwg Rel (mPLM),Healthy,stable,stable,90.0%,1,100,100%,Other,Site,NULL,0.900,0.850,0.850,1,1,0,2024-10-01,2026-07-30 13:05:15.117,2026-07-30 13:05:15.117,3,SVL,0
2,6,62,On-Time To Need - Dwg Rel (mPLM),Healthy,stable,stable,90.0%,1,100,100%,Other,Site,NULL,0.900,0.850,0.850,1,1,0,2024-10-01,2026-07-30 13:05:15.117,2026-07-30 13:05:15.117,3,TRY,0
2,6,62,On-Time To Need - Dwg Rel (mPLM),Healthy,stable,stable,90.0%,1,100,100%,Other,Site,NULL,0.900,0.850,0.850,1,1,0,2024-10-01,2026-07-30 13:05:15.117,2026-07-30 13:05:15.117,5,SLC,0
2,6,62,On-Time To Need - Dwg Rel (mPLM),Healthy,stable,stable,90.0%,1,100,100%,Other,Site,NULL,0.900,0.850,0.850,1,1,0,2024-10-01,2026-07-30 13:05:15.117,2026-07-30 13:05:15.117,54,OCE,0
2,6,62,On-Time To Need - Dwg Rel (mPLM),Healthy,stable,stable,90.0%,1,100,100%,Other,Site,NULL,0.900,0.850,0.850,1,1,0,2024-11-01,2026-07-30 13:05:15.117,2026-07-30 13:05:15.117,14,XET,0
2,6,62,On-Time To Need - Dwg Rel (mPLM),Healthy,stable,stable,90.0%,1,100,100%,Other,Site,NULL,0.900,0.850,0.850,1,1,0,2024-11-01,2026-07-30 13:05:15.117,2026-07-30 13:05:15.117,16,SYK,0
2,6,62,On-Time To Need - Dwg Rel (mPLM),Healthy,stable,stable,90.0%,1,100,100%,Other,Site,NULL,0.900,0.850,0.850,1,1,0,2024-11-01,2026-07-30 13:05:15.117,2026-07-30 13:05:15.117,2,SVL,0
2,6,62,On-Time To Need - Dwg Rel (mPLM),Healthy,stable,stable,90.0%,1,100,100%,Other,Site,NULL,0.900,0.850,0.850,1,1,0,2024-11-01,2026-07-30 13:05:15.117,2026-07-30 13:05:15.117,27,OCE,0
2,6,62,On-Time To Need - Dwg Rel (mPLM),Healthy,stable,stable,90.0%,1,100,100%,Other,Site,NULL,0.900,0.850,0.850,1,1,0,2024-11-01,2026-07-30 13:05:15.117,2026-07-30 13:05:15.117,30,APK,0
2,6,62,On-Time To Need - Dwg Rel (mPLM),Healthy,stable,stable,90.0%,1,100,100%,Other,Site,NULL,0.900,0.850,0.850,1,1,0,2024-11-01,2026-07-30 13:05:15.117,2026-07-30 13:05:15.117,4,SLC,0
2,6,62,On-Time To Need - Dwg Rel (mPLM),Healthy,stable,stable,90.0%,1,100,100%,Other,Site,NULL,0.900,0.850,0.850,1,1,0,2024-12-01,2026-07-30 13:05:15.117,2026-07-30 13:05:15.117,1,SLC,0
2,6,62,On-Time To Need - Dwg Rel (mPLM),Healthy,stable,stable,90.0%,1,100,100%,Other,Site,NULL,0.900,0.850,0.850,1,1,0,2024-12-01,2026-07-30 13:05:15.117,2026-07-30 13:05:15.117,10,XET,0
2,6,62,On-Time To Need - Dwg Rel (mPLM),Healthy,stable,stable,90.0%,1,100,100%,Other,Site,NULL,0.900,0.850,0.850,1,1,0,2024-12-01,2026-07-30 13:05:15.117,2026-07-30 13:05:15.117,13,APK,0
2,6,62,On-Time To Need - Dwg Rel (mPLM),Healthy,stable,stable,90.0%,1,100,100%,Other,Site,NULL,0.900,0.850,0.850,1,1,0,2024-12-01,2026-07-30 13:05:15.117,2026-07-30 13:05:15.117,31,OCE,0
2,6,62,On-Time To Need - Dwg Rel (mPLM),Healthy,stable,stable,90.0%,1,100,100%,Other,Site,NULL,0.900,0.850,0.850,1,1,0,2024-12-01,2026-07-30 13:05:15.117,2026-07-30 13:05:15.117,8,SVL,0
2,6,62,On-Time To Need - Dwg Rel (mPLM),Healthy,stable,stable,90.0%,1,100,100%,Other,Site,NULL,0.900,0.850,0.850,1,1,0,2024-12-01,2026-07-30 13:05:15.117,2026-07-30 13:05:15.117,8,SYK,0
2,6,62,On-Time To Need - Dwg Rel (mPLM),Healthy,stable,stable,90.0%,1,100,100%,Other,Site,NULL,0.900,0.850,0.850,1,1,0,2025-01-01,2026-07-30 13:05:15.117,2026-07-30 13:05:15.117,14,APK,0
2,6,62,On-Time To Need - Dwg Rel (mPLM),Healthy,stable,stable,90.0%,1,100,100%,Other,Site,NULL,0.900,0.850,0.850,1,1,0,2025-01-01,2026-07-30 13:05:15.117,2026-07-30 13:05:15.117,14,SVL,0
2,6,62,On-Time To Need - Dwg Rel (mPLM),Healthy,stable,stable,90.0%,1,100,100%,Other,Site,NULL,0.900,0.850,0.850,1,1,0,2025-01-01,2026-07-30 13:05:15.117,2026-07-30 13:05:15.117,18,SLC,0
2,6,62,On-Time To Need - Dwg Rel (mPLM),Healthy,stable,stable,90.0%,1,100,100%,Other,Site,NULL,0.900,0.850,0.850,1,1,0,2025-01-01,2026-07-30 13:05:15.117,2026-07-30 13:05:15.117,2,SYK,0
2,6,62,On-Time To Need - Dwg Rel (mPLM),Healthy,stable,stable,90.0%,1,100,100%,Other,Site,NULL,0.900,0.850,0.850,1,1,0,2025-01-01,2026-07-30 13:05:15.117,2026-07-30 13:05:15.117,20,XET,0
2,6,62,On-Time To Need - Dwg Rel (mPLM),Healthy,stable,stable,90.0%,1,100,100%,Other,Site,NULL,0.900,0.850,0.850,1,1,0,2025-02-01,2026-07-30 13:05:15.117,2026-07-30 13:05:15.117,12,XET,0
2,6,62,On-Time To Need - Dwg Rel (mPLM),Healthy,stable,stable,90.0%,1,100,100%,Other,Site,NULL,0.900,0.850,0.850,1,1,0,2025-02-01,2026-07-30 13:05:15.117,2026-07-30 13:05:15.117,13,SVL,0
2,6,62,On-Time To Need - Dwg Rel (mPLM),Healthy,stable,stable,90.0%,1,100,100%,Other,Site,NULL,0.900,0.850,0.850,1,1,0,2025-02-01,2026-07-30 13:05:15.117,2026-07-30 13:05:15.117,33,APK,0
2,6,62,On-Time To Need - Dwg Rel (mPLM),Healthy,stable,stable,90.0%,1,100,100%,Other,Site,NULL,0.900,0.850,0.850,1,1,0,2025-02-01,2026-07-30 13:05:15.117,2026-07-30 13:05:15.117,5,SLC,0
2,6,62,On-Time To Need - Dwg Rel (mPLM),Healthy,stable,stable,90.0%,1,100,100%,Other,Site,NULL,0.900,0.850,0.850,1,1,0,2025-02-01,2026-07-30 13:05:15.117,2026-07-30 13:05:15.117,5,SYK,0
2,6,62,On-Time To Need - Dwg Rel (mPLM),Healthy,stable,stable,90.0%,1,100,100%,Other,Site,NULL,0.900,0.850,0.850,1,1,0,2025-02-01,2026-07-30 13:05:15.117,2026-07-30 13:05:15.117,9,CHO,0
2,6,62,On-Time To Need - Dwg Rel (mPLM),Healthy,stable,stable,90.0%,1,100,100%,Other,Site,NULL,0.900,0.850,0.850,1,1,0,2025-03-01,2026-07-30 13:05:15.117,2026-07-30 13:05:15.117,13,XET,0
2,6,62,On-Time To Need - Dwg Rel (mPLM),Healthy,stable,stable,90.0%,1,100,100%,Other,Site,NULL,0.900,0.850,0.850,1,1,0,2025-03-01,2026-07-30 13:05:15.117,2026-07-30 13:05:15.117,25,OCE,0
2,6,62,On-Time To Need - Dwg Rel (mPLM),Healthy,stable,stable,90.0%,1,100,100%,Other,Site,NULL,0.900,0.850,0.850,1,1,0,2025-03-01,2026-07-30 13:05:15.117,2026-07-30 13:05:15.117,30,APK,0
2,6,62,On-Time To Need - Dwg Rel (mPLM),Healthy,stable,stable,90.0%,1,100,100%,Other,Site,NULL,0.900,0.850,0.850,1,1,0,2025-03-01,2026-07-30 13:05:15.117,2026-07-30 13:05:15.117,6,SLC,0
2,6,62,On-Time To Need - Dwg Rel (mPLM),Healthy,stable,stable,90.0%,1,100,100%,Other,Site,NULL,0.900,0.850,0.850,1,1,0,2025-03-01,2026-07-30 13:05:15.117,2026-07-30 13:05:15.117,8,SVL,0
2,6,62,On-Time To Need - Dwg Rel (mPLM),Healthy,stable,stable,90.0%,1,100,100%,Other,Site,NULL,0.900,0.850,0.850,1,1,0,2025-04-01,2026-07-30 13:05:15.117,2026-07-30 13:05:15.117,21,OCE,0
2,6,62,On-Time To Need - Dwg Rel (mPLM),Healthy,stable,stable,90.0%,1,100,100%,Other,Site,NULL,0.900,0.850,0.850,1,1,0,2025-04-01,2026-07-30 13:05:15.117,2026-07-30 13:05:15.117,5,XET,0
2,6,62,On-Time To Need - Dwg Rel (mPLM),Healthy,stable,stable,90.0%,1,100,100%,Other,Site,NULL,0.900,0.850,0.850,1,1,0,2025-04-01,2026-07-30 13:05:15.117,2026-07-30 13:05:15.117,7,SVL,0
2,6,62,On-Time To Need - Dwg Rel (mPLM),Healthy,stable,stable,90.0%,1,100,100%,Other,Site,NULL,0.900,0.850,0.850,1,1,0,2025-04-01,2026-07-30 13:05:15.117,2026-07-30 13:05:15.117,8,SLC,0
2,6,62,On-Time To Need - Dwg Rel (mPLM),Healthy,stable,stable,90.0%,1,100,100%,Other,Site,NULL,0.900,0.850,0.850,1,1,0,2025-04-01,2026-07-30 13:05:15.117,2026-07-30 13:05:15.117,82,APK,0
2,6,62,On-Time To Need - Dwg Rel (mPLM),Healthy,stable,stable,90.0%,1,100,100%,Other,Site,NULL,0.900,0.850,0.850,1,1,0,2025-05-01,2026-07-30 13:05:15.117,2026-07-30 13:05:15.117,15,XET,0
2,6,62,On-Time To Need - Dwg Rel (mPLM),Healthy,stable,stable,90.0%,1,100,100%,Other,Site,NULL,0.900,0.850,0.850,1,1,0,2025-05-01,2026-07-30 13:05:15.117,2026-07-30 13:05:15.117,23,OCE,0
2,6,62,On-Time To Need - Dwg Rel (mPLM),Healthy,stable,stable,90.0%,1,100,100%,Other,Site,NULL,0.900,0.850,0.850,1,1,0,2025-05-01,2026-07-30 13:05:15.117,2026-07-30 13:05:15.117,4,SLC,0
2,6,62,On-Time To Need - Dwg Rel (mPLM),Healthy,stable,stable,90.0%,1,100,100%,Other,Site,NULL,0.900,0.850,0.850,1,1,0,2025-05-01,2026-07-30 13:05:15.117,2026-07-30 13:05:15.117,5,SVL,0
2,6,62,On-Time To Need - Dwg Rel (mPLM),Healthy,stable,stable,90.0%,1,100,100%,Other,Site,NULL,0.900,0.850,0.850,1,1,0,2025-06-01,2026-07-30 13:05:15.117,2026-07-30 13:05:15.117,11,OCE,0
2,6,62,On-Time To Need - Dwg Rel (mPLM),Healthy,stable,stable,90.0%,1,100,100%,Other,Site,NULL,0.900,0.850,0.850,1,1,0,2025-06-01,2026-07-30 13:05:15.117,2026-07-30 13:05:15.117,19,XET,0
2,6,62,On-Time To Need - Dwg Rel (mPLM),Healthy,stable,stable,90.0%,1,100,100%,Other,Site,NULL,0.900,0.850,0.850,1,1,0,2025-06-01,2026-07-30 13:05:15.117,2026-07-30 13:05:15.117,3,SLC,0
2,6,62,On-Time To Need - Dwg Rel (mPLM),Healthy,stable,stable,90.0%,1,100,100%,Other,Site,NULL,0.900,0.850,0.850,1,1,0,2025-06-01,2026-07-30 13:05:15.117,2026-07-30 13:05:15.117,3,SVL,0
2,6,62,On-Time To Need - Dwg Rel (mPLM),Healthy,stable,stable,90.0%,1,100,100%,Other,Site,NULL,0.900,0.850,0.850,1,1,0,2025-07-01,2026-07-30 13:05:15.117,2026-07-30 13:05:15.117,14,APK,0
2,6,62,On-Time To Need - Dwg Rel (mPLM),Healthy,stable,stable,90.0%,1,100,100%,Other,Site,NULL,0.900,0.850,0.850,1,1,0,2025-07-01,2026-07-30 13:05:15.117,2026-07-30 13:05:15.117,3,SVL,0
2,6,62,On-Time To Need - Dwg Rel (mPLM),Healthy,stable,stable,90.0%,1,100,100%,Other,Site,NULL,0.900,0.850,0.850,1,1,0,2025-07-01,2026-07-30 13:05:15.117,2026-07-30 13:05:15.117,33,SYK,0
2,6,62,On-Time To Need - Dwg Rel (mPLM),Healthy,stable,stable,90.0%,1,100,100%,Other,Site,NULL,0.900,0.850,0.850,1,1,0,2025-07-01,2026-07-30 13:05:15.117,2026-07-30 13:05:15.117,34,OCE,0
2,6,62,On-Time To Need - Dwg Rel (mPLM),Healthy,stable,stable,90.0%,1,100,100%,Other,Site,NULL,0.900,0.850,0.850,1,1,0,2025-07-01,2026-07-30 13:05:15.117,2026-07-30 13:05:15.117,8,XET,0
2,6,62,On-Time To Need - Dwg Rel (mPLM),Healthy,stable,stable,90.0%,1,100,100%,Other,Site,NULL,0.900,0.850,0.850,1,1,0,2025-08-01,2026-07-30 13:05:15.117,2026-07-30 13:05:15.117,13,XET,0
2,6,62,On-Time To Need - Dwg Rel (mPLM),Healthy,stable,stable,90.0%,1,100,100%,Other,Site,NULL,0.900,0.850,0.850,1,1,0,2025-08-01,2026-07-30 13:05:15.117,2026-07-30 13:05:15.117,34,SYK,0
2,6,62,On-Time To Need - Dwg Rel (mPLM),Healthy,stable,stable,90.0%,1,100,100%,Other,Site,NULL,0.900,0.850,0.850,1,1,0,2025-08-01,2026-07-30 13:05:15.117,2026-07-30 13:05:15.117,40,AMH,0
2,6,62,On-Time To Need - Dwg Rel (mPLM),Healthy,stable,stable,90.0%,1,100,100%,Other,Site,NULL,0.900,0.850,0.850,1,1,0,2025-08-01,2026-07-30 13:05:15.117,2026-07-30 13:05:15.117,5,SVL,0
2,6,62,On-Time To Need - Dwg Rel (mPLM),Healthy,stable,stable,90.0%,1,100,100%,Other,Site,NULL,0.900,0.850,0.850,1,1,0,2025-08-01,2026-07-30 13:05:15.117,2026-07-30 13:05:15.117,7,OCE,0
2,6,62,On-Time To Need - Dwg Rel (mPLM),Healthy,stable,stable,90.0%,1,100,100%,Other,Site,NULL,0.900,0.850,0.850,1,1,0,2025-09-01,2026-07-30 13:05:15.117,2026-07-30 13:05:15.117,1,TRY,0
2,6,62,On-Time To Need - Dwg Rel (mPLM),Healthy,stable,stable,90.0%,1,100,100%,Other,Site,NULL,0.900,0.850,0.850,1,1,0,2025-09-01,2026-07-30 13:05:15.117,2026-07-30 13:05:15.117,10,SVL,0
2,6,62,On-Time To Need - Dwg Rel (mPLM),Healthy,stable,stable,90.0%,1,100,100%,Other,Site,NULL,0.900,0.850,0.850,1,1,0,2025-09-01,2026-07-30 13:05:15.117,2026-07-30 13:05:15.117,2,SLC,0
2,6,62,On-Time To Need - Dwg Rel (mPLM),Healthy,stable,stable,90.0%,1,100,100%,Other,Site,NULL,0.900,0.850,0.850,1,1,0,2025-09-01,2026-07-30 13:05:15.117,2026-07-30 13:05:15.117,5,SYK,0
2,6,62,On-Time To Need - Dwg Rel (mPLM),Healthy,stable,stable,90.0%,1,100,100%,Other,Site,NULL,0.900,0.850,0.850,1,1,0,2025-09-01,2026-07-30 13:05:15.117,2026-07-30 13:05:15.117,56,XET,0
2,6,62,On-Time To Need - Dwg Rel (mPLM),Healthy,stable,stable,90.0%,1,100,100%,Other,Site,NULL,0.900,0.850,0.850,1,1,0,2025-09-01,2026-07-30 13:05:15.117,2026-07-30 13:05:15.117,9,OCE,0
2,6,62,On-Time To Need - Dwg Rel (mPLM),Healthy,stable,stable,90.0%,1,100,100%,Other,Site,NULL,0.900,0.850,0.850,1,1,0,2025-10-01,2026-07-30 13:05:15.117,2026-07-30 13:05:15.117,148,XET,0
2,6,62,On-Time To Need - Dwg Rel (mPLM),Healthy,stable,stable,90.0%,1,100,100%,Other,Site,NULL,0.900,0.850,0.850,1,1,0,2025-10-01,2026-07-30 13:05:15.117,2026-07-30 13:05:15.117,17,OCE,0
2,6,62,On-Time To Need - Dwg Rel (mPLM),Healthy,stable,stable,90.0%,1,100,100%,Other,Site,NULL,0.900,0.850,0.850,1,1,0,2025-10-01,2026-07-30 13:05:15.117,2026-07-30 13:05:15.117,20,APK,0
2,6,62,On-Time To Need - Dwg Rel (mPLM),Healthy,stable,stable,90.0%,1,100,100%,Other,Site,NULL,0.900,0.850,0.850,1,1,0,2025-10-01,2026-07-30 13:05:15.117,2026-07-30 13:05:15.117,28,SLC,0
2,6,62,On-Time To Need - Dwg Rel (mPLM),Healthy,stable,stable,90.0%,1,100,100%,Other,Site,NULL,0.900,0.850,0.850,1,1,0,2025-10-01,2026-07-30 13:05:15.117,2026-07-30 13:05:15.117,9,SYK,0
2,6,62,On-Time To Need - Dwg Rel (mPLM),Healthy,stable,stable,90.0%,1,100,100%,Other,Site,NULL,0.900,0.850,0.850,1,1,0,2025-11-01,2026-07-30 13:05:15.117,2026-07-30 13:05:15.117,11,SYK,0
2,6,62,On-Time To Need - Dwg Rel (mPLM),Healthy,stable,stable,90.0%,1,100,100%,Other,Site,NULL,0.900,0.850,0.850,1,1,0,2025-11-01,2026-07-30 13:05:15.117,2026-07-30 13:05:15.117,27,SLC,0
2,6,62,On-Time To Need - Dwg Rel (mPLM),Healthy,stable,stable,90.0%,1,100,100%,Other,Site,NULL,0.900,0.850,0.850,1,1,0,2025-11-01,2026-07-30 13:05:15.117,2026-07-30 13:05:15.117,31,APK,0
2,6,62,On-Time To Need - Dwg Rel (mPLM),Healthy,stable,stable,90.0%,1,100,100%,Other,Site,NULL,0.900,0.850,0.850,1,1,0,2025-11-01,2026-07-30 13:05:15.117,2026-07-30 13:05:15.117,37,XET,0
2,6,62,On-Time To Need - Dwg Rel (mPLM),Healthy,stable,stable,90.0%,1,100,100%,Other,Site,NULL,0.900,0.850,0.850,1,1,0,2025-11-01,2026-07-30 13:05:15.117,2026-07-30 13:05:15.117,4,OCE,0
2,6,62,On-Time To Need - Dwg Rel (mPLM),Healthy,stable,stable,90.0%,1,100,100%,Other,Site,NULL,0.900,0.850,0.850,1,1,0,2025-11-01,2026-07-30 13:05:15.117,2026-07-30 13:05:15.117,8,SVL,0
2,6,62,On-Time To Need - Dwg Rel (mPLM),Healthy,stable,stable,90.0%,1,100,100%,Other,Site,NULL,0.900,0.850,0.850,1,1,0,2025-11-01,2026-07-30 13:05:15.117,2026-07-30 13:05:15.117,9,CHO,0
2,6,62,On-Time To Need - Dwg Rel (mPLM),Healthy,stable,stable,90.0%,1,100,100%,Other,Site,NULL,0.900,0.850,0.850,1,1,0,2025-12-01,2026-07-30 13:05:15.117,2026-07-30 13:05:15.117,1,TRY,0
2,6,62,On-Time To Need - Dwg Rel (mPLM),Healthy,stable,stable,90.0%,1,100,100%,Other,Site,NULL,0.900,0.850,0.850,1,1,0,2025-12-01,2026-07-30 13:05:15.117,2026-07-30 13:05:15.117,2,SYK,0
2,6,62,On-Time To Need - Dwg Rel (mPLM),Healthy,stable,stable,90.0%,1,100,100%,Other,Site,NULL,0.900,0.850,0.850,1,1,0,2025-12-01,2026-07-30 13:05:15.117,2026-07-30 13:05:15.117,23,CHO,0
2,6,62,On-Time To Need - Dwg Rel (mPLM),Healthy,stable,stable,90.0%,1,100,100%,Other,Site,NULL,0.900,0.850,0.850,1,1,0,2025-12-01,2026-07-30 13:05:15.117,2026-07-30 13:05:15.117,27,APK,0
2,6,62,On-Time To Need - Dwg Rel (mPLM),Healthy,stable,stable,90.0%,1,100,100%,Other,Site,NULL,0.900,0.850,0.850,1,1,0,2025-12-01,2026-07-30 13:05:15.117,2026-07-30 13:05:15.117,4,SVL,0
2,6,62,On-Time To Need - Dwg Rel (mPLM),Healthy,stable,stable,90.0%,1,100,100%,Other,Site,NULL,0.900,0.850,0.850,1,1,0,2025-12-01,2026-07-30 13:05:15.117,2026-07-30 13:05:15.117,6,OCE,0
2,6,62,On-Time To Need - Dwg Rel (mPLM),Healthy,stable,stable,90.0%,1,100,100%,Other,Site,NULL,0.900,0.850,0.850,1,1,0,2025-12-01,2026-07-30 13:05:15.117,2026-07-30 13:05:15.117,9,XET,0
2,6,62,On-Time To Need - Dwg Rel (mPLM),Healthy,stable,stable,90.0%,1,100,100%,Other,Site,NULL,0.900,0.850,0.850,1,1,0,2026-01-01,2026-07-30 13:05:15.117,2026-07-30 13:05:15.117,12,XET,0
2,6,62,On-Time To Need - Dwg Rel (mPLM),Healthy,stable,stable,90.0%,1,100,100%,Other,Site,NULL,0.900,0.850,0.850,1,1,0,2026-01-01,2026-07-30 13:05:15.117,2026-07-30 13:05:15.117,36,APK,0
2,6,62,On-Time To Need - Dwg Rel (mPLM),Healthy,stable,stable,90.0%,1,100,100%,Other,Site,NULL,0.900,0.850,0.850,1,1,0,2026-01-01,2026-07-30 13:05:15.117,2026-07-30 13:05:15.117,4,OCE,0
2,6,62,On-Time To Need - Dwg Rel (mPLM),Healthy,stable,stable,90.0%,1,100,100%,Other,Site,NULL,0.900,0.850,0.850,1,1,0,2026-01-01,2026-07-30 13:05:15.117,2026-07-30 13:05:15.117,5,SYK,0
2,6,62,On-Time To Need - Dwg Rel (mPLM),Healthy,stable,stable,90.0%,1,100,100%,Other,Site,NULL,0.900,0.850,0.850,1,1,0,2026-02-01,2026-07-30 13:05:15.117,2026-07-30 13:05:15.117,15,XET,0
2,6,62,On-Time To Need - Dwg Rel (mPLM),Healthy,stable,stable,90.0%,1,100,100%,Other,Site,NULL,0.900,0.850,0.850,1,1,0,2026-02-01,2026-07-30 13:05:15.117,2026-07-30 13:05:15.117,16,SYK,0
2,6,62,On-Time To Need - Dwg Rel (mPLM),Healthy,stable,stable,90.0%,1,100,100%,Other,Site,NULL,0.900,0.850,0.850,1,1,0,2026-02-01,2026-07-30 13:05:15.117,2026-07-30 13:05:15.117,34,APK,0
2,6,62,On-Time To Need - Dwg Rel (mPLM),Healthy,stable,stable,90.0%,1,100,100%,Other,Site,NULL,0.900,0.850,0.850,1,1,0,2026-02-01,2026-07-30 13:05:15.117,2026-07-30 13:05:15.117,4,OCE,0
2,6,62,On-Time To Need - Dwg Rel (mPLM),Healthy,stable,stable,90.0%,1,100,100%,Other,Site,NULL,0.900,0.850,0.850,1,1,0,2026-02-01,2026-07-30 13:05:15.117,2026-07-30 13:05:15.117,57,WH,0
2,6,62,On-Time To Need - Dwg Rel (mPLM),Healthy,stable,stable,90.0%,1,100,100%,Other,Site,NULL,0.900,0.850,0.850,1,1,0,2026-02-01,2026-07-30 13:05:15.117,2026-07-30 13:05:15.117,65,RM,0
2,6,62,On-Time To Need - Dwg Rel (mPLM),Healthy,stable,stable,90.0%,1,100,100%,Other,Site,NULL,0.900,0.850,0.850,1,1,0,2026-02-01,2026-07-30 13:05:15.117,2026-07-30 13:05:15.117,8,SAC,0
2,6,62,On-Time To Need - Dwg Rel (mPLM),Healthy,stable,stable,90.0%,1,100,100%,Other,Site,NULL,0.900,0.850,0.850,1,1,0,2026-03-01,2026-07-30 13:05:15.117,2026-07-30 13:05:15.117,11,CHO,0
2,6,62,On-Time To Need - Dwg Rel (mPLM),Healthy,stable,stable,90.0%,1,100,100%,Other,Site,NULL,0.900,0.850,0.850,1,1,0,2026-03-01,2026-07-30 13:05:15.117,2026-07-30 13:05:15.117,12,OCE,0
2,6,62,On-Time To Need - Dwg Rel (mPLM),Healthy,stable,stable,90.0%,1,100,100%,Other,Site,NULL,0.900,0.850,0.850,1,1,0,2026-03-01,2026-07-30 13:05:15.117,2026-07-30 13:05:15.117,12,SYK,0
2,6,62,On-Time To Need - Dwg Rel (mPLM),Healthy,stable,stable,90.0%,1,100,100%,Other,Site,NULL,0.900,0.850,0.850,1,1,0,2026-03-01,2026-07-30 13:05:15.117,2026-07-30 13:05:15.117,146,RM,0
2,6,62,On-Time To Need - Dwg Rel (mPLM),Healthy,stable,stable,90.0%,1,100,100%,Other,Site,NULL,0.900,0.850,0.850,1,1,0,2026-03-01,2026-07-30 13:05:15.117,2026-07-30 13:05:15.117,16,SAC,0
2,6,62,On-Time To Need - Dwg Rel (mPLM),Healthy,stable,stable,90.0%,1,100,100%,Other,Site,NULL,0.900,0.850,0.850,1,1,0,2026-03-01,2026-07-30 13:05:15.117,2026-07-30 13:05:15.117,17,XET,0
2,6,62,On-Time To Need - Dwg Rel (mPLM),Healthy,stable,stable,90.0%,1,100,100%,Other,Site,NULL,0.900,0.850,0.850,1,1,0,2026-03-01,2026-07-30 13:05:15.117,2026-07-30 13:05:15.117,3,SLC,0
2,6,62,On-Time To Need - Dwg Rel (mPLM),Healthy,stable,stable,90.0%,1,100,100%,Other,Site,NULL,0.900,0.850,0.850,1,1,0,2026-03-01,2026-07-30 13:05:15.117,2026-07-30 13:05:15.117,34,APK,0
2,6,62,On-Time To Need - Dwg Rel (mPLM),Healthy,stable,stable,90.0%,1,100,100%,Other,Site,NULL,0.900,0.850,0.850,1,1,0,2026-03-01,2026-07-30 13:05:15.117,2026-07-30 13:05:15.117,4,SVL,0
2,6,62,On-Time To Need - Dwg Rel (mPLM),Healthy,stable,stable,90.0%,1,100,100%,Other,Site,NULL,0.900,0.850,0.850,1,1,0,2026-03-01,2026-07-30 13:05:15.117,2026-07-30 13:05:15.117,97,WH,0
2,6,62,On-Time To Need - Dwg Rel (mPLM),Healthy,stable,stable,90.0%,1,100,100%,Other,Site,NULL,0.900,0.850,0.850,1,1,0,2026-04-01,2026-07-30 13:05:15.117,2026-07-30 13:05:15.117,1,SLC,0
2,6,62,On-Time To Need - Dwg Rel (mPLM),Healthy,stable,stable,90.0%,1,100,100%,Other,Site,NULL,0.900,0.850,0.850,1,1,0,2026-04-01,2026-07-30 13:05:15.117,2026-07-30 13:05:15.117,12,OCE,0
2,6,62,On-Time To Need - Dwg Rel (mPLM),Healthy,stable,stable,90.0%,1,100,100%,Other,Site,NULL,0.900,0.850,0.850,1,1,0,2026-04-01,2026-07-30 13:05:15.117,2026-07-30 13:05:15.117,3,CHO,0
2,6,62,On-Time To Need - Dwg Rel (mPLM),Healthy,stable,stable,90.0%,1,100,100%,Other,Site,NULL,0.900,0.850,0.850,1,1,0,2026-04-01,2026-07-30 13:05:15.117,2026-07-30 13:05:15.117,41,APK,0
2,6,62,On-Time To Need - Dwg Rel (mPLM),Healthy,stable,stable,90.0%,1,100,100%,Other,Site,NULL,0.900,0.850,0.850,1,1,0,2026-04-01,2026-07-30 13:05:15.117,2026-07-30 13:05:15.117,6,XET,0
2,6,62,On-Time To Need - Dwg Rel (mPLM),Healthy,stable,stable,90.0%,1,100,100%,Other,Site,NULL,0.900,0.850,0.850,1,1,0,2026-04-01,2026-07-30 13:05:15.117,2026-07-30 13:05:15.117,7,SVL,0
2,6,62,On-Time To Need - Dwg Rel (mPLM),Healthy,stable,stable,90.0%,1,100,100%,Other,Site,NULL,0.900,0.850,0.850,1,1,0,2026-04-01,2026-07-30 13:05:15.117,2026-07-30 13:05:15.117,95,RM,0
2,6,62,On-Time To Need - Dwg Rel (mPLM),Healthy,stable,stable,90.0%,1,100,100%,Other,Site,NULL,0.900,0.850,0.850,1,1,0,2026-05-01,2026-07-30 13:05:15.117,2026-07-30 13:05:15.117,110,RM,0
2,6,62,On-Time To Need - Dwg Rel (mPLM),Healthy,stable,stable,90.0%,1,100,100%,Other,Site,NULL,0.900,0.850,0.850,1,1,0,2026-05-01,2026-07-30 13:05:15.117,2026-07-30 13:05:15.117,37,APK,0
2,6,62,On-Time To Need - Dwg Rel (mPLM),Healthy,stable,stable,90.0%,1,100,100%,Other,Site,NULL,0.900,0.850,0.850,1,1,0,2026-05-01,2026-07-30 13:05:15.117,2026-07-30 13:05:15.117,4,SLC,0
2,6,62,On-Time To Need - Dwg Rel (mPLM),Healthy,stable,stable,90.0%,1,100,100%,Other,Site,NULL,0.900,0.850,0.850,1,1,0,2026-05-01,2026-07-30 13:05:15.117,2026-07-30 13:05:15.117,4,SYK,0
2,6,62,On-Time To Need - Dwg Rel (mPLM),Healthy,stable,stable,90.0%,1,100,100%,Other,Site,NULL,0.900,0.850,0.850,1,1,0,2026-05-01,2026-07-30 13:05:15.117,2026-07-30 13:05:15.117,8,SVL,0
2,6,62,On-Time To Need - Dwg Rel (mPLM),Healthy,stable,stable,90.0%,1,100,100%,Other,Site,NULL,0.900,0.850,0.850,1,1,0,2026-05-01,2026-07-30 13:05:15.117,2026-07-30 13:05:15.117,9,XET,0
2,6,62,On-Time To Need - Dwg Rel (mPLM),Healthy,stable,stable,90.0%,1,100,100%,Other,Site,NULL,0.900,0.850,0.850,1,1,0,2026-06-01,2026-07-30 13:05:15.117,2026-07-30 13:05:15.117,15,SVL,0
2,6,62,On-Time To Need - Dwg Rel (mPLM),Healthy,stable,stable,90.0%,1,100,100%,Other,Site,NULL,0.900,0.850,0.850,1,1,0,2026-06-01,2026-07-30 13:05:15.117,2026-07-30 13:05:15.117,17,XET,0
2,6,62,On-Time To Need - Dwg Rel (mPLM),Healthy,stable,stable,90.0%,1,100,100%,Other,Site,NULL,0.900,0.850,0.850,1,1,0,2026-06-01,2026-07-30 13:05:15.117,2026-07-30 13:05:15.117,2,SLC,0
2,6,62,On-Time To Need - Dwg Rel (mPLM),Healthy,stable,stable,90.0%,1,100,100%,Other,Site,NULL,0.900,0.850,0.850,1,1,0,2026-06-01,2026-07-30 13:05:15.117,2026-07-30 13:05:15.117,42,APK,0
2,6,62,On-Time To Need - Dwg Rel (mPLM),Healthy,stable,stable,90.0%,1,100,100%,Other,Site,NULL,0.900,0.850,0.850,1,1,0,2026-06-01,2026-07-30 13:05:15.117,2026-07-30 13:05:15.117,81,WH,0
2,6,62,On-Time To Need - Dwg Rel (mPLM),Healthy,stable,stable,90.0%,1,100,100%,Other,Site,NULL,0.900,0.850,0.850,1,1,0,2026-07-01,2026-07-30 13:05:15.117,2026-07-30 13:05:15.117,12,XET,1
2,6,62,On-Time To Need - Dwg Rel (mPLM),Healthy,stable,stable,90.0%,1,100,100%,Other,Site,NULL,0.900,0.850,0.850,1,1,0,2026-07-01,2026-07-30 13:05:15.117,2026-07-30 13:05:15.117,2,SLC,1
2,6,62,On-Time To Need - Dwg Rel (mPLM),Healthy,stable,stable,90.0%,1,100,100%,Other,Site,NULL,0.900,0.850,0.850,1,1,0,2026-07-01,2026-07-30 13:05:15.117,2026-07-30 13:05:15.117,38,APK,1
2,6,62,On-Time To Need - Dwg Rel (mPLM),Healthy,stable,stable,90.0%,1,100,100%,Other,Site,NULL,0.900,0.850,0.850,1,1,0,2026-07-01,2026-07-30 13:05:15.117,2026-07-30 13:05:15.117,4,SVL,1
2,6,62,On-Time To Need - Dwg Rel (mPLM),Healthy,stable,stable,90.0%,1,100,100%,Other,Site,NULL,0.900,0.850,0.850,1,1,0,2026-07-01,2026-07-30 13:05:15.117,2026-07-30 13:05:15.117,63,WH,1
2,6,62,On-Time To Need - Dwg Rel (mPLM),Healthy,stable,stable,90.0%,1,100,100%,Other,Site,NULL,0.900,0.850,0.850,1,1,0,2026-07-01,2026-07-30 13:05:15.117,2026-07-30 13:05:15.117,7,CHO,1
2,6,62,On-Time To Need - Dwg Rel (mPLM),Healthy,unk,unk,90.0%,0.9744,97.44,97%,Other,Site,NULL,0.900,0.850,0.850,1,1,0,2026-06-01,2026-07-30 13:05:15.117,2026-07-30 13:05:15.117,38,SAC,0
2,6,62,On-Time To Need - Dwg Rel (mPLM),Healthy,unk,unk,90.0%,1,100,100%,Other,Site,NULL,0.900,0.850,0.850,1,1,0,2024-01-01,2026-07-30 13:05:15.117,2026-07-30 13:05:15.117,13,SYK,0
2,6,62,On-Time To Need - Dwg Rel (mPLM),Healthy,unk,unk,90.0%,1,100,100%,Other,Site,NULL,0.900,0.850,0.850,1,1,0,2024-01-01,2026-07-30 13:05:15.117,2026-07-30 13:05:15.117,137,AMH,0
2,6,62,On-Time To Need - Dwg Rel (mPLM),Healthy,unk,unk,90.0%,1,100,100%,Other,Site,NULL,0.900,0.850,0.850,1,1,0,2024-01-01,2026-07-30 13:05:15.117,2026-07-30 13:05:15.117,16,XET,0
2,6,62,On-Time To Need - Dwg Rel (mPLM),Healthy,unk,unk,90.0%,1,100,100%,Other,Site,NULL,0.900,0.850,0.850,1,1,0,2024-01-01,2026-07-30 13:05:15.117,2026-07-30 13:05:15.117,2,TRY,0
2,6,62,On-Time To Need - Dwg Rel (mPLM),Healthy,unk,unk,90.0%,1,100,100%,Other,Site,NULL,0.900,0.850,0.850,1,1,0,2024-01-01,2026-07-30 13:05:15.117,2026-07-30 13:05:15.117,21,APK,0
2,6,62,On-Time To Need - Dwg Rel (mPLM),Healthy,unk,unk,90.0%,1,100,100%,Other,Site,NULL,0.900,0.850,0.850,1,1,0,2024-01-01,2026-07-30 13:05:15.117,2026-07-30 13:05:15.117,5,OCE,0
2,6,62,On-Time To Need - Dwg Rel (mPLM),Healthy,unk,unk,90.0%,1,100,100%,Other,Site,NULL,0.900,0.850,0.850,1,1,0,2024-01-01,2026-07-30 13:05:15.117,2026-07-30 13:05:15.117,50,SVL,0
2,6,62,On-Time To Need - Dwg Rel (mPLM),Healthy,unk,unk,90.0%,1,100,100%,Other,Site,NULL,0.900,0.850,0.850,1,1,0,2024-01-01,2026-07-30 13:05:15.117,2026-07-30 13:05:15.117,81,WH,0
2,6,62,On-Time To Need - Dwg Rel (mPLM),Healthy,unk,unk,90.0%,1,100,100%,Other,Site,NULL,0.900,0.850,0.850,1,1,0,2024-01-01,2026-07-30 13:05:15.117,2026-07-30 13:05:15.117,9,CHO,0
2,6,62,On-Time To Need - Dwg Rel (mPLM),Healthy,unk,unk,90.0%,1,100,100%,Other,Site,NULL,0.900,0.850,0.850,1,1,0,2024-02-01,2026-07-30 13:05:15.117,2026-07-30 13:05:15.117,1,SLC,0
2,6,62,On-Time To Need - Dwg Rel (mPLM),Healthy,unk,unk,90.0%,1,100,100%,Other,Site,NULL,0.900,0.850,0.850,1,1,0,2026-01-01,2026-07-30 13:05:15.117,2026-07-30 13:05:15.117,5,SAC,0
2,6,62,On-Time To Need - Dwg Rel (mPLM),Not Available,stable,stable,90.0%,NULL,NULL,%,Other,Site,NULL,0.900,0.850,0.850,1,1,0,2026-04-01,2026-07-30 13:05:15.117,2026-07-30 13:05:15.117,0,SAC,0
2,6,62,On-Time To Need - Dwg Rel (mPLM),Not Available,unk,unk,90.0%,NULL,NULL,%,Other,Site,NULL,0.900,0.850,0.850,1,1,0,2026-05-01,2026-07-30 13:05:15.117,2026-07-30 13:05:15.117,0,SAC,0
2,6,62,On-Time To Need - Dwg Rel (mPLM),Warning,decreasing,down,90.0%,0.85,85,85%,Other,Site,NULL,0.900,0.850,0.850,1,1,0,2025-11-01,2026-07-30 13:05:15.117,2026-07-30 13:05:15.117,170,BWI,0
2,6,62,On-Time To Need - Dwg Rel (mPLM),Warning,decreasing,down,90.0%,0.8548,85.48,85%,Other,Site,NULL,0.900,0.850,0.850,1,1,0,2024-08-01,2026-07-30 13:05:15.117,2026-07-30 13:05:15.117,53,WH,0
2,6,62,On-Time To Need - Dwg Rel (mPLM),Warning,decreasing,down,90.0%,0.8571,85.71,86%,Other,Site,NULL,0.900,0.850,0.850,1,1,0,2024-03-01,2026-07-30 13:05:15.117,2026-07-30 13:05:15.117,6,TRY,0
2,6,62,On-Time To Need - Dwg Rel (mPLM),Warning,decreasing,down,90.0%,0.8684,86.84,87%,Other,Site,NULL,0.900,0.850,0.850,1,1,0,2025-01-01,2026-07-30 13:05:15.117,2026-07-30 13:05:15.117,99,RM,0
2,6,62,On-Time To Need - Dwg Rel (mPLM),Warning,decreasing,down,90.0%,0.875,87.5,88%,Other,Site,NULL,0.900,0.850,0.850,1,1,0,2026-02-01,2026-07-30 13:05:15.117,2026-07-30 13:05:15.117,189,BWI,0
2,6,62,On-Time To Need - Dwg Rel (mPLM),Warning,decreasing,down,90.0%,0.875,87.5,88%,Other,Site,NULL,0.900,0.850,0.850,1,1,0,2026-05-01,2026-07-30 13:05:15.117,2026-07-30 13:05:15.117,7,OCE,0
2,6,62,On-Time To Need - Dwg Rel (mPLM),Warning,decreasing,down,90.0%,0.8769,87.69,88%,Other,Site,NULL,0.900,0.850,0.850,1,1,0,2025-09-01,2026-07-30 13:05:15.117,2026-07-30 13:05:15.117,57,AMH,0
2,6,62,On-Time To Need - Dwg Rel (mPLM),Warning,decreasing,down,90.0%,0.8846,88.46,88%,Other,Site,NULL,0.900,0.850,0.850,1,1,0,2024-07-01,2026-07-30 13:05:15.117,2026-07-30 13:05:15.117,46,WH,0
2,6,62,On-Time To Need - Dwg Rel (mPLM),Warning,decreasing,down,90.0%,0.8864,88.64,89%,Other,Site,NULL,0.900,0.850,0.850,1,1,0,2025-10-01,2026-07-30 13:05:15.117,2026-07-30 13:05:15.117,39,WH,0
2,6,62,On-Time To Need - Dwg Rel (mPLM),Warning,decreasing,down,90.0%,0.8889,88.89,89%,Other,Site,NULL,0.900,0.850,0.850,1,1,0,2025-01-01,2026-07-30 13:05:15.117,2026-07-30 13:05:15.117,24,WH,0
2,6,62,On-Time To Need - Dwg Rel (mPLM),Warning,decreasing,down,90.0%,0.8929,89.29,89%,Other,Site,NULL,0.900,0.850,0.850,1,1,0,2026-07-01,2026-07-30 13:05:15.117,2026-07-30 13:05:15.117,100,RM,1
2,6,62,On-Time To Need - Dwg Rel (mPLM),Warning,increasing,up,90.0%,0.8571,85.71,86%,Other,Site,NULL,0.900,0.850,0.850,1,1,0,2025-10-01,2026-07-30 13:05:15.117,2026-07-30 13:05:15.117,138,RM,0
2,6,62,On-Time To Need - Dwg Rel (mPLM),Warning,increasing,up,90.0%,0.8689,86.89,87%,Other,Site,NULL,0.900,0.850,0.850,1,1,0,2025-10-01,2026-07-30 13:05:15.117,2026-07-30 13:05:15.117,159,BWI,0
2,6,62,On-Time To Need - Dwg Rel (mPLM),Warning,increasing,up,90.0%,0.8738,87.38,87%,Other,Site,NULL,0.900,0.850,0.850,1,1,0,2024-02-01,2026-07-30 13:05:15.117,2026-07-30 13:05:15.117,90,RM,0
2,6,62,On-Time To Need - Dwg Rel (mPLM),Warning,increasing,up,90.0%,0.8966,89.66,90%,Other,Site,NULL,0.900,0.850,0.850,1,1,0,2026-01-01,2026-07-30 13:05:15.117,2026-07-30 13:05:15.117,208,BWI,0
2,6,62,On-Time To Need - Dwg Rel (mPLM),Warning,increasing,up,90.0%,0.8997,89.97,90%,Other,Site,NULL,0.900,0.850,0.850,1,1,0,2026-03-01,2026-07-30 13:05:15.117,2026-07-30 13:05:15.117,287,BWI,0
2,7,27,EMR Compliance (EMR),At-Risk,decreasing,down,90.0%,0.16796875,16.8,17%,E - Engineering & Science,Sector,NULL,0.900,0.750,0.750,1,1,0,2023-06-01,2026-07-30 13:05:15.117,2026-07-30 13:05:15.117,NULL,NULL,0
2,7,27,EMR Compliance (EMR),At-Risk,decreasing,down,90.0%,0.185239852398524,18.52,19%,E - Engineering & Science,Sector,NULL,0.900,0.750,0.750,1,1,0,2023-05-01,2026-07-30 13:05:15.117,2026-07-30 13:05:15.117,NULL,NULL,0
2,7,27,EMR Compliance (EMR),At-Risk,decreasing,down,90.0%,0.229567307692308,22.96,23%,E - Engineering & Science,Sector,NULL,0.900,0.750,0.750,1,1,0,2023-04-01,2026-07-30 13:05:15.117,2026-07-30 13:05:15.117,NULL,NULL,0
2,7,27,EMR Compliance (EMR),At-Risk,decreasing,down,90.0%,0.248148148148148,24.81,25%,E - Engineering & Science,Sector,NULL,0.900,0.750,0.750,1,1,0,2023-03-01,2026-07-30 13:05:15.117,2026-07-30 13:05:15.117,NULL,NULL,0
2,7,27,EMR Compliance (EMR),At-Risk,decreasing,down,90.0%,0.641532756489493,64.15,64%,E - Engineering & Science,Sector,NULL,0.900,0.750,0.750,1,1,0,2023-11-01,2026-07-30 13:05:15.117,2026-07-30 13:05:15.117,NULL,NULL,0
2,7,27,EMR Compliance (EMR),At-Risk,increasing,up,90.0%,0.261635220125786,26.16,26%,E - Engineering & Science,Sector,NULL,0.900,0.750,0.750,1,1,0,2023-02-01,2026-07-30 13:05:15.117,2026-07-30 13:05:15.117,NULL,NULL,0
2,7,27,EMR Compliance (EMR),At-Risk,increasing,up,90.0%,0.419811320754717,41.98,42%,E - Engineering & Science,Sector,NULL,0.900,0.750,0.750,1,1,0,2023-07-01,2026-07-30 13:05:15.117,2026-07-30 13:05:15.117,NULL,NULL,0
2,7,27,EMR Compliance (EMR),At-Risk,increasing,up,90.0%,0.449822904368359,44.98,45%,E - Engineering & Science,Sector,NULL,0.900,0.750,0.750,1,1,0,2023-08-01,2026-07-30 13:05:15.117,2026-07-30 13:05:15.117,NULL,NULL,0
2,7,27,EMR Compliance (EMR),At-Risk,increasing,up,90.0%,0.511467889908257,51.15,51%,E - Engineering & Science,Sector,NULL,0.900,0.750,0.750,1,1,0,2023-09-01,2026-07-30 13:05:15.117,2026-07-30 13:05:15.117,NULL,NULL,0
2,7,27,EMR Compliance (EMR),At-Risk,increasing,up,90.0%,0.680515759312321,68.05,68%,E - Engineering & Science,Sector,NULL,0.900,0.750,0.750,1,1,0,2023-12-01,2026-07-30 13:05:15.117,2026-07-30 13:05:15.117,NULL,NULL,0
2,7,27,EMR Compliance (EMR),At-Risk,increasing,up,90.0%,0.692307692307692,69.23,69%,E - Engineering & Science,Sector,NULL,0.900,0.750,0.750,1,1,0,2023-10-01,2026-07-30 13:05:15.117,2026-07-30 13:05:15.117,NULL,NULL,0
2,7,27,EMR Compliance (EMR),At-Risk,stable,stable,90.0%,0.256704980842912,25.67,26%,E - Engineering & Science,Sector,NULL,0.900,0.750,0.750,1,1,0,2023-01-01,2026-07-30 13:05:15.117,2026-07-30 13:05:15.117,NULL,NULL,0
2,7,27,EMR Compliance (EMR),Healthy,decreasing,down,90.0%,0.926267281105991,92.63,93%,E - Engineering & Science,Sector,NULL,0.900,0.750,0.750,1,1,0,2024-08-01,2026-07-30 13:05:15.117,2026-07-30 13:05:15.117,NULL,NULL,0
2,7,27,EMR Compliance (EMR),Healthy,decreasing,down,90.0%,0.932692307692308,93.27,93%,E - Engineering & Science,Sector,NULL,0.900,0.750,0.750,1,1,0,2024-12-01,2026-07-30 13:05:15.117,2026-07-30 13:05:15.117,NULL,NULL,0
2,7,27,EMR Compliance (EMR),Healthy,decreasing,down,90.0%,0.947293447293447,94.73,95%,E - Engineering & Science,Sector,NULL,0.900,0.750,0.750,1,1,0,2025-02-01,2026-07-30 13:05:15.117,2026-07-30 13:05:15.117,NULL,NULL,0
2,7,27,EMR Compliance (EMR),Healthy,decreasing,down,90.0%,0.959124087591241,95.91,96%,E - Engineering & Science,Sector,NULL,0.900,0.750,0.750,1,1,0,2024-11-01,2026-07-30 13:05:15.117,2026-07-30 13:05:15.117,NULL,NULL,0
2,7,27,EMR Compliance (EMR),Healthy,decreasing,down,90.0%,0.967789165446559,96.78,97%,E - Engineering & Science,Sector,NULL,0.900,0.750,0.750,1,1,0,2025-04-01,2026-07-30 13:05:15.117,2026-07-30 13:05:15.117,NULL,NULL,0
2,7,27,EMR Compliance (EMR),Healthy,increasing,up,90.0%,0.902810304449649,90.28,90%,E - Engineering & Science,Sector,NULL,0.900,0.750,0.750,1,1,0,2025-09-01,2026-07-30 13:05:15.117,2026-07-30 13:05:15.117,NULL,NULL,0
2,7,27,EMR Compliance (EMR),Healthy,increasing,up,90.0%,0.90337601862631,90.34,90%,E - Engineering & Science,Sector,NULL,0.900,0.750,0.750,1,1,0,2025-12-01,2026-07-30 13:05:15.117,2026-07-30 13:05:15.117,NULL,NULL,0
2,7,27,EMR Compliance (EMR),Healthy,increasing,up,90.0%,0.905339805825243,90.53,91%,E - Engineering & Science,Sector,NULL,0.900,0.750,0.750,1,1,0,2025-07-01,2026-07-30 13:05:15.117,2026-07-30 13:05:15.117,NULL,NULL,0
2,7,27,EMR Compliance (EMR),Healthy,increasing,up,90.0%,0.93354943273906,93.35,93%,E - Engineering & Science,Sector,NULL,0.900,0.750,0.750,1,1,0,2024-06-01,2026-07-30 13:05:15.117,2026-07-30 13:05:15.117,NULL,NULL,0
2,7,27,EMR Compliance (EMR),Healthy,increasing,up,90.0%,0.958664546899841,95.87,96%,E - Engineering & Science,Sector,NULL,0.900,0.750,0.750,1,1,0,2024-09-01,2026-07-30 13:05:15.117,2026-07-30 13:05:15.117,NULL,NULL,0
2,7,27,EMR Compliance (EMR),Healthy,increasing,up,90.0%,0.95952023988006,95.95,96%,E - Engineering & Science,Sector,NULL,0.900,0.750,0.750,1,1,0,2024-10-01,2026-07-30 13:05:15.117,2026-07-30 13:05:15.117,NULL,NULL,0
2,7,27,EMR Compliance (EMR),Healthy,increasing,up,90.0%,0.970219435736677,97.02,97%,E - Engineering & Science,Sector,NULL,0.900,0.750,0.750,1,1,0,2024-07-01,2026-07-30 13:05:15.117,2026-07-30 13:05:15.117,NULL,NULL,0
2,7,27,EMR Compliance (EMR),Healthy,increasing,up,90.0%,0.973950795947902,97.4,97%,E - Engineering & Science,Sector,NULL,0.900,0.750,0.750,1,1,0,2025-03-01,2026-07-30 13:05:15.117,2026-07-30 13:05:15.117,NULL,NULL,0
2,7,27,EMR Compliance (EMR),Healthy,increasing,up,90.0%,0.978165938864629,97.82,98%,E - Engineering & Science,Sector,NULL,0.900,0.750,0.750,1,1,0,2025-01-01,2026-07-30 13:05:15.117,2026-07-30 13:05:15.117,NULL,NULL,0
2,7,27,EMR Compliance (EMR),Warning,decreasing,down,90.0%,0.762845849802372,76.28,76%,E - Engineering & Science,Sector,NULL,0.900,0.750,0.750,1,1,0,2026-05-01,2026-07-30 13:05:15.117,2026-07-30 13:05:15.117,NULL,NULL,0
2,7,27,EMR Compliance (EMR),Warning,decreasing,down,90.0%,0.796269727403156,79.63,80%,E - Engineering & Science,Sector,NULL,0.900,0.750,0.750,1,1,0,2024-03-01,2026-07-30 13:05:15.117,2026-07-30 13:05:15.117,NULL,NULL,0
2,7,27,EMR Compliance (EMR),Warning,decreasing,down,90.0%,0.856377277599143,85.64,86%,E - Engineering & Science,Sector,NULL,0.900,0.750,0.750,1,1,0,2026-01-01,2026-07-30 13:05:15.117,2026-07-30 13:05:15.117,NULL,NULL,0
2,7,27,EMR Compliance (EMR),Warning,decreasing,down,90.0%,0.859045504994451,85.9,86%,E - Engineering & Science,Sector,NULL,0.900,0.750,0.750,1,1,0,2026-03-01,2026-07-30 13:05:15.117,2026-07-30 13:05:15.117,NULL,NULL,0
2,7,27,EMR Compliance (EMR),Warning,decreasing,down,90.0%,0.867511520737327,86.75,87%,E - Engineering & Science,Sector,NULL,0.900,0.750,0.750,1,1,0,2025-11-01,2026-07-30 13:05:15.117,2026-07-30 13:05:15.117,NULL,NULL,0
2,7,27,EMR Compliance (EMR),Warning,decreasing,down,90.0%,0.867730900798176,86.77,87%,E - Engineering & Science,Sector,NULL,0.900,0.750,0.750,1,1,0,2025-08-01,2026-07-30 13:05:15.117,2026-07-30 13:05:15.117,NULL,NULL,0
2,7,27,EMR Compliance (EMR),Warning,decreasing,down,90.0%,0.867990654205608,86.8,87%,E - Engineering & Science,Sector,NULL,0.900,0.750,0.750,1,1,0,2025-05-01,2026-07-30 13:05:15.117,2026-07-30 13:05:15.117,NULL,NULL,0
2,7,27,EMR Compliance (EMR),Warning,decreasing,down,90.0%,0.884259259259259,88.43,88%,E - Engineering & Science,Sector,NULL,0.900,0.750,0.750,1,1,0,2025-10-01,2026-07-30 13:05:15.117,2026-07-30 13:05:15.117,NULL,NULL,0
2,7,27,EMR Compliance (EMR),Warning,increasing,up,90.0%,0.776277724204436,77.63,78%,E - Engineering & Science,Sector,NULL,0.900,0.750,0.750,1,1,0,2026-06-01,2026-07-30 13:05:15.117,2026-07-30 13:05:15.117,NULL,NULL,1
2,7,27,EMR Compliance (EMR),Warning,increasing,up,90.0%,0.820349761526232,82.03,82%,E - Engineering & Science,Sector,NULL,0.900,0.750,0.750,1,1,0,2024-01-01,2026-07-30 13:05:15.117,2026-07-30 13:05:15.117,NULL,NULL,0
2,7,27,EMR Compliance (EMR),Warning,increasing,up,90.0%,0.834834834834835,83.48,83%,E - Engineering & Science,Sector,NULL,0.900,0.750,0.750,1,1,0,2024-02-01,2026-07-30 13:05:15.117,2026-07-30 13:05:15.117,NULL,NULL,0
2,7,27,EMR Compliance (EMR),Warning,increasing,up,90.0%,0.859323882224646,85.93,86%,E - Engineering & Science,Sector,NULL,0.900,0.750,0.750,1,1,0,2026-04-01,2026-07-30 13:05:15.117,2026-07-30 13:05:15.117,NULL,NULL,0
2,7,27,EMR Compliance (EMR),Warning,increasing,up,90.0%,0.866449511400652,86.64,87%,E - Engineering & Science,Sector,NULL,0.900,0.750,0.750,1,1,0,2024-04-01,2026-07-30 13:05:15.117,2026-07-30 13:05:15.117,NULL,NULL,0
2,7,27,EMR Compliance (EMR),Warning,increasing,up,90.0%,0.884925201380898,88.49,88%,E - Engineering & Science,Sector,NULL,0.900,0.750,0.750,1,1,0,2026-02-01,2026-07-30 13:05:15.117,2026-07-30 13:05:15.117,NULL,NULL,0
2,7,27,EMR Compliance (EMR),Warning,increasing,up,90.0%,0.893470790378007,89.35,89%,E - Engineering & Science,Sector,NULL,0.900,0.750,0.750,1,1,0,2025-06-01,2026-07-30 13:05:15.117,2026-07-30 13:05:15.117,NULL,NULL,0
2,7,27,EMR Compliance (EMR),Warning,increasing,up,90.0%,0.896440129449838,89.64,90%,E - Engineering & Science,Sector,NULL,0.900,0.750,0.750,1,1,0,2024-05-01,2026-07-30 13:05:15.117,2026-07-30 13:05:15.117,NULL,NULL,0
2,7,27,EMR Compliance (EMR),At-Risk,decreasing,down,90.0%,0.425196850393701,42.52,43%,EB - AMSD Engr,Division,NULL,0.900,0.750,0.750,1,1,0,2023-06-01,2026-07-30 13:05:15.117,2026-07-30 13:05:15.117,NULL,NULL,0
2,7,27,EMR Compliance (EMR),At-Risk,decreasing,down,90.0%,0.502008032128514,50.2,50%,EB - AMSD Engr,Division,NULL,0.900,0.750,0.750,1,1,0,2023-05-01,2026-07-30 13:05:15.117,2026-07-30 13:05:15.117,NULL,NULL,0
2,7,27,EMR Compliance (EMR),At-Risk,decreasing,down,90.0%,0.575757575757576,57.58,58%,EB - AMSD Engr,Division,NULL,0.900,0.750,0.750,1,1,0,2023-04-01,2026-07-30 13:05:15.117,2026-07-30 13:05:15.117,NULL,NULL,0
2,7,27,EMR Compliance (EMR),At-Risk,decreasing,down,90.0%,0.592307692307692,59.23,59%,EB - AMSD Engr,Division,NULL,0.900,0.750,0.750,1,1,0,2023-11-01,2026-07-30 13:05:15.117,2026-07-30 13:05:15.117,NULL,NULL,0
2,7,27,EMR Compliance (EMR),At-Risk,decreasing,down,90.0%,0.615062761506276,61.51,62%,EB - AMSD Engr,Division,NULL,0.900,0.750,0.750,1,1,0,2023-09-01,2026-07-30 13:05:15.117,2026-07-30 13:05:15.117,NULL,NULL,0
2,7,27,EMR Compliance (EMR),At-Risk,decreasing,down,90.0%,0.641860465116279,64.19,64%,EB - AMSD Engr,Division,NULL,0.900,0.750,0.750,1,1,0,2023-08-01,2026-07-30 13:05:15.117,2026-07-30 13:05:15.117,NULL,NULL,0
2,7,27,EMR Compliance (EMR),At-Risk,decreasing,down,90.0%,0.738693467336683,73.87,74%,EB - AMSD Engr,Division,NULL,0.900,0.750,0.750,1,1,0,2024-03-01,2026-07-30 13:05:15.117,2026-07-30 13:05:15.117,NULL,NULL,0
2,7,27,EMR Compliance (EMR),At-Risk,increasing,up,90.0%,0.588607594936709,58.86,59%,EB - AMSD Engr,Division,NULL,0.900,0.750,0.750,1,1,0,2023-02-01,2026-07-30 13:05:15.117,2026-07-30 13:05:15.117,NULL,NULL,0
2,7,27,EMR Compliance (EMR),At-Risk,increasing,up,90.0%,0.651612903225806,65.16,65%,EB - AMSD Engr,Division,NULL,0.900,0.750,0.750,1,1,0,2023-03-01,2026-07-30 13:05:15.117,2026-07-30 13:05:15.117,NULL,NULL,0
2,7,27,EMR Compliance (EMR),At-Risk,increasing,up,90.0%,0.672811059907834,67.28,67%,EB - AMSD Engr,Division,NULL,0.900,0.750,0.750,1,1,0,2023-07-01,2026-07-30 13:05:15.117,2026-07-30 13:05:15.117,NULL,NULL,0
2,7,27,EMR Compliance (EMR),At-Risk,increasing,up,90.0%,0.690082644628099,69.01,69%,EB - AMSD Engr,Division,NULL,0.900,0.750,0.750,1,1,0,2023-10-01,2026-07-30 13:05:15.117,2026-07-30 13:05:15.117,NULL,NULL,0
2,7,27,EMR Compliance (EMR),At-Risk,increasing,up,90.0%,0.71,71,71%,EB - AMSD Engr,Division,NULL,0.900,0.750,0.750,1,1,0,2023-12-01,2026-07-30 13:05:15.117,2026-07-30 13:05:15.117,NULL,NULL,0
2,7,27,EMR Compliance (EMR),At-Risk,stable,stable,90.0%,0.585987261146497,58.6,59%,EB - AMSD Engr,Division,NULL,0.900,0.750,0.750,1,1,0,2023-01-01,2026-07-30 13:05:15.117,2026-07-30 13:05:15.117,NULL,NULL,0
2,7,27,EMR Compliance (EMR),Healthy,decreasing,down,90.0%,0.907801418439716,90.78,91%,EB - AMSD Engr,Division,NULL,0.900,0.750,0.750,1,1,0,2025-11-01,2026-07-30 13:05:15.117,2026-07-30 13:05:15.117,NULL,NULL,0
2,7,27,EMR Compliance (EMR),Healthy,decreasing,down,90.0%,0.940298507462687,94.03,94%,EB - AMSD Engr,Division,NULL,0.900,0.750,0.750,1,1,0,2025-02-01,2026-07-30 13:05:15.117,2026-07-30 13:05:15.117,NULL,NULL,0
2,7,27,EMR Compliance (EMR),Healthy,decreasing,down,90.0%,0.944827586206897,94.48,94%,EB - AMSD Engr,Division,NULL,0.900,0.750,0.750,1,1,0,2024-11-01,2026-07-30 13:05:15.117,2026-07-30 13:05:15.117,NULL,NULL,0
2,7,27,EMR Compliance (EMR),Healthy,decreasing,down,90.0%,0.952380952380952,95.24,95%,EB - AMSD Engr,Division,NULL,0.900,0.750,0.750,1,1,0,2026-01-01,2026-07-30 13:05:15.117,2026-07-30 13:05:15.117,NULL,NULL,0
2,7,27,EMR Compliance (EMR),Healthy,decreasing,down,90.0%,0.957983193277311,95.8,96%,EB - AMSD Engr,Division,NULL,0.900,0.750,0.750,1,1,0,2025-04-01,2026-07-30 13:05:15.117,2026-07-30 13:05:15.117,NULL,NULL,0
2,7,27,EMR Compliance (EMR),Healthy,decreasing,down,90.0%,0.976190476190476,97.62,98%,EB - AMSD Engr,Division,NULL,0.900,0.750,0.750,1,1,0,2026-06-01,2026-07-30 13:05:15.117,2026-07-30 13:05:15.117,NULL,NULL,1
2,7,27,EMR Compliance (EMR),Healthy,decreasing,down,90.0%,0.993055555555556,99.31,99%,EB - AMSD Engr,Division,NULL,0.900,0.750,0.750,1,1,0,2024-10-01,2026-07-30 13:05:15.117,2026-07-30 13:05:15.117,NULL,NULL,0
2,7,27,EMR Compliance (EMR),Healthy,increasing,up,90.0%,0.90625,90.63,91%,EB - AMSD Engr,Division,NULL,0.900,0.750,0.750,1,1,0,2025-09-01,2026-07-30 13:05:15.117,2026-07-30 13:05:15.117,NULL,NULL,0
2,7,27,EMR Compliance (EMR),Healthy,increasing,up,90.0%,0.946153846153846,94.62,95%,EB - AMSD Engr,Division,NULL,0.900,0.750,0.750,1,1,0,2025-10-01,2026-07-30 13:05:15.117,2026-07-30 13:05:15.117,NULL,NULL,0
2,7,27,EMR Compliance (EMR),Healthy,increasing,up,90.0%,0.951219512195122,95.12,95%,EB - AMSD Engr,Division,NULL,0.900,0.750,0.750,1,1,0,2024-07-01,2026-07-30 13:05:15.117,2026-07-30 13:05:15.117,NULL,NULL,0
2,7,27,EMR Compliance (EMR),Healthy,increasing,up,90.0%,0.959349593495935,95.93,96%,EB - AMSD Engr,Division,NULL,0.900,0.750,0.750,1,1,0,2025-07-01,2026-07-30 13:05:15.117,2026-07-30 13:05:15.117,NULL,NULL,0
2,7,27,EMR Compliance (EMR),Healthy,increasing,up,90.0%,0.965753424657534,96.58,97%,EB - AMSD Engr,Division,NULL,0.900,0.750,0.750,1,1,0,2024-12-01,2026-07-30 13:05:15.117,2026-07-30 13:05:15.117,NULL,NULL,0
2,7,27,EMR Compliance (EMR),Healthy,increasing,up,90.0%,0.976047904191617,97.6,98%,EB - AMSD Engr,Division,NULL,0.900,0.750,0.750,1,1,0,2024-08-01,2026-07-30 13:05:15.117,2026-07-30 13:05:15.117,NULL,NULL,0
2,7,27,EMR Compliance (EMR),Healthy,increasing,up,90.0%,0.976923076923077,97.69,98%,EB - AMSD Engr,Division,NULL,0.900,0.750,0.750,1,1,0,2026-03-01,2026-07-30 13:05:15.117,2026-07-30 13:05:15.117,NULL,NULL,0
2,7,27,EMR Compliance (EMR),Healthy,increasing,up,90.0%,1,100,100%,EB - AMSD Engr,Division,NULL,0.900,0.750,0.750,1,1,0,2024-09-01,2026-07-30 13:05:15.117,2026-07-30 13:05:15.117,NULL,NULL,0
2,7,27,EMR Compliance (EMR),Healthy,increasing,up,90.0%,1,100,100%,EB - AMSD Engr,Division,NULL,0.900,0.750,0.750,1,1,0,2025-01-01,2026-07-30 13:05:15.117,2026-07-30 13:05:15.117,NULL,NULL,0
2,7,27,EMR Compliance (EMR),Healthy,increasing,up,90.0%,1,100,100%,EB - AMSD Engr,Division,NULL,0.900,0.750,0.750,1,1,0,2025-03-01,2026-07-30 13:05:15.117,2026-07-30 13:05:15.117,NULL,NULL,0
2,7,27,EMR Compliance (EMR),Healthy,increasing,up,90.0%,1,100,100%,EB - AMSD Engr,Division,NULL,0.900,0.750,0.750,1,1,0,2025-12-01,2026-07-30 13:05:15.117,2026-07-30 13:05:15.117,NULL,NULL,0
2,7,27,EMR Compliance (EMR),Healthy,increasing,up,90.0%,1,100,100%,EB - AMSD Engr,Division,NULL,0.900,0.750,0.750,1,1,0,2026-05-01,2026-07-30 13:05:15.117,2026-07-30 13:05:15.117,NULL,NULL,0
2,7,27,EMR Compliance (EMR),Warning,decreasing,down,90.0%,0.766081871345029,76.61,77%,EB - AMSD Engr,Division,NULL,0.900,0.750,0.750,1,1,0,2025-06-01,2026-07-30 13:05:15.117,2026-07-30 13:05:15.117,NULL,NULL,0
2,7,27,EMR Compliance (EMR),Warning,decreasing,down,90.0%,0.792452830188679,79.25,79%,EB - AMSD Engr,Division,NULL,0.900,0.750,0.750,1,1,0,2025-05-01,2026-07-30 13:05:15.117,2026-07-30 13:05:15.117,NULL,NULL,0
2,7,27,EMR Compliance (EMR),Warning,decreasing,down,90.0%,0.839779005524862,83.98,84%,EB - AMSD Engr,Division,NULL,0.900,0.750,0.750,1,1,0,2024-02-01,2026-07-30 13:05:15.117,2026-07-30 13:05:15.117,NULL,NULL,0
2,7,27,EMR Compliance (EMR),Warning,decreasing,down,90.0%,0.866197183098592,86.62,87%,EB - AMSD Engr,Division,NULL,0.900,0.750,0.750,1,1,0,2026-02-01,2026-07-30 13:05:15.117,2026-07-30 13:05:15.117,NULL,NULL,0
2,7,27,EMR Compliance (EMR),Warning,decreasing,down,90.0%,0.894366197183099,89.44,89%,EB - AMSD Engr,Division,NULL,0.900,0.750,0.750,1,1,0,2026-04-01,2026-07-30 13:05:15.117,2026-07-30 13:05:15.117,NULL,NULL,0
2,7,27,EMR Compliance (EMR),Warning,decreasing,down,90.0%,0.8984375,89.84,90%,EB - AMSD Engr,Division,NULL,0.900,0.750,0.750,1,1,0,2025-08-01,2026-07-30 13:05:15.117,2026-07-30 13:05:15.117,NULL,NULL,0
2,7,27,EMR Compliance (EMR),Warning,increasing,up,90.0%,0.798816568047337,79.88,80%,EB - AMSD Engr,Division,NULL,0.900,0.750,0.750,1,1,0,2024-04-01,2026-07-30 13:05:15.117,2026-07-30 13:05:15.117,NULL,NULL,0
2,7,27,EMR Compliance (EMR),Warning,increasing,up,90.0%,0.803571428571429,80.36,80%,EB - AMSD Engr,Division,NULL,0.900,0.750,0.750,1,1,0,2024-05-01,2026-07-30 13:05:15.117,2026-07-30 13:05:15.117,NULL,NULL,0
2,7,27,EMR Compliance (EMR),Warning,increasing,up,90.0%,0.859550561797753,85.96,86%,EB - AMSD Engr,Division,NULL,0.900,0.750,0.750,1,1,0,2024-01-01,2026-07-30 13:05:15.117,2026-07-30 13:05:15.117,NULL,NULL,0
2,7,27,EMR Compliance (EMR),Warning,increasing,up,90.0%,0.867469879518072,86.75,87%,EB - AMSD Engr,Division,NULL,0.900,0.750,0.750,1,1,0,2024-06-01,2026-07-30 13:05:15.117,2026-07-30 13:05:15.117,NULL,NULL,0
2,7,27,EMR Compliance (EMR),At-Risk,decreasing,down,90.0%,0.425196850393701,42.52,43%,EB - BaPS Engr,Division,NULL,0.900,0.750,0.750,1,1,0,2023-06-01,2026-07-30 13:05:15.117,2026-07-30 13:05:15.117,NULL,NULL,0
2,7,27,EMR Compliance (EMR),At-Risk,decreasing,down,90.0%,0.502008032128514,50.2,50%,EB - BaPS Engr,Division,NULL,0.900,0.750,0.750,1,1,0,2023-05-01,2026-07-30 13:05:15.117,2026-07-30 13:05:15.117,NULL,NULL,0
2,7,27,EMR Compliance (EMR),At-Risk,decreasing,down,90.0%,0.575757575757576,57.58,58%,EB - BaPS Engr,Division,NULL,0.900,0.750,0.750,1,1,0,2023-04-01,2026-07-30 13:05:15.117,2026-07-30 13:05:15.117,NULL,NULL,0
2,7,27,EMR Compliance (EMR),At-Risk,decreasing,down,90.0%,0.592307692307692,59.23,59%,EB - BaPS Engr,Division,NULL,0.900,0.750,0.750,1,1,0,2023-11-01,2026-07-30 13:05:15.117,2026-07-30 13:05:15.117,NULL,NULL,0
2,7,27,EMR Compliance (EMR),At-Risk,decreasing,down,90.0%,0.615062761506276,61.51,62%,EB - BaPS Engr,Division,NULL,0.900,0.750,0.750,1,1,0,2023-09-01,2026-07-30 13:05:15.117,2026-07-30 13:05:15.117,NULL,NULL,0
2,7,27,EMR Compliance (EMR),At-Risk,decreasing,down,90.0%,0.641860465116279,64.19,64%,EB - BaPS Engr,Division,NULL,0.900,0.750,0.750,1,1,0,2023-08-01,2026-07-30 13:05:15.117,2026-07-30 13:05:15.117,NULL,NULL,0
2,7,27,EMR Compliance (EMR),At-Risk,decreasing,down,90.0%,0.669144981412639,66.91,67%,EB - BaPS Engr,Division,NULL,0.900,0.750,0.750,1,1,0,2026-05-01,2026-07-30 13:05:15.117,2026-07-30 13:05:15.117,NULL,NULL,0
2,7,27,EMR Compliance (EMR),At-Risk,decreasing,down,90.0%,0.701149425287356,70.11,70%,EB - BaPS Engr,Division,NULL,0.900,0.750,0.750,1,1,0,2026-04-01,2026-07-30 13:05:15.117,2026-07-30 13:05:15.117,NULL,NULL,0
2,7,27,EMR Compliance (EMR),At-Risk,decreasing,down,90.0%,0.738693467336683,73.87,74%,EB - BaPS Engr,Division,NULL,0.900,0.750,0.750,1,1,0,2024-03-01,2026-07-30 13:05:15.117,2026-07-30 13:05:15.117,NULL,NULL,0
2,7,27,EMR Compliance (EMR),At-Risk,increasing,up,90.0%,0.588607594936709,58.86,59%,EB - BaPS Engr,Division,NULL,0.900,0.750,0.750,1,1,0,2023-02-01,2026-07-30 13:05:15.117,2026-07-30 13:05:15.117,NULL,NULL,0
2,7,27,EMR Compliance (EMR),At-Risk,increasing,up,90.0%,0.651612903225806,65.16,65%,EB - BaPS Engr,Division,NULL,0.900,0.750,0.750,1,1,0,2023-03-01,2026-07-30 13:05:15.117,2026-07-30 13:05:15.117,NULL,NULL,0
2,7,27,EMR Compliance (EMR),At-Risk,increasing,up,90.0%,0.672811059907834,67.28,67%,EB - BaPS Engr,Division,NULL,0.900,0.750,0.750,1,1,0,2023-07-01,2026-07-30 13:05:15.117,2026-07-30 13:05:15.117,NULL,NULL,0
2,7,27,EMR Compliance (EMR),At-Risk,increasing,up,90.0%,0.690082644628099,69.01,69%,EB - BaPS Engr,Division,NULL,0.900,0.750,0.750,1,1,0,2023-10-01,2026-07-30 13:05:15.117,2026-07-30 13:05:15.117,NULL,NULL,0
2,7,27,EMR Compliance (EMR),At-Risk,increasing,up,90.0%,0.71,71,71%,EB - BaPS Engr,Division,NULL,0.900,0.750,0.750,1,1,0,2023-12-01,2026-07-30 13:05:15.117,2026-07-30 13:05:15.117,NULL,NULL,0
2,7,27,EMR Compliance (EMR),At-Risk,increasing,up,90.0%,0.714285714285714,71.43,71%,EB - BaPS Engr,Division,NULL,0.900,0.750,0.750,1,1,0,2026-06-01,2026-07-30 13:05:15.117,2026-07-30 13:05:15.117,NULL,NULL,1
2,7,27,EMR Compliance (EMR),At-Risk,stable,stable,90.0%,0.585987261146497,58.6,59%,EB - BaPS Engr,Division,NULL,0.900,0.750,0.750,1,1,0,2023-01-01,2026-07-30 13:05:15.117,2026-07-30 13:05:15.117,NULL,NULL,0
2,7,27,EMR Compliance (EMR),Healthy,decreasing,down,90.0%,0.907801418439716,90.78,91%,EB - BaPS Engr,Division,NULL,0.900,0.750,0.750,1,1,0,2025-11-01,2026-07-30 13:05:15.117,2026-07-30 13:05:15.117,NULL,NULL,0
2,7,27,EMR Compliance (EMR),Healthy,decreasing,down,90.0%,0.940298507462687,94.03,94%,EB - BaPS Engr,Division,NULL,0.900,0.750,0.750,1,1,0,2025-02-01,2026-07-30 13:05:15.117,2026-07-30 13:05:15.117,NULL,NULL,0
2,7,27,EMR Compliance (EMR),Healthy,decreasing,down,90.0%,0.944827586206897,94.48,94%,EB - BaPS Engr,Division,NULL,0.900,0.750,0.750,1,1,0,2024-11-01,2026-07-30 13:05:15.117,2026-07-30 13:05:15.117,NULL,NULL,0
2,7,27,EMR Compliance (EMR),Healthy,decreasing,down,90.0%,0.957983193277311,95.8,96%,EB - BaPS Engr,Division,NULL,0.900,0.750,0.750,1,1,0,2025-04-01,2026-07-30 13:05:15.117,2026-07-30 13:05:15.117,NULL,NULL,0
2,7,27,EMR Compliance (EMR),Healthy,decreasing,down,90.0%,0.993055555555556,99.31,99%,EB - BaPS Engr,Division,NULL,0.900,0.750,0.750,1,1,0,2024-10-01,2026-07-30 13:05:15.117,2026-07-30 13:05:15.117,NULL,NULL,0
2,7,27,EMR Compliance (EMR),Healthy,increasing,up,90.0%,0.90625,90.63,91%,EB - BaPS Engr,Division,NULL,0.900,0.750,0.750,1,1,0,2025-09-01,2026-07-30 13:05:15.117,2026-07-30 13:05:15.117,NULL,NULL,0
2,7,27,EMR Compliance (EMR),Healthy,increasing,up,90.0%,0.946153846153846,94.62,95%,EB - BaPS Engr,Division,NULL,0.900,0.750,0.750,1,1,0,2025-10-01,2026-07-30 13:05:15.117,2026-07-30 13:05:15.117,NULL,NULL,0
2,7,27,EMR Compliance (EMR),Healthy,increasing,up,90.0%,0.951219512195122,95.12,95%,EB - BaPS Engr,Division,NULL,0.900,0.750,0.750,1,1,0,2024-07-01,2026-07-30 13:05:15.117,2026-07-30 13:05:15.117,NULL,NULL,0
2,7,27,EMR Compliance (EMR),Healthy,increasing,up,90.0%,0.959349593495935,95.93,96%,EB - BaPS Engr,Division,NULL,0.900,0.750,0.750,1,1,0,2025-07-01,2026-07-30 13:05:15.117,2026-07-30 13:05:15.117,NULL,NULL,0
2,7,27,EMR Compliance (EMR),Healthy,increasing,up,90.0%,0.965753424657534,96.58,97%,EB - BaPS Engr,Division,NULL,0.900,0.750,0.750,1,1,0,2024-12-01,2026-07-30 13:05:15.117,2026-07-30 13:05:15.117,NULL,NULL,0
2,7,27,EMR Compliance (EMR),Healthy,increasing,up,90.0%,0.976047904191617,97.6,98%,EB - BaPS Engr,Division,NULL,0.900,0.750,0.750,1,1,0,2024-08-01,2026-07-30 13:05:15.117,2026-07-30 13:05:15.117,NULL,NULL,0
2,7,27,EMR Compliance (EMR),Healthy,increasing,up,90.0%,1,100,100%,EB - BaPS Engr,Division,NULL,0.900,0.750,0.750,1,1,0,2024-09-01,2026-07-30 13:05:15.117,2026-07-30 13:05:15.117,NULL,NULL,0
2,7,27,EMR Compliance (EMR),Healthy,increasing,up,90.0%,1,100,100%,EB - BaPS Engr,Division,NULL,0.900,0.750,0.750,1,1,0,2025-01-01,2026-07-30 13:05:15.117,2026-07-30 13:05:15.117,NULL,NULL,0
2,7,27,EMR Compliance (EMR),Healthy,increasing,up,90.0%,1,100,100%,EB - BaPS Engr,Division,NULL,0.900,0.750,0.750,1,1,0,2025-03-01,2026-07-30 13:05:15.117,2026-07-30 13:05:15.117,NULL,NULL,0
2,7,27,EMR Compliance (EMR),Healthy,increasing,up,90.0%,1,100,100%,EB - BaPS Engr,Division,NULL,0.900,0.750,0.750,1,1,0,2025-12-01,2026-07-30 13:05:15.117,2026-07-30 13:05:15.117,NULL,NULL,0
2,7,27,EMR Compliance (EMR),Warning,decreasing,down,90.0%,0.757575757575758,75.76,76%,EB - BaPS Engr,Division,NULL,0.900,0.750,0.750,1,1,0,2026-03-01,2026-07-30 13:05:15.117,2026-07-30 13:05:15.117,NULL,NULL,0
2,7,27,EMR Compliance (EMR),Warning,decreasing,down,90.0%,0.766081871345029,76.61,77%,EB - BaPS Engr,Division,NULL,0.900,0.750,0.750,1,1,0,2025-06-01,2026-07-30 13:05:15.117,2026-07-30 13:05:15.117,NULL,NULL,0
2,7,27,EMR Compliance (EMR),Warning,decreasing,down,90.0%,0.791489361702128,79.15,79%,EB - BaPS Engr,Division,NULL,0.900,0.750,0.750,1,1,0,2026-02-01,2026-07-30 13:05:15.117,2026-07-30 13:05:15.117,NULL,NULL,0
2,7,27,EMR Compliance (EMR),Warning,decreasing,down,90.0%,0.792452830188679,79.25,79%,EB - BaPS Engr,Division,NULL,0.900,0.750,0.750,1,1,0,2025-05-01,2026-07-30 13:05:15.117,2026-07-30 13:05:15.117,NULL,NULL,0
2,7,27,EMR Compliance (EMR),Warning,decreasing,down,90.0%,0.837606837606838,83.76,84%,EB - BaPS Engr,Division,NULL,0.900,0.750,0.750,1,1,0,2026-01-01,2026-07-30 13:05:15.117,2026-07-30 13:05:15.117,NULL,NULL,0
2,7,27,EMR Compliance (EMR),Warning,decreasing,down,90.0%,0.839779005524862,83.98,84%,EB - BaPS Engr,Division,NULL,0.900,0.750,0.750,1,1,0,2024-02-01,2026-07-30 13:05:15.117,2026-07-30 13:05:15.117,NULL,NULL,0
2,7,27,EMR Compliance (EMR),Warning,decreasing,down,90.0%,0.8984375,89.84,90%,EB - BaPS Engr,Division,NULL,0.900,0.750,0.750,1,1,0,2025-08-01,2026-07-30 13:05:15.117,2026-07-30 13:05:15.117,NULL,NULL,0
2,7,27,EMR Compliance (EMR),Warning,increasing,up,90.0%,0.798816568047337,79.88,80%,EB - BaPS Engr,Division,NULL,0.900,0.750,0.750,1,1,0,2024-04-01,2026-07-30 13:05:15.117,2026-07-30 13:05:15.117,NULL,NULL,0
2,7,27,EMR Compliance (EMR),Warning,increasing,up,90.0%,0.803571428571429,80.36,80%,EB - BaPS Engr,Division,NULL,0.900,0.750,0.750,1,1,0,2024-05-01,2026-07-30 13:05:15.117,2026-07-30 13:05:15.117,NULL,NULL,0
2,7,27,EMR Compliance (EMR),Warning,increasing,up,90.0%,0.859550561797753,85.96,86%,EB - BaPS Engr,Division,NULL,0.900,0.750,0.750,1,1,0,2024-01-01,2026-07-30 13:05:15.117,2026-07-30 13:05:15.117,NULL,NULL,0
2,7,27,EMR Compliance (EMR),Warning,increasing,up,90.0%,0.867469879518072,86.75,87%,EB - BaPS Engr,Division,NULL,0.900,0.750,0.750,1,1,0,2024-06-01,2026-07-30 13:05:15.117,2026-07-30 13:05:15.117,NULL,NULL,0
2,7,27,EMR Compliance (EMR),At-Risk,decreasing,down,90.0%,0.589041095890411,58.9,59%,EM - Marine Systems,Division,NULL,0.900,0.750,0.750,1,1,0,2026-05-01,2026-07-30 13:05:15.117,2026-07-30 13:05:15.117,NULL,NULL,0
2,7,27,EMR Compliance (EMR),At-Risk,increasing,up,90.0%,0.619718309859155,61.97,62%,EM - Marine Systems,Division,NULL,0.900,0.750,0.750,1,1,0,2026-06-01,2026-07-30 13:05:15.117,2026-07-30 13:05:15.117,NULL,NULL,1
2,7,27,EMR Compliance (EMR),Warning,decreasing,down,90.0%,0.777777777777778,77.78,78%,EM - Marine Systems,Division,NULL,0.900,0.750,0.750,1,1,0,2026-02-01,2026-07-30 13:05:15.117,2026-07-30 13:05:15.117,NULL,NULL,0
2,7,27,EMR Compliance (EMR),Warning,increasing,up,90.0%,0.825396825396825,82.54,83%,EM - Marine Systems,Division,NULL,0.900,0.750,0.750,1,1,0,2026-03-01,2026-07-30 13:05:15.117,2026-07-30 13:05:15.117,NULL,NULL,0
2,7,27,EMR Compliance (EMR),Warning,increasing,up,90.0%,0.872727272727273,87.27,87%,EM - Marine Systems,Division,NULL,0.900,0.750,0.750,1,1,0,2026-04-01,2026-07-30 13:05:15.117,2026-07-30 13:05:15.117,NULL,NULL,0
2,7,27,EMR Compliance (EMR),Warning,stable,stable,90.0%,0.825396825396825,82.54,83%,EM - Marine Systems,Division,NULL,0.900,0.750,0.750,1,1,0,2026-01-01,2026-07-30 13:05:15.117,2026-07-30 13:05:15.117,NULL,NULL,0
2,7,27,EMR Compliance (EMR),At-Risk,decreasing,down,90.0%,0.043046357615894,4.3,4%,EM - MLSS,Division,NULL,0.900,0.750,0.750,1,1,0,2023-05-01,2026-07-30 13:05:15.117,2026-07-30 13:05:15.117,NULL,NULL,0
2,7,27,EMR Compliance (EMR),At-Risk,decreasing,down,90.0%,0.0517241379310345,5.17,5%,EM - MLSS,Division,NULL,0.900,0.750,0.750,1,1,0,2023-03-01,2026-07-30 13:05:15.117,2026-07-30 13:05:15.117,NULL,NULL,0
2,7,27,EMR Compliance (EMR),At-Risk,decreasing,down,90.0%,0.732876712328767,73.29,73%,EM - MLSS,Division,NULL,0.900,0.750,0.750,1,1,0,2023-12-01,2026-07-30 13:05:15.117,2026-07-30 13:05:15.117,NULL,NULL,0
2,7,27,EMR Compliance (EMR),At-Risk,increasing,up,90.0%,0.048951048951049,4.9,5%,EM - MLSS,Division,NULL,0.900,0.750,0.750,1,1,0,2023-06-01,2026-07-30 13:05:15.117,2026-07-30 13:05:15.117,NULL,NULL,0
2,7,27,EMR Compliance (EMR),At-Risk,increasing,up,90.0%,0.0532544378698225,5.33,5%,EM - MLSS,Division,NULL,0.900,0.750,0.750,1,1,0,2023-02-01,2026-07-30 13:05:15.117,2026-07-30 13:05:15.117,NULL,NULL,0
2,7,27,EMR Compliance (EMR),At-Risk,increasing,up,90.0%,0.0628571428571429,6.29,6%,EM - MLSS,Division,NULL,0.900,0.750,0.750,1,1,0,2023-04-01,2026-07-30 13:05:15.117,2026-07-30 13:05:15.117,NULL,NULL,0
2,7,27,EMR Compliance (EMR),At-Risk,increasing,up,90.0%,0.165957446808511,16.6,17%,EM - MLSS,Division,NULL,0.900,0.750,0.750,1,1,0,2023-07-01,2026-07-30 13:05:15.117,2026-07-30 13:05:15.117,NULL,NULL,0
2,7,27,EMR Compliance (EMR),At-Risk,increasing,up,90.0%,0.169354838709677,16.94,17%,EM - MLSS,Division,NULL,0.900,0.750,0.750,1,1,0,2023-08-01,2026-07-30 13:05:15.117,2026-07-30 13:05:15.117,NULL,NULL,0
2,7,27,EMR Compliance (EMR),At-Risk,increasing,up,90.0%,0.277551020408163,27.76,28%,EM - MLSS,Division,NULL,0.900,0.750,0.750,1,1,0,2023-09-01,2026-07-30 13:05:15.117,2026-07-30 13:05:15.117,NULL,NULL,0
2,7,27,EMR Compliance (EMR),At-Risk,increasing,up,90.0%,0.730994152046784,73.1,73%,EM - MLSS,Division,NULL,0.900,0.750,0.750,1,1,0,2023-10-01,2026-07-30 13:05:15.117,2026-07-30 13:05:15.117,NULL,NULL,0
2,7,27,EMR Compliance (EMR),At-Risk,stable,stable,90.0%,0.0352941176470588,3.53,4%,EM - MLSS,Division,NULL,0.900,0.750,0.750,1,1,0,2023-01-01,2026-07-30 13:05:15.117,2026-07-30 13:05:15.117,NULL,NULL,0
2,7,27,EMR Compliance (EMR),Healthy,decreasing,down,90.0%,0.9,90,90%,EM - MLSS,Division,NULL,0.900,0.750,0.750,1,1,0,2024-12-01,2026-07-30 13:05:15.117,2026-07-30 13:05:15.117,NULL,NULL,0
2,7,27,EMR Compliance (EMR),Healthy,decreasing,down,90.0%,0.907834101382488,90.78,91%,EM - MLSS,Division,NULL,0.900,0.750,0.750,1,1,0,2025-08-01,2026-07-30 13:05:15.117,2026-07-30 13:05:15.117,NULL,NULL,0
2,7,27,EMR Compliance (EMR),Healthy,decreasing,down,90.0%,0.921259842519685,92.13,92%,EM - MLSS,Division,NULL,0.900,0.750,0.750,1,1,0,2024-10-01,2026-07-30 13:05:15.117,2026-07-30 13:05:15.117,NULL,NULL,0
2,7,27,EMR Compliance (EMR),Healthy,decreasing,down,90.0%,0.922413793103448,92.24,92%,EM - MLSS,Division,NULL,0.900,0.750,0.750,1,1,0,2024-09-01,2026-07-30 13:05:15.117,2026-07-30 13:05:15.117,NULL,NULL,0
2,7,27,EMR Compliance (EMR),Healthy,decreasing,down,90.0%,0.928571428571429,92.86,93%,EM - MLSS,Division,NULL,0.900,0.750,0.750,1,1,0,2024-03-01,2026-07-30 13:05:15.117,2026-07-30 13:05:15.117,NULL,NULL,0
2,7,27,EMR Compliance (EMR),Healthy,increasing,up,90.0%,0.926470588235294,92.65,93%,EM - MLSS,Division,NULL,0.900,0.750,0.750,1,1,0,2024-11-01,2026-07-30 13:05:15.117,2026-07-30 13:05:15.117,NULL,NULL,0
2,7,27,EMR Compliance (EMR),Healthy,increasing,up,90.0%,0.927272727272727,92.73,93%,EM - MLSS,Division,NULL,0.900,0.750,0.750,1,1,0,2025-06-01,2026-07-30 13:05:15.117,2026-07-30 13:05:15.117,NULL,NULL,0
2,7,27,EMR Compliance (EMR),Healthy,increasing,up,90.0%,0.946078431372549,94.61,95%,EM - MLSS,Division,NULL,0.900,0.750,0.750,1,1,0,2025-09-01,2026-07-30 13:05:15.117,2026-07-30 13:05:15.117,NULL,NULL,0
2,7,27,EMR Compliance (EMR),Healthy,increasing,up,90.0%,0.957264957264957,95.73,96%,EM - MLSS,Division,NULL,0.900,0.750,0.750,1,1,0,2024-06-01,2026-07-30 13:05:15.117,2026-07-30 13:05:15.117,NULL,NULL,0
2,7,27,EMR Compliance (EMR),Healthy,increasing,up,90.0%,0.967592592592593,96.76,97%,EM - MLSS,Division,NULL,0.900,0.750,0.750,1,1,0,2025-07-01,2026-07-30 13:05:15.117,2026-07-30 13:05:15.117,NULL,NULL,0
2,7,27,EMR Compliance (EMR),Healthy,increasing,up,90.0%,0.968992248062015,96.9,97%,EM - MLSS,Division,NULL,0.900,0.750,0.750,1,1,0,2024-01-01,2026-07-30 13:05:15.117,2026-07-30 13:05:15.117,NULL,NULL,0
2,7,27,EMR Compliance (EMR),Healthy,increasing,up,90.0%,0.990990990990991,99.1,99%,EM - MLSS,Division,NULL,0.900,0.750,0.750,1,1,0,2024-07-01,2026-07-30 13:05:15.117,2026-07-30 13:05:15.117,NULL,NULL,0
2,7,27,EMR Compliance (EMR),Healthy,increasing,up,90.0%,0.992307692307692,99.23,99%,EM - MLSS,Division,NULL,0.900,0.750,0.750,1,1,0,2025-01-01,2026-07-30 13:05:15.117,2026-07-30 13:05:15.117,NULL,NULL,0
2,7,27,EMR Compliance (EMR),Healthy,increasing,up,90.0%,0.99236641221374,99.24,99%,EM - MLSS,Division,NULL,0.900,0.750,0.750,1,1,0,2025-02-01,2026-07-30 13:05:15.117,2026-07-30 13:05:15.117,NULL,NULL,0
2,7,27,EMR Compliance (EMR),Healthy,increasing,up,90.0%,0.992424242424242,99.24,99%,EM - MLSS,Division,NULL,0.900,0.750,0.750,1,1,0,2024-02-01,2026-07-30 13:05:15.117,2026-07-30 13:05:15.117,NULL,NULL,0
2,7,27,EMR Compliance (EMR),Healthy,increasing,up,90.0%,0.992647058823529,99.26,99%,EM - MLSS,Division,NULL,0.900,0.750,0.750,1,1,0,2025-03-01,2026-07-30 13:05:15.117,2026-07-30 13:05:15.117,NULL,NULL,0
2,7,27,EMR Compliance (EMR),Healthy,increasing,up,90.0%,0.992700729927007,99.27,99%,EM - MLSS,Division,NULL,0.900,0.750,0.750,1,1,0,2025-04-01,2026-07-30 13:05:15.117,2026-07-30 13:05:15.117,NULL,NULL,0
2,7,27,EMR Compliance (EMR),Healthy,stable,stable,90.0%,0.990990990990991,99.1,99%,EM - MLSS,Division,NULL,0.900,0.750,0.750,1,1,0,2024-08-01,2026-07-30 13:05:15.117,2026-07-30 13:05:15.117,NULL,NULL,0
2,7,27,EMR Compliance (EMR),Warning,decreasing,down,90.0%,0.846153846153846,84.62,85%,EM - MLSS,Division,NULL,0.900,0.750,0.750,1,1,0,2025-10-01,2026-07-30 13:05:15.117,2026-07-30 13:05:15.117,NULL,NULL,0
2,7,27,EMR Compliance (EMR),Warning,decreasing,down,90.0%,0.871212121212121,87.12,87%,EM - MLSS,Division,NULL,0.900,0.750,0.750,1,1,0,2024-04-01,2026-07-30 13:05:15.117,2026-07-30 13:05:15.117,NULL,NULL,0
2,7,27,EMR Compliance (EMR),Warning,decreasing,down,90.0%,0.884057971014493,88.41,88%,EM - MLSS,Division,NULL,0.900,0.750,0.750,1,1,0,2025-05-01,2026-07-30 13:05:15.117,2026-07-30 13:05:15.117,NULL,NULL,0
2,7,27,EMR Compliance (EMR),Warning,increasing,up,90.0%,0.795031055900621,79.5,80%,EM - MLSS,Division,NULL,0.900,0.750,0.750,1,1,0,2023-11-01,2026-07-30 13:05:15.117,2026-07-30 13:05:15.117,NULL,NULL,0
2,7,27,EMR Compliance (EMR),Warning,increasing,up,90.0%,0.882075471698113,88.21,88%,EM - MLSS,Division,NULL,0.900,0.750,0.750,1,1,0,2025-11-01,2026-07-30 13:05:15.117,2026-07-30 13:05:15.117,NULL,NULL,0
2,7,27,EMR Compliance (EMR),Warning,increasing,up,90.0%,0.89908256880734,89.91,90%,EM - MLSS,Division,NULL,0.900,0.750,0.750,1,1,0,2025-12-01,2026-07-30 13:05:15.117,2026-07-30 13:05:15.117,NULL,NULL,1
2,7,27,EMR Compliance (EMR),Warning,stable,stable,90.0%,0.871212121212121,87.12,87%,EM - MLSS,Division,NULL,0.900,0.750,0.750,1,1,0,2024-05-01,2026-07-30 13:05:15.117,2026-07-30 13:05:15.117,NULL,NULL,0
2,7,27,EMR Compliance (EMR),Healthy,increasing,up,90.0%,0.909814323607427,90.98,91%,EN - MSTS,Division,NULL,0.900,0.750,0.750,1,1,0,2026-04-01,2026-07-30 13:05:15.117,2026-07-30 13:05:15.117,NULL,NULL,0
2,7,27,EMR Compliance (EMR),Healthy,increasing,up,90.0%,0.917847025495751,91.78,92%,EN - MSTS,Division,NULL,0.900,0.750,0.750,1,1,0,2026-02-01,2026-07-30 13:05:15.117,2026-07-30 13:05:15.117,NULL,NULL,0
2,7,27,EMR Compliance (EMR),Warning,decreasing,down,90.0%,0.753303964757709,75.33,75%,EN - MSTS,Division,NULL,0.900,0.750,0.750,1,1,0,2026-05-01,2026-07-30 13:05:15.117,2026-07-30 13:05:15.117,NULL,NULL,0
2,7,27,EMR Compliance (EMR),Warning,decreasing,down,90.0%,0.867532467532467,86.75,87%,EN - MSTS,Division,NULL,0.900,0.750,0.750,1,1,0,2026-03-01,2026-07-30 13:05:15.117,2026-07-30 13:05:15.117,NULL,NULL,0
2,7,27,EMR Compliance (EMR),Warning,increasing,up,90.0%,0.791932059447983,79.19,79%,EN - MSTS,Division,NULL,0.900,0.750,0.750,1,1,0,2026-06-01,2026-07-30 13:05:15.117,2026-07-30 13:05:15.117,NULL,NULL,1
2,7,27,EMR Compliance (EMR),Warning,stable,stable,90.0%,0.862068965517241,86.21,86%,EN - MSTS,Division,NULL,0.900,0.750,0.750,1,1,0,2026-01-01,2026-07-30 13:05:15.117,2026-07-30 13:05:15.117,NULL,NULL,0
2,7,27,EMR Compliance (EMR),At-Risk,decreasing,down,90.0%,0.0996677740863787,9.97,10%,EN - NTSD,Division,NULL,0.900,0.750,0.750,1,1,0,2023-06-01,2026-07-30 13:05:15.117,2026-07-30 13:05:15.117,NULL,NULL,0
2,7,27,EMR Compliance (EMR),At-Risk,decreasing,down,90.0%,0.106060606060606,10.61,11%,EN - NTSD,Division,NULL,0.900,0.750,0.750,1,1,0,2023-04-01,2026-07-30 13:05:15.117,2026-07-30 13:05:15.117,NULL,NULL,0
2,7,27,EMR Compliance (EMR),At-Risk,decreasing,down,90.0%,0.117021276595745,11.7,12%,EN - NTSD,Division,NULL,0.900,0.750,0.750,1,1,0,2023-03-01,2026-07-30 13:05:15.117,2026-07-30 13:05:15.117,NULL,NULL,0
2,7,27,EMR Compliance (EMR),At-Risk,decreasing,down,90.0%,0.652173913043478,65.22,65%,EN - NTSD,Division,NULL,0.900,0.750,0.750,1,1,0,2024-08-01,2026-07-30 13:05:15.117,2026-07-30 13:05:15.117,NULL,NULL,0
2,7,27,EMR Compliance (EMR),At-Risk,increasing,up,90.0%,0.111111111111111,11.11,11%,EN - NTSD,Division,NULL,0.900,0.750,0.750,1,1,0,2023-05-01,2026-07-30 13:05:15.117,2026-07-30 13:05:15.117,NULL,NULL,0
2,7,27,EMR Compliance (EMR),At-Risk,increasing,up,90.0%,0.11864406779661,11.86,12%,EN - NTSD,Division,NULL,0.900,0.750,0.750,1,1,0,2023-02-01,2026-07-30 13:05:15.117,2026-07-30 13:05:15.117,NULL,NULL,0
2,7,27,EMR Compliance (EMR),At-Risk,increasing,up,90.0%,0.440559440559441,44.06,44%,EN - NTSD,Division,NULL,0.900,0.750,0.750,1,1,0,2023-07-01,2026-07-30 13:05:15.117,2026-07-30 13:05:15.117,NULL,NULL,0
2,7,27,EMR Compliance (EMR),At-Risk,increasing,up,90.0%,0.47887323943662,47.89,48%,EN - NTSD,Division,NULL,0.900,0.750,0.750,1,1,0,2023-08-01,2026-07-30 13:05:15.117,2026-07-30 13:05:15.117,NULL,NULL,0
2,7,27,EMR Compliance (EMR),At-Risk,increasing,up,90.0%,0.48,48,48%,EN - NTSD,Division,NULL,0.900,0.750,0.750,1,1,0,2023-09-01,2026-07-30 13:05:15.117,2026-07-30 13:05:15.117,NULL,NULL,0
2,7,27,EMR Compliance (EMR),At-Risk,increasing,up,90.0%,0.556291390728477,55.63,56%,EN - NTSD,Division,NULL,0.900,0.750,0.750,1,1,0,2023-10-01,2026-07-30 13:05:15.117,2026-07-30 13:05:15.117,NULL,NULL,0
2,7,27,EMR Compliance (EMR),At-Risk,increasing,up,90.0%,0.5625,56.25,56%,EN - NTSD,Division,NULL,0.900,0.750,0.750,1,1,0,2023-11-01,2026-07-30 13:05:15.117,2026-07-30 13:05:15.117,NULL,NULL,0
2,7,27,EMR Compliance (EMR),At-Risk,increasing,up,90.0%,0.68,68,68%,EN - NTSD,Division,NULL,0.900,0.750,0.750,1,1,0,2023-12-01,2026-07-30 13:05:15.117,2026-07-30 13:05:15.117,NULL,NULL,0
2,7,27,EMR Compliance (EMR),At-Risk,increasing,up,90.0%,0.722222222222222,72.22,72%,EN - NTSD,Division,NULL,0.900,0.750,0.750,1,1,0,2024-01-01,2026-07-30 13:05:15.117,2026-07-30 13:05:15.117,NULL,NULL,0
2,7,27,EMR Compliance (EMR),At-Risk,increasing,up,90.0%,0.728260869565217,72.83,73%,EN - NTSD,Division,NULL,0.900,0.750,0.750,1,1,0,2024-02-01,2026-07-30 13:05:15.117,2026-07-30 13:05:15.117,NULL,NULL,0
2,7,27,EMR Compliance (EMR),At-Risk,stable,stable,90.0%,0.112994350282486,11.3,11%,EN - NTSD,Division,NULL,0.900,0.750,0.750,1,1,0,2023-01-01,2026-07-30 13:05:15.117,2026-07-30 13:05:15.117,NULL,NULL,0
2,7,27,EMR Compliance (EMR),Healthy,decreasing,down,90.0%,0.907514450867052,90.75,91%,EN - NTSD,Division,NULL,0.900,0.750,0.750,1,1,0,2025-05-01,2026-07-30 13:05:15.117,2026-07-30 13:05:15.117,NULL,NULL,0
2,7,27,EMR Compliance (EMR),Healthy,decreasing,down,90.0%,0.928057553956835,92.81,93%,EN - NTSD,Division,NULL,0.900,0.750,0.750,1,1,0,2025-01-01,2026-07-30 13:05:15.117,2026-07-30 13:05:15.117,NULL,NULL,0
2,7,27,EMR Compliance (EMR),Healthy,decreasing,down,90.0%,0.944444444444444,94.44,94%,EN - NTSD,Division,NULL,0.900,0.750,0.750,1,1,0,2025-04-01,2026-07-30 13:05:15.117,2026-07-30 13:05:15.117,NULL,NULL,0
2,7,27,EMR Compliance (EMR),Healthy,decreasing,down,90.0%,0.944827586206897,94.48,94%,EN - NTSD,Division,NULL,0.900,0.750,0.750,1,1,0,2024-12-01,2026-07-30 13:05:15.117,2026-07-30 13:05:15.117,NULL,NULL,0
2,7,27,EMR Compliance (EMR),Healthy,increasing,up,90.0%,0.904761904761905,90.48,90%,EN - NTSD,Division,NULL,0.900,0.750,0.750,1,1,0,2025-08-01,2026-07-30 13:05:15.117,2026-07-30 13:05:15.117,NULL,NULL,0
2,7,27,EMR Compliance (EMR),Healthy,increasing,up,90.0%,0.913978494623656,91.4,91%,EN - NTSD,Division,NULL,0.900,0.750,0.750,1,1,0,2024-04-01,2026-07-30 13:05:15.117,2026-07-30 13:05:15.117,NULL,NULL,0
2,7,27,EMR Compliance (EMR),Healthy,increasing,up,90.0%,0.917525773195876,91.75,92%,EN - NTSD,Division,NULL,0.900,0.750,0.750,1,1,0,2024-05-01,2026-07-30 13:05:15.117,2026-07-30 13:05:15.117,NULL,NULL,0
2,7,27,EMR Compliance (EMR),Healthy,increasing,up,90.0%,0.919191919191919,91.92,92%,EN - NTSD,Division,NULL,0.900,0.750,0.750,1,1,0,2024-06-01,2026-07-30 13:05:15.117,2026-07-30 13:05:15.117,NULL,NULL,0
2,7,27,EMR Compliance (EMR),Healthy,increasing,up,90.0%,0.92156862745098,92.16,92%,EN - NTSD,Division,NULL,0.900,0.750,0.750,1,1,0,2024-09-01,2026-07-30 13:05:15.117,2026-07-30 13:05:15.117,NULL,NULL,0
2,7,27,EMR Compliance (EMR),Healthy,increasing,up,90.0%,0.923809523809524,92.38,92%,EN - NTSD,Division,NULL,0.900,0.750,0.750,1,1,0,2024-07-01,2026-07-30 13:05:15.117,2026-07-30 13:05:15.117,NULL,NULL,0
2,7,27,EMR Compliance (EMR),Healthy,increasing,up,90.0%,0.931623931623932,93.16,93%,EN - NTSD,Division,NULL,0.900,0.750,0.750,1,1,0,2024-10-01,2026-07-30 13:05:15.117,2026-07-30 13:05:15.117,NULL,NULL,0
2,7,27,EMR Compliance (EMR),Healthy,increasing,up,90.0%,0.957894736842105,95.79,96%,EN - NTSD,Division,NULL,0.900,0.750,0.750,1,1,0,2025-09-01,2026-07-30 13:05:15.117,2026-07-30 13:05:15.117,NULL,NULL,0
2,7,27,EMR Compliance (EMR),Healthy,increasing,up,90.0%,0.992753623188406,99.28,99%,EN - NTSD,Division,NULL,0.900,0.750,0.750,1,1,0,2025-03-01,2026-07-30 13:05:15.117,2026-07-30 13:05:15.117,NULL,NULL,0
2,7,27,EMR Compliance (EMR),Healthy,increasing,up,90.0%,1,100,100%,EN - NTSD,Division,NULL,0.900,0.750,0.750,1,1,0,2024-11-01,2026-07-30 13:05:15.117,2026-07-30 13:05:15.117,NULL,NULL,0
2,7,27,EMR Compliance (EMR),Warning,decreasing,down,90.0%,0.786802030456853,78.68,79%,EN - NTSD,Division,NULL,0.900,0.750,0.750,1,1,0,2025-07-01,2026-07-30 13:05:15.117,2026-07-30 13:05:15.117,NULL,NULL,0
2,7,27,EMR Compliance (EMR),Warning,decreasing,down,90.0%,0.857142857142857,85.71,86%,EN - NTSD,Division,NULL,0.900,0.750,0.750,1,1,0,2025-02-01,2026-07-30 13:05:15.117,2026-07-30 13:05:15.117,NULL,NULL,0
2,7,27,EMR Compliance (EMR),Warning,decreasing,down,90.0%,0.872340425531915,87.23,87%,EN - NTSD,Division,NULL,0.900,0.750,0.750,1,1,0,2025-06-01,2026-07-30 13:05:15.117,2026-07-30 13:05:15.117,NULL,NULL,0
2,7,27,EMR Compliance (EMR),Warning,decreasing,down,90.0%,0.87906976744186,87.91,88%,EN - NTSD,Division,NULL,0.900,0.750,0.750,1,1,0,2025-10-01,2026-07-30 13:05:15.117,2026-07-30 13:05:15.117,NULL,NULL,0
2,7,27,EMR Compliance (EMR),Warning,increasing,up,90.0%,0.802197802197802,80.22,80%,EN - NTSD,Division,NULL,0.900,0.750,0.750,1,1,0,2024-03-01,2026-07-30 13:05:15.117,2026-07-30 13:05:15.117,NULL,NULL,0
2,7,27,EMR Compliance (EMR),Warning,increasing,up,90.0%,0.883177570093458,88.32,88%,EN - NTSD,Division,NULL,0.900,0.750,0.750,1,1,0,2025-11-01,2026-07-30 13:05:15.117,2026-07-30 13:05:15.117,NULL,NULL,0
2,7,27,EMR Compliance (EMR),Warning,increasing,up,90.0%,0.884057971014493,88.41,88%,EN - NTSD,Division,NULL,0.900,0.750,0.750,1,1,0,2025-12-01,2026-07-30 13:05:15.117,2026-07-30 13:05:15.117,NULL,NULL,1
2,7,27,EMR Compliance (EMR),At-Risk,decreasing,down,90.0%,0.223880597014925,22.39,22%,EV - Mission Next Engineering,Division,NULL,0.900,0.750,0.750,1,1,0,2023-09-01,2026-07-30 13:05:15.117,2026-07-30 13:05:15.117,NULL,NULL,0
2,7,27,EMR Compliance (EMR),At-Risk,decreasing,down,90.0%,0.25,25,25%,EV - Mission Next Engineering,Division,NULL,0.900,0.750,0.750,1,1,0,2023-03-01,2026-07-30 13:05:15.117,2026-07-30 13:05:15.117,NULL,NULL,0
2,7,27,EMR Compliance (EMR),At-Risk,decreasing,down,90.0%,0.295081967213115,29.51,30%,EV - Mission Next Engineering,Division,NULL,0.900,0.750,0.750,1,1,0,2023-08-01,2026-07-30 13:05:15.117,2026-07-30 13:05:15.117,NULL,NULL,0
2,7,27,EMR Compliance (EMR),At-Risk,decreasing,down,90.0%,0.381944444444444,38.19,38%,EV - Mission Next Engineering,Division,NULL,0.900,0.750,0.750,1,1,0,2026-05-01,2026-07-30 13:05:15.117,2026-07-30 13:05:15.117,NULL,NULL,0
2,7,27,EMR Compliance (EMR),At-Risk,decreasing,down,90.0%,0.434782608695652,43.48,43%,EV - Mission Next Engineering,Division,NULL,0.900,0.750,0.750,1,1,0,2025-11-01,2026-07-30 13:05:15.117,2026-07-30 13:05:15.117,NULL,NULL,0
2,7,27,EMR Compliance (EMR),At-Risk,decreasing,down,90.0%,0.439024390243902,43.9,44%,EV - Mission Next Engineering,Division,NULL,0.900,0.750,0.750,1,1,0,2023-11-01,2026-07-30 13:05:15.117,2026-07-30 13:05:15.117,NULL,NULL,0
2,7,27,EMR Compliance (EMR),At-Risk,decreasing,down,90.0%,0.470588235294118,47.06,47%,EV - Mission Next Engineering,Division,NULL,0.900,0.750,0.750,1,1,0,2026-04-01,2026-07-30 13:05:15.117,2026-07-30 13:05:15.117,NULL,NULL,0
2,7,27,EMR Compliance (EMR),At-Risk,decreasing,down,90.0%,0.475247524752475,47.52,48%,EV - Mission Next Engineering,Division,NULL,0.900,0.750,0.750,1,1,0,2026-03-01,2026-07-30 13:05:15.117,2026-07-30 13:05:15.117,NULL,NULL,0
2,7,27,EMR Compliance (EMR),At-Risk,decreasing,down,90.0%,0.555555555555556,55.56,56%,EV - Mission Next Engineering,Division,NULL,0.900,0.750,0.750,1,1,0,2023-02-01,2026-07-30 13:05:15.117,2026-07-30 13:05:15.117,NULL,NULL,0
2,7,27,EMR Compliance (EMR),At-Risk,decreasing,down,90.0%,0.597560975609756,59.76,60%,EV - Mission Next Engineering,Division,NULL,0.900,0.750,0.750,1,1,0,2025-10-01,2026-07-30 13:05:15.117,2026-07-30 13:05:15.117,NULL,NULL,0
2,7,27,EMR Compliance (EMR),At-Risk,decreasing,down,90.0%,0.686274509803922,68.63,69%,EV - Mission Next Engineering,Division,NULL,0.900,0.750,0.750,1,1,0,2025-05-01,2026-07-30 13:05:15.117,2026-07-30 13:05:15.117,NULL,NULL,0
2,7,27,EMR Compliance (EMR),At-Risk,decreasing,down,90.0%,0.688311688311688,68.83,69%,EV - Mission Next Engineering,Division,NULL,0.900,0.750,0.750,1,1,0,2025-07-01,2026-07-30 13:05:15.117,2026-07-30 13:05:15.117,NULL,NULL,0
2,7,27,EMR Compliance (EMR),At-Risk,increasing,up,90.0%,0.253164556962025,25.32,25%,EV - Mission Next Engineering,Division,NULL,0.900,0.750,0.750,1,1,0,2023-05-01,2026-07-30 13:05:15.117,2026-07-30 13:05:15.117,NULL,NULL,0
2,7,27,EMR Compliance (EMR),At-Risk,increasing,up,90.0%,0.26984126984127,26.98,27%,EV - Mission Next Engineering,Division,NULL,0.900,0.750,0.750,1,1,0,2023-06-01,2026-07-30 13:05:15.117,2026-07-30 13:05:15.117,NULL,NULL,0
2,7,27,EMR Compliance (EMR),At-Risk,increasing,up,90.0%,0.357142857142857,35.71,36%,EV - Mission Next Engineering,Division,NULL,0.900,0.750,0.750,1,1,0,2023-07-01,2026-07-30 13:05:15.117,2026-07-30 13:05:15.117,NULL,NULL,0
2,7,27,EMR Compliance (EMR),At-Risk,increasing,up,90.0%,0.478571428571429,47.86,48%,EV - Mission Next Engineering,Division,NULL,0.900,0.750,0.750,1,1,0,2026-06-01,2026-07-30 13:05:15.117,2026-07-30 13:05:15.117,NULL,NULL,1
2,7,27,EMR Compliance (EMR),At-Risk,increasing,up,90.0%,0.547619047619048,54.76,55%,EV - Mission Next Engineering,Division,NULL,0.900,0.750,0.750,1,1,0,2023-12-01,2026-07-30 13:05:15.117,2026-07-30 13:05:15.117,NULL,NULL,0
2,7,27,EMR Compliance (EMR),At-Risk,increasing,up,90.0%,0.6625,66.25,66%,EV - Mission Next Engineering,Division,NULL,0.900,0.750,0.750,1,1,0,2025-12-01,2026-07-30 13:05:15.117,2026-07-30 13:05:15.117,NULL,NULL,0
2,7,27,EMR Compliance (EMR),At-Risk,increasing,up,90.0%,0.671641791044776,67.16,67%,EV - Mission Next Engineering,Division,NULL,0.900,0.750,0.750,1,1,0,2023-10-01,2026-07-30 13:05:15.117,2026-07-30 13:05:15.117,NULL,NULL,0
2,7,27,EMR Compliance (EMR),At-Risk,increasing,up,90.0%,0.67741935483871,67.74,68%,EV - Mission Next Engineering,Division,NULL,0.900,0.750,0.750,1,1,0,2026-02-01,2026-07-30 13:05:15.117,2026-07-30 13:05:15.117,NULL,NULL,0
2,7,27,EMR Compliance (EMR),At-Risk,increasing,up,90.0%,0.726027397260274,72.6,73%,EV - Mission Next Engineering,Division,NULL,0.900,0.750,0.750,1,1,0,2024-01-01,2026-07-30 13:05:15.117,2026-07-30 13:05:15.117,NULL,NULL,0
2,7,27,EMR Compliance (EMR),At-Risk,increasing,up,90.0%,0.740740740740741,74.07,74%,EV - Mission Next Engineering,Division,NULL,0.900,0.750,0.750,1,1,0,2024-02-01,2026-07-30 13:05:15.117,2026-07-30 13:05:15.117,NULL,NULL,0
2,7,27,EMR Compliance (EMR),At-Risk,stable,stable,90.0%,0.25,25,25%,EV - Mission Next Engineering,Division,NULL,0.900,0.750,0.750,1,1,0,2023-04-01,2026-07-30 13:05:15.117,2026-07-30 13:05:15.117,NULL,NULL,0
2,7,27,EMR Compliance (EMR),At-Risk,stable,stable,90.0%,0.584905660377358,58.49,58%,EV - Mission Next Engineering,Division,NULL,0.900,0.750,0.750,1,1,0,2023-01-01,2026-07-30 13:05:15.117,2026-07-30 13:05:15.117,NULL,NULL,0
2,7,27,EMR Compliance (EMR),At-Risk,stable,stable,90.0%,0.64367816091954,64.37,64%,EV - Mission Next Engineering,Division,NULL,0.900,0.750,0.750,1,1,0,2026-01-01,2026-07-30 13:05:15.117,2026-07-30 13:05:15.117,NULL,NULL,0
2,7,27,EMR Compliance (EMR),Healthy,decreasing,down,90.0%,0.903614457831325,90.36,90%,EV - Mission Next Engineering,Division,NULL,0.900,0.750,0.750,1,1,0,2024-09-01,2026-07-30 13:05:15.117,2026-07-30 13:05:15.117,NULL,NULL,0
2,7,27,EMR Compliance (EMR),Healthy,decreasing,down,90.0%,0.904761904761905,90.48,90%,EV - Mission Next Engineering,Division,NULL,0.900,0.750,0.750,1,1,0,2025-03-01,2026-07-30 13:05:15.117,2026-07-30 13:05:15.117,NULL,NULL,0
2,7,27,EMR Compliance (EMR),Healthy,decreasing,down,90.0%,0.915492957746479,91.55,92%,EV - Mission Next Engineering,Division,NULL,0.900,0.750,0.750,1,1,0,2024-06-01,2026-07-30 13:05:15.117,2026-07-30 13:05:15.117,NULL,NULL,0
2,7,27,EMR Compliance (EMR),Healthy,decreasing,down,90.0%,0.96,96,96%,EV - Mission Next Engineering,Division,NULL,0.900,0.750,0.750,1,1,0,2024-08-01,2026-07-30 13:05:15.117,2026-07-30 13:05:15.117,NULL,NULL,0
2,7,27,EMR Compliance (EMR),Healthy,increasing,up,90.0%,0.957142857142857,95.71,96%,EV - Mission Next Engineering,Division,NULL,0.900,0.750,0.750,1,1,0,2024-05-01,2026-07-30 13:05:15.117,2026-07-30 13:05:15.117,NULL,NULL,0
2,7,27,EMR Compliance (EMR),Healthy,increasing,up,90.0%,0.961038961038961,96.1,96%,EV - Mission Next Engineering,Division,NULL,0.900,0.750,0.750,1,1,0,2025-01-01,2026-07-30 13:05:15.117,2026-07-30 13:05:15.117,NULL,NULL,0
2,7,27,EMR Compliance (EMR),Healthy,increasing,up,90.0%,0.973333333333333,97.33,97%,EV - Mission Next Engineering,Division,NULL,0.900,0.750,0.750,1,1,0,2024-07-01,2026-07-30 13:05:15.117,2026-07-30 13:05:15.117,NULL,NULL,0
2,7,27,EMR Compliance (EMR),Healthy,increasing,up,90.0%,1,100,100%,EV - Mission Next Engineering,Division,NULL,0.900,0.750,0.750,1,1,0,2025-02-01,2026-07-30 13:05:15.117,2026-07-30 13:05:15.117,NULL,NULL,0
2,7,27,EMR Compliance (EMR),Healthy,stable,stable,90.0%,0.904761904761905,90.48,90%,EV - Mission Next Engineering,Division,NULL,0.900,0.750,0.750,1,1,0,2025-04-01,2026-07-30 13:05:15.117,2026-07-30 13:05:15.117,NULL,NULL,0
2,7,27,EMR Compliance (EMR),Warning,decreasing,down,90.0%,0.794520547945205,79.45,79%,EV - Mission Next Engineering,Division,NULL,0.900,0.750,0.750,1,1,0,2024-12-01,2026-07-30 13:05:15.117,2026-07-30 13:05:15.117,NULL,NULL,0
2,7,27,EMR Compliance (EMR),Warning,decreasing,down,90.0%,0.863013698630137,86.3,86%,EV - Mission Next Engineering,Division,NULL,0.900,0.750,0.750,1,1,0,2024-11-01,2026-07-30 13:05:15.117,2026-07-30 13:05:15.117,NULL,NULL,0
2,7,27,EMR Compliance (EMR),Warning,decreasing,down,90.0%,0.896103896103896,89.61,90%,EV - Mission Next Engineering,Division,NULL,0.900,0.750,0.750,1,1,0,2024-10-01,2026-07-30 13:05:15.117,2026-07-30 13:05:15.117,NULL,NULL,0
2,7,27,EMR Compliance (EMR),Warning,increasing,up,90.0%,0.75,75,75%,EV - Mission Next Engineering,Division,NULL,0.900,0.750,0.750,1,1,0,2024-03-01,2026-07-30 13:05:15.117,2026-07-30 13:05:15.117,NULL,NULL,0
2,7,27,EMR Compliance (EMR),Warning,increasing,up,90.0%,0.765432098765432,76.54,77%,EV - Mission Next Engineering,Division,NULL,0.900,0.750,0.750,1,1,0,2025-08-01,2026-07-30 13:05:15.117,2026-07-30 13:05:15.117,NULL,NULL,0
2,7,27,EMR Compliance (EMR),Warning,increasing,up,90.0%,0.767123287671233,76.71,77%,EV - Mission Next Engineering,Division,NULL,0.900,0.750,0.750,1,1,0,2024-04-01,2026-07-30 13:05:15.117,2026-07-30 13:05:15.117,NULL,NULL,0
2,7,27,EMR Compliance (EMR),Warning,increasing,up,90.0%,0.848101265822785,84.81,85%,EV - Mission Next Engineering,Division,NULL,0.900,0.750,0.750,1,1,0,2025-06-01,2026-07-30 13:05:15.117,2026-07-30 13:05:15.117,NULL,NULL,0
2,7,27,EMR Compliance (EMR),Warning,stable,stable,90.0%,0.765432098765432,76.54,77%,EV - Mission Next Engineering,Division,NULL,0.900,0.750,0.750,1,1,0,2025-09-01,2026-07-30 13:05:15.117,2026-07-30 13:05:15.117,NULL,NULL,0
2,7,27,EMR Compliance (EMR),Healthy,decreasing,down,90.0%,0.955357142857143,95.54,96%,EX - NIC,Division,NULL,0.900,0.750,0.750,1,1,0,2026-04-01,2026-07-30 13:05:15.117,2026-07-30 13:05:15.117,NULL,NULL,0
2,7,27,EMR Compliance (EMR),Healthy,decreasing,down,90.0%,0.959459459459459,95.95,96%,EX - NIC,Division,NULL,0.900,0.750,0.750,1,1,0,2026-03-01,2026-07-30 13:05:15.117,2026-07-30 13:05:15.117,NULL,NULL,0
2,7,27,EMR Compliance (EMR),Healthy,increasing,up,90.0%,0.958333333333333,95.83,96%,EX - NIC,Division,NULL,0.900,0.750,0.750,1,1,0,2026-05-01,2026-07-30 13:05:15.117,2026-07-30 13:05:15.117,NULL,NULL,0
2,7,27,EMR Compliance (EMR),Healthy,increasing,up,90.0%,0.963302752293578,96.33,96%,EX - NIC,Division,NULL,0.900,0.750,0.750,1,1,0,2026-02-01,2026-07-30 13:05:15.117,2026-07-30 13:05:15.117,NULL,NULL,0
2,7,27,EMR Compliance (EMR),Warning,decreasing,down,90.0%,0.864628820960699,86.46,86%,EX - NIC,Division,NULL,0.900,0.750,0.750,1,1,0,2026-06-01,2026-07-30 13:05:15.117,2026-07-30 13:05:15.117,NULL,NULL,1
2,7,27,EMR Compliance (EMR),Warning,stable,stable,90.0%,0.872586872586873,87.26,87%,EX - NIC,Division,NULL,0.900,0.750,0.750,1,1,0,2026-01-01,2026-07-30 13:05:15.117,2026-07-30 13:05:15.117,NULL,NULL,0
2,7,27,EMR Compliance (EMR),At-Risk,decreasing,down,90.0%,0.122340425531915,12.23,12%,EX - NIS,Division,NULL,0.900,0.750,0.750,1,1,0,2023-06-01,2026-07-30 13:05:15.117,2026-07-30 13:05:15.117,NULL,NULL,0
2,7,27,EMR Compliance (EMR),At-Risk,decreasing,down,90.0%,0.142857142857143,14.29,14%,EX - NIS,Division,NULL,0.900,0.750,0.750,1,1,0,2023-05-01,2026-07-30 13:05:15.117,2026-07-30 13:05:15.117,NULL,NULL,0
2,7,27,EMR Compliance (EMR),At-Risk,decreasing,down,90.0%,0.210084033613445,21.01,21%,EX - NIS,Division,NULL,0.900,0.750,0.750,1,1,0,2023-04-01,2026-07-30 13:05:15.117,2026-07-30 13:05:15.117,NULL,NULL,0
2,7,27,EMR Compliance (EMR),At-Risk,decreasing,down,90.0%,0.666666666666667,66.67,67%,EX - NIS,Division,NULL,0.900,0.750,0.750,1,1,0,2023-12-01,2026-07-30 13:05:15.117,2026-07-30 13:05:15.117,NULL,NULL,0
2,7,27,EMR Compliance (EMR),At-Risk,decreasing,down,90.0%,0.740740740740741,74.07,74%,EX - NIS,Division,NULL,0.900,0.750,0.750,1,1,0,2023-11-01,2026-07-30 13:05:15.117,2026-07-30 13:05:15.117,NULL,NULL,0
2,7,27,EMR Compliance (EMR),At-Risk,increasing,up,90.0%,0.232067510548523,23.21,23%,EX - NIS,Division,NULL,0.900,0.750,0.750,1,1,0,2023-02-01,2026-07-30 13:05:15.117,2026-07-30 13:05:15.117,NULL,NULL,0
2,7,27,EMR Compliance (EMR),At-Risk,increasing,up,90.0%,0.446700507614213,44.67,45%,EX - NIS,Division,NULL,0.900,0.750,0.750,1,1,0,2023-07-01,2026-07-30 13:05:15.117,2026-07-30 13:05:15.117,NULL,NULL,0
2,7,27,EMR Compliance (EMR),At-Risk,increasing,up,90.0%,0.635359116022099,63.54,64%,EX - NIS,Division,NULL,0.900,0.750,0.750,1,1,0,2023-08-01,2026-07-30 13:05:15.117,2026-07-30 13:05:15.117,NULL,NULL,0
2,7,27,EMR Compliance (EMR),At-Risk,stable,stable,90.0%,0.230088495575221,23.01,23%,EX - NIS,Division,NULL,0.900,0.750,0.750,1,1,0,2023-01-01,2026-07-30 13:05:15.117,2026-07-30 13:05:15.117,NULL,NULL,0
2,7,27,EMR Compliance (EMR),At-Risk,stable,stable,90.0%,0.232067510548523,23.21,23%,EX - NIS,Division,NULL,0.900,0.750,0.750,1,1,0,2023-03-01,2026-07-30 13:05:15.117,2026-07-30 13:05:15.117,NULL,NULL,0
2,7,27,EMR Compliance (EMR),Healthy,decreasing,down,90.0%,0.962790697674419,96.28,96%,EX - NIS,Division,NULL,0.900,0.750,0.750,1,1,0,2025-05-01,2026-07-30 13:05:15.117,2026-07-30 13:05:15.117,NULL,NULL,0
2,7,27,EMR Compliance (EMR),Healthy,decreasing,down,90.0%,0.963636363636364,96.36,96%,EX - NIS,Division,NULL,0.900,0.750,0.750,1,1,0,2025-03-01,2026-07-30 13:05:15.117,2026-07-30 13:05:15.117,NULL,NULL,0
2,7,27,EMR Compliance (EMR),Healthy,decreasing,down,90.0%,0.963800904977376,96.38,96%,EX - NIS,Division,NULL,0.900,0.750,0.750,1,1,0,2025-02-01,2026-07-30 13:05:15.117,2026-07-30 13:05:15.117,NULL,NULL,0
2,7,27,EMR Compliance (EMR),Healthy,decreasing,down,90.0%,0.97196261682243,97.2,97%,EX - NIS,Division,NULL,0.900,0.750,0.750,1,1,0,2024-12-01,2026-07-30 13:05:15.117,2026-07-30 13:05:15.117,NULL,NULL,0
2,7,27,EMR Compliance (EMR),Healthy,decreasing,down,90.0%,0.990697674418605,99.07,99%,EX - NIS,Division,NULL,0.900,0.750,0.750,1,1,0,2025-12-01,2026-07-30 13:05:15.117,2026-07-30 13:05:15.117,NULL,NULL,1
2,7,27,EMR Compliance (EMR),Healthy,decreasing,down,90.0%,0.99468085106383,99.47,99%,EX - NIS,Division,NULL,0.900,0.750,0.750,1,1,0,2024-09-01,2026-07-30 13:05:15.117,2026-07-30 13:05:15.117,NULL,NULL,0
2,7,27,EMR Compliance (EMR),Healthy,increasing,up,90.0%,0.959183673469388,95.92,96%,EX - NIS,Division,NULL,0.900,0.750,0.750,1,1,0,2024-04-01,2026-07-30 13:05:15.117,2026-07-30 13:05:15.117,NULL,NULL,0
2,7,27,EMR Compliance (EMR),Healthy,increasing,up,90.0%,0.980132450331126,98.01,98%,EX - NIS,Division,NULL,0.900,0.750,0.750,1,1,0,2024-05-01,2026-07-30 13:05:15.117,2026-07-30 13:05:15.117,NULL,NULL,0
2,7,27,EMR Compliance (EMR),Healthy,increasing,up,90.0%,0.995260663507109,99.53,100%,EX - NIS,Division,NULL,0.900,0.750,0.750,1,1,0,2025-01-01,2026-07-30 13:05:15.117,2026-07-30 13:05:15.117,NULL,NULL,0
2,7,27,EMR Compliance (EMR),Healthy,increasing,up,90.0%,0.995348837209302,99.53,100%,EX - NIS,Division,NULL,0.900,0.750,0.750,1,1,0,2025-06-01,2026-07-30 13:05:15.117,2026-07-30 13:05:15.117,NULL,NULL,0
2,7,27,EMR Compliance (EMR),Healthy,increasing,up,90.0%,1,100,100%,EX - NIS,Division,NULL,0.900,0.750,0.750,1,1,0,2024-06-01,2026-07-30 13:05:15.117,2026-07-30 13:05:15.117,NULL,NULL,0
2,7,27,EMR Compliance (EMR),Healthy,increasing,up,90.0%,1,100,100%,EX - NIS,Division,NULL,0.900,0.750,0.750,1,1,0,2024-10-01,2026-07-30 13:05:15.117,2026-07-30 13:05:15.117,NULL,NULL,0
2,7,27,EMR Compliance (EMR),Healthy,increasing,up,90.0%,1,100,100%,EX - NIS,Division,NULL,0.900,0.750,0.750,1,1,0,2025-04-01,2026-07-30 13:05:15.117,2026-07-30 13:05:15.117,NULL,NULL,0
2,7,27,EMR Compliance (EMR),Healthy,increasing,up,90.0%,1,100,100%,EX - NIS,Division,NULL,0.900,0.750,0.750,1,1,0,2025-07-01,2026-07-30 13:05:15.117,2026-07-30 13:05:15.117,NULL,NULL,0
2,7,27,EMR Compliance (EMR),Healthy,increasing,up,90.0%,1,100,100%,EX - NIS,Division,NULL,0.900,0.750,0.750,1,1,0,2025-10-01,2026-07-30 13:05:15.117,2026-07-30 13:05:15.117,NULL,NULL,0
2,7,27,EMR Compliance (EMR),Healthy,stable,stable,90.0%,1,100,100%,EX - NIS,Division,NULL,0.900,0.750,0.750,1,1,0,2024-07-01,2026-07-30 13:05:15.117,2026-07-30 13:05:15.117,NULL,NULL,0
2,7,27,EMR Compliance (EMR),Healthy,stable,stable,90.0%,1,100,100%,EX - NIS,Division,NULL,0.900,0.750,0.750,1,1,0,2024-08-01,2026-07-30 13:05:15.117,2026-07-30 13:05:15.117,NULL,NULL,0
2,7,27,EMR Compliance (EMR),Healthy,stable,stable,90.0%,1,100,100%,EX - NIS,Division,NULL,0.900,0.750,0.750,1,1,0,2024-11-01,2026-07-30 13:05:15.117,2026-07-30 13:05:15.117,NULL,NULL,0
2,7,27,EMR Compliance (EMR),Healthy,stable,stable,90.0%,1,100,100%,EX - NIS,Division,NULL,0.900,0.750,0.750,1,1,0,2025-11-01,2026-07-30 13:05:15.117,2026-07-30 13:05:15.117,NULL,NULL,0
2,7,27,EMR Compliance (EMR),Warning,decreasing,down,90.0%,0.775401069518717,77.54,78%,EX - NIS,Division,NULL,0.900,0.750,0.750,1,1,0,2024-03-01,2026-07-30 13:05:15.117,2026-07-30 13:05:15.117,NULL,NULL,0
2,7,27,EMR Compliance (EMR),Warning,decreasing,down,90.0%,0.790123456790123,79.01,79%,EX - NIS,Division,NULL,0.900,0.750,0.750,1,1,0,2023-10-01,2026-07-30 13:05:15.117,2026-07-30 13:05:15.117,NULL,NULL,0
2,7,27,EMR Compliance (EMR),Warning,decreasing,down,90.0%,0.824427480916031,82.44,82%,EX - NIS,Division,NULL,0.900,0.750,0.750,1,1,0,2025-08-01,2026-07-30 13:05:15.117,2026-07-30 13:05:15.117,NULL,NULL,0
2,7,27,EMR Compliance (EMR),Warning,increasing,up,90.0%,0.754716981132076,75.47,75%,EX - NIS,Division,NULL,0.900,0.750,0.750,1,1,0,2024-01-01,2026-07-30 13:05:15.117,2026-07-30 13:05:15.117,NULL,NULL,0
2,7,27,EMR Compliance (EMR),Warning,increasing,up,90.0%,0.811111111111111,81.11,81%,EX - NIS,Division,NULL,0.900,0.750,0.750,1,1,0,2024-02-01,2026-07-30 13:05:15.117,2026-07-30 13:05:15.117,NULL,NULL,0
2,7,27,EMR Compliance (EMR),Warning,increasing,up,90.0%,0.842105263157895,84.21,84%,EX - NIS,Division,NULL,0.900,0.750,0.750,1,1,0,2023-09-01,2026-07-30 13:05:15.117,2026-07-30 13:05:15.117,NULL,NULL,0
2,7,27,EMR Compliance (EMR),Warning,increasing,up,90.0%,0.868525896414343,86.85,87%,EX - NIS,Division,NULL,0.900,0.750,0.750,1,1,0,2025-09-01,2026-07-30 13:05:15.117,2026-07-30 13:05:15.117,NULL,NULL,0
2,7,27,EMR Compliance (EMR),At-Risk,stable,stable,90.0%,0,0,0%,MEC,Division,NULL,0.900,0.750,0.750,1,1,0,2025-12-01,2026-07-30 13:05:15.117,2026-07-30 13:05:15.117,NULL,NULL,1
2,7,27,EMR Compliance (EMR),Not Available,stable,stable,90.0%,NULL,NULL,%,MEC,Division,NULL,0.900,0.750,0.750,1,1,0,2024-04-01,2026-07-30 13:05:15.117,2026-07-30 13:05:15.117,NULL,NULL,0
2,7,27,EMR Compliance (EMR),Not Available,stable,stable,90.0%,NULL,NULL,%,MEC,Division,NULL,0.900,0.750,0.750,1,1,0,2024-05-01,2026-07-30 13:05:15.117,2026-07-30 13:05:15.117,NULL,NULL,0
2,7,27,EMR Compliance (EMR),Not Available,stable,stable,90.0%,NULL,NULL,%,MEC,Division,NULL,0.900,0.750,0.750,1,1,0,2024-06-01,2026-07-30 13:05:15.117,2026-07-30 13:05:15.117,NULL,NULL,0
2,7,27,EMR Compliance (EMR),Not Available,stable,stable,90.0%,NULL,NULL,%,MEC,Division,NULL,0.900,0.750,0.750,1,1,0,2024-07-01,2026-07-30 13:05:15.117,2026-07-30 13:05:15.117,NULL,NULL,0
2,7,27,EMR Compliance (EMR),Not Available,stable,stable,90.0%,NULL,NULL,%,MEC,Division,NULL,0.900,0.750,0.750,1,1,0,2024-08-01,2026-07-30 13:05:15.117,2026-07-30 13:05:15.117,NULL,NULL,0
2,7,27,EMR Compliance (EMR),Not Available,stable,stable,90.0%,NULL,NULL,%,MEC,Division,NULL,0.900,0.750,0.750,1,1,0,2024-09-01,2026-07-30 13:05:15.117,2026-07-30 13:05:15.117,NULL,NULL,0
2,7,27,EMR Compliance (EMR),Not Available,stable,stable,90.0%,NULL,NULL,%,MEC,Division,NULL,0.900,0.750,0.750,1,1,0,2024-10-01,2026-07-30 13:05:15.117,2026-07-30 13:05:15.117,NULL,NULL,0
2,7,27,EMR Compliance (EMR),Not Available,stable,stable,90.0%,NULL,NULL,%,MEC,Division,NULL,0.900,0.750,0.750,1,1,0,2024-11-01,2026-07-30 13:05:15.117,2026-07-30 13:05:15.117,NULL,NULL,0
2,7,27,EMR Compliance (EMR),Not Available,stable,stable,90.0%,NULL,NULL,%,MEC,Division,NULL,0.900,0.750,0.750,1,1,0,2024-12-01,2026-07-30 13:05:15.117,2026-07-30 13:05:15.117,NULL,NULL,0
2,7,27,EMR Compliance (EMR),Not Available,stable,stable,90.0%,NULL,NULL,%,MEC,Division,NULL,0.900,0.750,0.750,1,1,0,2025-01-01,2026-07-30 13:05:15.117,2026-07-30 13:05:15.117,NULL,NULL,0
2,7,27,EMR Compliance (EMR),Not Available,stable,stable,90.0%,NULL,NULL,%,MEC,Division,NULL,0.900,0.750,0.750,1,1,0,2025-02-01,2026-07-30 13:05:15.117,2026-07-30 13:05:15.117,NULL,NULL,0
2,7,27,EMR Compliance (EMR),Not Available,stable,stable,90.0%,NULL,NULL,%,MEC,Division,NULL,0.900,0.750,0.750,1,1,0,2025-03-01,2026-07-30 13:05:15.117,2026-07-30 13:05:15.117,NULL,NULL,0
2,7,27,EMR Compliance (EMR),Not Available,stable,stable,90.0%,NULL,NULL,%,MEC,Division,NULL,0.900,0.750,0.750,1,1,0,2025-04-01,2026-07-30 13:05:15.117,2026-07-30 13:05:15.117,NULL,NULL,0
2,7,37,EMR Waivers (EMR),At-Risk,decreasing,down,NULL,0.8682,86.82,87%,E - Engineering & Science,Sector,NULL,NULL,NULL,NULL,0,1,1,2026-05-01,2026-07-30 13:05:15.117,2026-07-30 13:05:15.117,NULL,NULL,0
2,7,37,EMR Waivers (EMR),At-Risk,increasing,up,NULL,0.8675,86.75,87%,E - Engineering & Science,Sector,NULL,NULL,NULL,NULL,0,1,1,2026-03-01,2026-07-30 13:05:15.117,2026-07-30 13:05:15.117,NULL,NULL,0
2,7,37,EMR Waivers (EMR),At-Risk,increasing,up,NULL,0.8689,86.89,87%,E - Engineering & Science,Sector,NULL,NULL,NULL,NULL,0,1,1,2026-04-01,2026-07-30 13:05:15.117,2026-07-30 13:05:15.117,NULL,NULL,0
2,7,37,EMR Waivers (EMR),At-Risk,increasing,up,NULL,0.8711,87.11,87%,E - Engineering & Science,Sector,NULL,NULL,NULL,NULL,0,1,1,2026-06-01,2026-07-30 13:05:15.117,2026-07-30 13:05:15.117,NULL,NULL,1
2,7,37,EMR Waivers (EMR),At-Risk,unk,unk,NULL,0.867,86.7,87%,E - Engineering & Science,Sector,NULL,NULL,NULL,NULL,0,1,1,2026-02-01,2026-07-30 13:05:15.117,2026-07-30 13:05:15.117,NULL,NULL,0
2,7,37,EMR Waivers (EMR),At-Risk,decreasing,down,NULL,0.7999,79.99,80%,EB - AMSD Engr,Division,NULL,NULL,NULL,NULL,0,1,1,2026-03-01,2026-07-30 13:05:15.117,2026-07-30 13:05:15.117,NULL,NULL,0
2,7,37,EMR Waivers (EMR),At-Risk,increasing,up,NULL,0.8102,81.02,81%,EB - AMSD Engr,Division,NULL,NULL,NULL,NULL,0,1,1,2026-04-01,2026-07-30 13:05:15.117,2026-07-30 13:05:15.117,NULL,NULL,0
2,7,37,EMR Waivers (EMR),At-Risk,increasing,up,NULL,0.8137,81.37,81%,EB - AMSD Engr,Division,NULL,NULL,NULL,NULL,0,1,1,2026-05-01,2026-07-30 13:05:15.117,2026-07-30 13:05:15.117,NULL,NULL,0
2,7,37,EMR Waivers (EMR),At-Risk,increasing,up,NULL,0.8258,82.58,83%,EB - AMSD Engr,Division,NULL,NULL,NULL,NULL,0,1,1,2026-06-01,2026-07-30 13:05:15.117,2026-07-30 13:05:15.117,NULL,NULL,1
2,7,37,EMR Waivers (EMR),At-Risk,unk,unk,NULL,0.803,80.3,80%,EB - AMSD Engr,Division,NULL,NULL,NULL,NULL,0,1,1,2026-02-01,2026-07-30 13:05:15.117,2026-07-30 13:05:15.117,NULL,NULL,0
2,7,37,EMR Waivers (EMR),At-Risk,decreasing,down,NULL,0.8311,83.11,83%,EB - BaPS Engr,Division,NULL,NULL,NULL,NULL,0,1,1,2026-03-01,2026-07-30 13:05:15.117,2026-07-30 13:05:15.117,NULL,NULL,0
2,7,37,EMR Waivers (EMR),At-Risk,increasing,up,NULL,0.8356,83.56,84%,EB - BaPS Engr,Division,NULL,NULL,NULL,NULL,0,1,1,2026-04-01,2026-07-30 13:05:15.117,2026-07-30 13:05:15.117,NULL,NULL,0
2,7,37,EMR Waivers (EMR),At-Risk,increasing,up,NULL,0.8399,83.99,84%,EB - BaPS Engr,Division,NULL,NULL,NULL,NULL,0,1,1,2026-05-01,2026-07-30 13:05:15.117,2026-07-30 13:05:15.117,NULL,NULL,0
2,7,37,EMR Waivers (EMR),At-Risk,increasing,up,NULL,0.8455,84.55,85%,EB - BaPS Engr,Division,NULL,NULL,NULL,NULL,0,1,1,2026-06-01,2026-07-30 13:05:15.117,2026-07-30 13:05:15.117,NULL,NULL,1
2,7,37,EMR Waivers (EMR),At-Risk,unk,unk,NULL,0.8315,83.15,83%,EB - BaPS Engr,Division,NULL,NULL,NULL,NULL,0,1,1,2026-02-01,2026-07-30 13:05:15.117,2026-07-30 13:05:15.117,NULL,NULL,0
2,7,37,EMR Waivers (EMR),At-Risk,stable,stable,NULL,0.9187,91.87,92%,EM - Marine Systems,Division,NULL,NULL,NULL,NULL,0,1,1,2026-03-01,2026-07-30 13:05:15.117,2026-07-30 13:05:15.117,NULL,NULL,0
2,7,37,EMR Waivers (EMR),At-Risk,stable,stable,NULL,0.9187,91.87,92%,EM - Marine Systems,Division,NULL,NULL,NULL,NULL,0,1,1,2026-04-01,2026-07-30 13:05:15.117,2026-07-30 13:05:15.117,NULL,NULL,0
2,7,37,EMR Waivers (EMR),At-Risk,stable,stable,NULL,0.9187,91.87,92%,EM - Marine Systems,Division,NULL,NULL,NULL,NULL,0,1,1,2026-05-01,2026-07-30 13:05:15.117,2026-07-30 13:05:15.117,NULL,NULL,0
2,7,37,EMR Waivers (EMR),At-Risk,stable,stable,NULL,0.9187,91.87,92%,EM - Marine Systems,Division,NULL,NULL,NULL,NULL,0,1,1,2026-06-01,2026-07-30 13:05:15.117,2026-07-30 13:05:15.117,NULL,NULL,1
2,7,37,EMR Waivers (EMR),At-Risk,unk,unk,NULL,0.9187,91.87,92%,EM - Marine Systems,Division,NULL,NULL,NULL,NULL,0,1,1,2026-02-01,2026-07-30 13:05:15.117,2026-07-30 13:05:15.117,NULL,NULL,0
2,7,37,EMR Waivers (EMR),At-Risk,decreasing,down,NULL,0.8707,87.07,87%,EN - MSTS,Division,NULL,NULL,NULL,NULL,0,1,1,2026-05-01,2026-07-30 13:05:15.117,2026-07-30 13:05:15.117,NULL,NULL,0
2,7,37,EMR Waivers (EMR),At-Risk,decreasing,down,NULL,0.8755,87.55,88%,EN - MSTS,Division,NULL,NULL,NULL,NULL,0,1,1,2026-04-01,2026-07-30 13:05:15.117,2026-07-30 13:05:15.117,NULL,NULL,0
2,7,37,EMR Waivers (EMR),At-Risk,decreasing,down,NULL,0.8798,87.98,88%,EN - MSTS,Division,NULL,NULL,NULL,NULL,0,1,1,2026-03-01,2026-07-30 13:05:15.117,2026-07-30 13:05:15.117,NULL,NULL,0
2,7,37,EMR Waivers (EMR),At-Risk,increasing,up,NULL,0.8745,87.45,87%,EN - MSTS,Division,NULL,NULL,NULL,NULL,0,1,1,2026-06-01,2026-07-30 13:05:15.117,2026-07-30 13:05:15.117,NULL,NULL,1
2,7,37,EMR Waivers (EMR),At-Risk,unk,unk,NULL,0.8804,88.04,88%,EN - MSTS,Division,NULL,NULL,NULL,NULL,0,1,1,2026-02-01,2026-07-30 13:05:15.117,2026-07-30 13:05:15.117,NULL,NULL,0
2,7,37,EMR Waivers (EMR),At-Risk,decreasing,down,NULL,0.8619,86.19,86%,EV - Mission Next Engineering,Division,NULL,NULL,NULL,NULL,0,1,1,2026-04-01,2026-07-30 13:05:15.117,2026-07-30 13:05:15.117,NULL,NULL,0
2,7,37,EMR Waivers (EMR),At-Risk,decreasing,down,NULL,0.8658,86.58,87%,EV - Mission Next Engineering,Division,NULL,NULL,NULL,NULL,0,1,1,2026-06-01,2026-07-30 13:05:15.117,2026-07-30 13:05:15.117,NULL,NULL,1
2,7,37,EMR Waivers (EMR),At-Risk,increasing,up,NULL,0.8635,86.35,86%,EV - Mission Next Engineering,Division,NULL,NULL,NULL,NULL,0,1,1,2026-03-01,2026-07-30 13:05:15.117,2026-07-30 13:05:15.117,NULL,NULL,0
2,7,37,EMR Waivers (EMR),At-Risk,increasing,up,NULL,0.867,86.7,87%,EV - Mission Next Engineering,Division,NULL,NULL,NULL,NULL,0,1,1,2026-05-01,2026-07-30 13:05:15.117,2026-07-30 13:05:15.117,NULL,NULL,0
2,7,37,EMR Waivers (EMR),At-Risk,unk,unk,NULL,0.861,86.1,86%,EV - Mission Next Engineering,Division,NULL,NULL,NULL,NULL,0,1,1,2026-02-01,2026-07-30 13:05:15.117,2026-07-30 13:05:15.117,NULL,NULL,0
2,7,37,EMR Waivers (EMR),At-Risk,decreasing,down,NULL,0.8977,89.77,90%,EX - NIC,Division,NULL,NULL,NULL,NULL,0,1,1,2026-06-01,2026-07-30 13:05:15.117,2026-07-30 13:05:15.117,NULL,NULL,1
2,7,37,EMR Waivers (EMR),At-Risk,decreasing,down,NULL,0.8997,89.97,90%,EX - NIC,Division,NULL,NULL,NULL,NULL,0,1,1,2026-05-01,2026-07-30 13:05:15.117,2026-07-30 13:05:15.117,NULL,NULL,0
2,7,37,EMR Waivers (EMR),At-Risk,increasing,up,NULL,0.8992,89.92,90%,EX - NIC,Division,NULL,NULL,NULL,NULL,0,1,1,2026-03-01,2026-07-30 13:05:15.117,2026-07-30 13:05:15.117,NULL,NULL,0
2,7,37,EMR Waivers (EMR),At-Risk,increasing,up,NULL,0.9035,90.35,90%,EX - NIC,Division,NULL,NULL,NULL,NULL,0,1,1,2026-04-01,2026-07-30 13:05:15.117,2026-07-30 13:05:15.117,NULL,NULL,0
2,7,37,EMR Waivers (EMR),At-Risk,unk,unk,NULL,0.896,89.6,90%,EX - NIC,Division,NULL,NULL,NULL,NULL,0,1,1,2026-02-01,2026-07-30 13:05:15.117,2026-07-30 13:05:15.117,NULL,NULL,0
2,16,63,Static Code Defect Density (TBD),unk,unk,unk,,NULL,NULL,NULL,E - Engineering & Science,Sector,NULL,NULL,NULL,NULL,1,1,0,2026-07-01,2026-07-30 13:05:15.117,2026-07-30 13:05:15.117,NULL,NULL,1
2,16,64,"Build Duration (TBD)
",unk,unk,unk,,NULL,NULL,NULL,E - Engineering & Science,Sector,NULL,NULL,NULL,NULL,1,1,0,2026-07-01,2026-07-30 13:05:15.117,2026-07-30 13:05:15.117,NULL,NULL,1
2,16,65,Code Complexity (TBD),unk,unk,unk,,NULL,NULL,NULL,E - Engineering & Science,Sector,NULL,NULL,NULL,NULL,1,1,0,2026-07-01,2026-07-30 13:05:15.117,2026-07-30 13:05:15.117,NULL,NULL,1
2,17,68,Milestone Maturity (EMR),Not Available,increasing,up,NULL,0.118012422360248,11.8,11.8%,E - Engineering & Science,Sector,NULL,NULL,NULL,NULL,1,1,1,2026-03-01,2026-07-30 13:05:15.117,2026-03-31 00:00:00.000,NULL,NULL,0
2,17,68,Milestone Maturity (EMR),Not Available,increasing,up,NULL,0.225352112676056,22.5,22.5%,E - Engineering & Science,Sector,NULL,NULL,NULL,NULL,1,1,1,2026-04-01,2026-07-30 13:05:15.117,2026-05-01 00:00:00.000,NULL,NULL,0
2,17,68,Milestone Maturity (EMR),Not Available,increasing,up,NULL,0.251376146788991,25.1,25.1%,E - Engineering & Science,Sector,NULL,NULL,NULL,NULL,1,1,1,2026-05-01,2026-07-30 13:05:15.117,2026-05-30 00:00:00.000,NULL,NULL,0
2,17,68,Milestone Maturity (EMR),Not Available,increasing,up,NULL,0.261904761904762,26.2,26.2%,E - Engineering & Science,Sector,NULL,NULL,NULL,NULL,1,1,1,2026-06-01,2026-07-30 13:05:15.117,2026-07-01 00:00:00.000,NULL,NULL,0
2,17,68,Milestone Maturity (EMR),Not Available,increasing,up,NULL,0.339920948616601,34,34.0%,E - Engineering & Science,Sector,NULL,NULL,NULL,NULL,1,1,1,2026-07-01,2026-07-30 13:05:15.117,2026-07-30 00:00:00.000,NULL,NULL,1
2,17,68,Milestone Maturity (EMR),Not Available,unk,unk,NULL,0.0903225806451612,9,9.0%,E - Engineering & Science,Sector,NULL,NULL,NULL,NULL,1,1,1,2026-02-01,2026-07-30 13:05:15.117,2026-02-26 00:00:00.000,NULL,NULL,0
2,17,68,Milestone Maturity (EMR),Not Available,increasing,up,NULL,0.111111111111111,11.1,11.1%,EB - AMSD Engr,Division,NULL,NULL,NULL,NULL,1,1,1,2026-03-01,2026-07-30 13:05:15.117,2026-03-31 00:00:00.000,NULL,NULL,0
2,17,68,Milestone Maturity (EMR),Not Available,increasing,up,NULL,0.181818181818182,18.2,18.2%,EB - AMSD Engr,Division,NULL,NULL,NULL,NULL,1,1,1,2026-05-01,2026-07-30 13:05:15.117,2026-05-28 00:00:00.000,NULL,NULL,0
2,17,68,Milestone Maturity (EMR),Not Available,increasing,up,NULL,0.222222222222222,22.2,22.2%,EB - AMSD Engr,Division,NULL,NULL,NULL,NULL,1,1,1,2026-06-01,2026-07-30 13:05:15.117,2026-06-30 00:00:00.000,NULL,NULL,0
2,17,68,Milestone Maturity (EMR),Not Available,increasing,up,NULL,0.333333333333333,33.3,33.3%,EB - AMSD Engr,Division,NULL,NULL,NULL,NULL,1,1,1,2026-07-01,2026-07-30 13:05:15.117,2026-07-29 00:00:00.000,NULL,NULL,1
2,17,68,Milestone Maturity (EMR),Not Available,stable,stable,NULL,0.111111111111111,11.1,11.1%,EB - AMSD Engr,Division,NULL,NULL,NULL,NULL,1,1,1,2026-04-01,2026-07-30 13:05:15.117,2026-04-28 00:00:00.000,NULL,NULL,0
2,17,68,Milestone Maturity (EMR),Not Available,unk,unk,NULL,0,0,0.0%,EB - AMSD Engr,Division,NULL,NULL,NULL,NULL,1,1,1,2026-02-01,2026-07-30 13:05:15.117,2026-02-17 00:00:00.000,NULL,NULL,0
2,17,68,Milestone Maturity (EMR),Not Available,increasing,up,NULL,0.0625,6.3,6.3%,EB - BaPS Engr,Division,NULL,NULL,NULL,NULL,1,1,1,2026-03-01,2026-07-30 13:05:15.117,2026-03-31 00:00:00.000,NULL,NULL,0
2,17,68,Milestone Maturity (EMR),Not Available,increasing,up,NULL,0.111111111111111,11.1,11.1%,EB - BaPS Engr,Division,NULL,NULL,NULL,NULL,1,1,1,2026-05-01,2026-07-30 13:05:15.117,2026-05-28 00:00:00.000,NULL,NULL,0
2,17,68,Milestone Maturity (EMR),Not Available,increasing,up,NULL,0.222222222222222,22.2,22.2%,EB - BaPS Engr,Division,NULL,NULL,NULL,NULL,1,1,1,2026-06-01,2026-07-30 13:05:15.117,2026-06-30 00:00:00.000,NULL,NULL,0
2,17,68,Milestone Maturity (EMR),Not Available,increasing,up,NULL,0.238095238095238,23.8,23.8%,EB - BaPS Engr,Division,NULL,NULL,NULL,NULL,1,1,1,2026-07-01,2026-07-30 13:05:15.117,2026-07-29 00:00:00.000,NULL,NULL,1
2,17,68,Milestone Maturity (EMR),Not Available,stable,stable,NULL,0.0625,6.3,6.3%,EB - BaPS Engr,Division,NULL,NULL,NULL,NULL,1,1,1,2026-04-01,2026-07-30 13:05:15.117,2026-04-30 00:00:00.000,NULL,NULL,0
2,17,68,Milestone Maturity (EMR),Not Available,unk,unk,NULL,0,0,0.0%,EB - BaPS Engr,Division,NULL,NULL,NULL,NULL,1,1,1,2026-02-01,2026-07-30 13:05:15.117,2026-02-17 00:00:00.000,NULL,NULL,0
2,17,68,Milestone Maturity (EMR),Not Available,stable,stable,NULL,0,0,0.0%,EM - Marine Systems,Division,NULL,NULL,NULL,NULL,1,1,1,2026-03-01,2026-07-30 13:05:15.117,2026-03-16 00:00:00.000,NULL,NULL,0
2,17,68,Milestone Maturity (EMR),Not Available,stable,stable,NULL,0,0,0.0%,EM - Marine Systems,Division,NULL,NULL,NULL,NULL,1,1,1,2026-04-01,2026-07-30 13:05:15.117,2026-04-16 00:00:00.000,NULL,NULL,0
2,17,68,Milestone Maturity (EMR),Not Available,stable,stable,NULL,0,0,0.0%,EM - Marine Systems,Division,NULL,NULL,NULL,NULL,1,1,1,2026-05-01,2026-07-30 13:05:15.117,2026-05-27 00:00:00.000,NULL,NULL,0
2,17,68,Milestone Maturity (EMR),Not Available,stable,stable,NULL,0,0,0.0%,EM - Marine Systems,Division,NULL,NULL,NULL,NULL,1,1,1,2026-06-01,2026-07-30 13:05:15.117,2026-06-25 00:00:00.000,NULL,NULL,0
2,17,68,Milestone Maturity (EMR),Not Available,stable,stable,NULL,0,0,0.0%,EM - Marine Systems,Division,NULL,NULL,NULL,NULL,1,1,1,2026-07-01,2026-07-30 13:05:15.117,2026-07-26 00:00:00.000,NULL,NULL,1
2,17,68,Milestone Maturity (EMR),Not Available,unk,unk,NULL,0,0,0.0%,EM - Marine Systems,Division,NULL,NULL,NULL,NULL,1,1,1,2026-02-01,2026-07-30 13:05:15.117,2026-02-16 00:00:00.000,NULL,NULL,0
2,17,68,Milestone Maturity (EMR),Not Available,decreasing,down,NULL,0.0655737704918032,6.6,6.6%,EN - MSTS,Division,NULL,NULL,NULL,NULL,1,1,1,2026-03-01,2026-07-30 13:05:15.117,2026-03-31 00:00:00.000,NULL,NULL,0
2,17,68,Milestone Maturity (EMR),Not Available,increasing,up,NULL,0.114583333333333,11.5,11.5%,EN - MSTS,Division,NULL,NULL,NULL,NULL,1,1,1,2026-04-01,2026-07-30 13:05:15.117,2026-05-01 00:00:00.000,NULL,NULL,0
2,17,68,Milestone Maturity (EMR),Not Available,increasing,up,NULL,0.191176470588235,19.1,19.1%,EN - MSTS,Division,NULL,NULL,NULL,NULL,1,1,1,2026-05-01,2026-07-30 13:05:15.117,2026-05-30 00:00:00.000,NULL,NULL,0
2,17,68,Milestone Maturity (EMR),Not Available,increasing,up,NULL,0.215189873417722,21.5,21.5%,EN - MSTS,Division,NULL,NULL,NULL,NULL,1,1,1,2026-06-01,2026-07-30 13:05:15.117,2026-07-01 00:00:00.000,NULL,NULL,0
2,17,68,Milestone Maturity (EMR),Not Available,increasing,up,NULL,0.382352941176471,38.2,38.2%,EN - MSTS,Division,NULL,NULL,NULL,NULL,1,1,1,2026-07-01,2026-07-30 13:05:15.117,2026-07-29 00:00:00.000,NULL,NULL,1
2,17,68,Milestone Maturity (EMR),Not Available,unk,unk,NULL,0.104166666666667,10.4,10.4%,EN - MSTS,Division,NULL,NULL,NULL,NULL,1,1,1,2026-02-01,2026-07-30 13:05:15.117,2026-02-26 00:00:00.000,NULL,NULL,0
2,17,68,Milestone Maturity (EMR),Not Available,decreasing,down,NULL,0.111111111111111,11.1,11.1%,EV - Mission Next Engineering,Division,NULL,NULL,NULL,NULL,1,1,1,2026-07-01,2026-07-30 13:05:15.117,2026-07-29 00:00:00.000,NULL,NULL,1
2,17,68,Milestone Maturity (EMR),Not Available,increasing,up,NULL,0.222222222222222,22.2,22.2%,EV - Mission Next Engineering,Division,NULL,NULL,NULL,NULL,1,1,1,2026-06-01,2026-07-30 13:05:15.117,2026-06-25 00:00:00.000,NULL,NULL,0
2,17,68,Milestone Maturity (EMR),Not Available,stable,stable,NULL,0,0,0.0%,EV - Mission Next Engineering,Division,NULL,NULL,NULL,NULL,1,1,1,2026-03-01,2026-07-30 13:05:15.117,2026-03-25 00:00:00.000,NULL,NULL,0
2,17,68,Milestone Maturity (EMR),Not Available,stable,stable,NULL,0,0,0.0%,EV - Mission Next Engineering,Division,NULL,NULL,NULL,NULL,1,1,1,2026-04-01,2026-07-30 13:05:15.117,2026-04-30 00:00:00.000,NULL,NULL,0
2,17,68,Milestone Maturity (EMR),Not Available,stable,stable,NULL,0,0,0.0%,EV - Mission Next Engineering,Division,NULL,NULL,NULL,NULL,1,1,1,2026-05-01,2026-07-30 13:05:15.117,2026-05-26 00:00:00.000,NULL,NULL,0
2,17,68,Milestone Maturity (EMR),Not Available,unk,unk,NULL,0,0,0.0%,EV - Mission Next Engineering,Division,NULL,NULL,NULL,NULL,1,1,1,2026-02-01,2026-07-30 13:05:15.117,2026-02-06 00:00:00.000,NULL,NULL,0
2,17,68,Milestone Maturity (EMR),Not Available,decreasing,down,NULL,0.311827956989247,31.2,31.2%,EX - NIC,Division,NULL,NULL,NULL,NULL,1,1,1,2026-06-01,2026-07-30 13:05:15.117,2026-06-30 00:00:00.000,NULL,NULL,0
2,17,68,Milestone Maturity (EMR),Not Available,decreasing,down,NULL,0.313953488372093,31.4,31.4%,EX - NIC,Division,NULL,NULL,NULL,NULL,1,1,1,2026-05-01,2026-07-30 13:05:15.117,2026-05-30 00:00:00.000,NULL,NULL,0
2,17,68,Milestone Maturity (EMR),Not Available,increasing,up,NULL,0.181818181818182,18.2,18.2%,EX - NIC,Division,NULL,NULL,NULL,NULL,1,1,1,2026-03-01,2026-07-30 13:05:15.117,2026-03-30 00:00:00.000,NULL,NULL,0
2,17,68,Milestone Maturity (EMR),Not Available,increasing,up,NULL,0.330508474576271,33.1,33.1%,EX - NIC,Division,NULL,NULL,NULL,NULL,1,1,1,2026-04-01,2026-07-30 13:05:15.117,2026-04-30 00:00:00.000,NULL,NULL,0
2,17,68,Milestone Maturity (EMR),Not Available,increasing,up,NULL,0.37,37,37.0%,EX - NIC,Division,NULL,NULL,NULL,NULL,1,1,1,2026-07-01,2026-07-30 13:05:15.117,2026-07-30 00:00:00.000,NULL,NULL,1
2,17,68,Milestone Maturity (EMR),Not Available,unk,unk,NULL,0.105882352941176,10.6,10.6%,EX - NIC,Division,NULL,NULL,NULL,NULL,1,1,1,2026-02-01,2026-07-30 13:05:15.117,2026-02-26 00:00:00.000,NULL,NULL,0
2,17,68,Milestone Maturity (EMR),Not Available,decreasing,down,NULL,0.192307692307692,19.2,19.2%,Other,Division,NULL,NULL,NULL,NULL,1,1,1,2026-07-01,2026-07-30 13:05:15.117,2026-07-29 00:00:00.000,NULL,NULL,1
2,17,68,Milestone Maturity (EMR),Not Available,decreasing,down,NULL,0.3125,31.3,31.3%,Other,Division,NULL,NULL,NULL,NULL,1,1,1,2026-06-01,2026-07-30 13:05:15.117,2026-06-03 00:00:00.000,NULL,NULL,0
2,17,68,Milestone Maturity (EMR),Not Available,decreasing,down,NULL,0.647058823529412,64.7,64.7%,Other,Division,NULL,NULL,NULL,NULL,1,1,1,2026-05-01,2026-07-30 13:05:15.117,2026-05-18 00:00:00.000,NULL,NULL,0
2,17,68,Milestone Maturity (EMR),Not Available,increasing,up,NULL,1,100,100.0%,Other,Division,NULL,NULL,NULL,NULL,1,1,1,2026-04-01,2026-07-30 13:05:15.117,2026-01-27 00:00:00.000,NULL,NULL,0
2,17,68,Milestone Maturity (EMR),Not Available,stable,stable,NULL,0,0,0.0%,Other,Division,NULL,NULL,NULL,NULL,1,1,1,2026-03-01,2026-07-30 13:05:15.117,2026-01-27 00:00:00.000,NULL,NULL,0
2,17,68,Milestone Maturity (EMR),Not Available,unk,unk,NULL,0,0,0.0%,Other,Division,NULL,NULL,NULL,NULL,1,1,1,2026-02-01,2026-07-30 13:05:15.117,2026-01-27 00:00:00.000,NULL,NULL,0
2,17,69,Milestone Compliance (EMR),At-Risk,decreasing,down,90.0%,0.151092690278824,15.1,15.1%,E - Engineering & Science,Sector,1.000,0.900,0.750,0.750,1,1,0,2026-05-01,2026-07-30 13:05:15.117,2026-06-01 00:00:00.000,NULL,NULL,0
2,17,69,Milestone Compliance (EMR),At-Risk,increasing,up,90.0%,0.182904068682344,18.3,18.3%,E - Engineering & Science,Sector,1.000,0.900,0.750,0.750,1,1,0,2026-07-01,2026-07-30 13:05:15.117,2026-07-30 00:00:00.000,NULL,NULL,1
2,17,69,Milestone Compliance (EMR),At-Risk,increasing,up,90.0%,0.192472229872395,19.2,19.2%,E - Engineering & Science,Sector,1.000,0.900,0.750,0.750,1,1,0,2026-03-01,2026-07-30 13:05:15.117,2026-03-31 00:00:00.000,NULL,NULL,0
2,17,69,Milestone Compliance (EMR),At-Risk,increasing,up,90.0%,0.19686721253115,19.7,19.7%,E - Engineering & Science,Sector,1.000,0.900,0.750,0.750,1,1,0,2026-04-01,2026-07-30 13:05:15.117,2026-05-01 00:00:00.000,NULL,NULL,0
2,17,69,Milestone Compliance (EMR),At-Risk,unk,unk,90.0%,0.183666666666667,18.4,18.4%,E - Engineering & Science,Sector,1.000,0.900,0.750,0.750,1,1,0,2026-02-01,2026-07-30 13:05:15.117,2026-03-03 00:00:00.000,NULL,NULL,0
2,17,69,Milestone Compliance (EMR),At-Risk,decreasing,down,90.0%,0.0605326876513317,6.1,6.1%,EB - AMSD Engr,Division,1.000,0.900,0.750,0.750,1,1,0,2026-07-01,2026-07-30 13:05:15.117,2026-07-29 00:00:00.000,NULL,NULL,1
2,17,69,Milestone Compliance (EMR),At-Risk,decreasing,down,90.0%,0.0607940446650124,6.1,6.1%,EB - AMSD Engr,Division,1.000,0.900,0.750,0.750,1,1,0,2026-04-01,2026-07-30 13:05:15.117,2026-04-30 00:00:00.000,NULL,NULL,0
2,17,69,Milestone Compliance (EMR),At-Risk,increasing,up,90.0%,0.0613594287225601,6.1,6.1%,EB - AMSD Engr,Division,1.000,0.900,0.750,0.750,1,1,0,2026-03-01,2026-07-30 13:05:15.117,2026-03-31 00:00:00.000,NULL,NULL,0
2,17,69,Milestone Compliance (EMR),At-Risk,increasing,up,90.0%,0.0640703517587939,6.4,6.4%,EB - AMSD Engr,Division,1.000,0.900,0.750,0.750,1,1,0,2026-05-01,2026-07-30 13:05:15.117,2026-05-29 00:00:00.000,NULL,NULL,0
2,17,69,Milestone Compliance (EMR),At-Risk,unk,unk,90.0%,0.0610687022900763,6.1,6.1%,EB - AMSD Engr,Division,1.000,0.900,0.750,0.750,1,1,0,2026-02-01,2026-07-30 13:05:15.117,2026-03-03 00:00:00.000,NULL,NULL,0
2,17,69,Milestone Compliance (EMR),At-Risk,decreasing,down,90.0%,0.0744021257750221,7.4,7.4%,EB - BaPS Engr,Division,1.000,0.900,0.750,0.750,1,1,0,2026-07-01,2026-07-30 13:05:15.117,2026-07-29 00:00:00.000,NULL,NULL,1
2,17,69,Milestone Compliance (EMR),At-Risk,decreasing,down,90.0%,0.075591985428051,7.6,7.6%,EB - BaPS Engr,Division,1.000,0.900,0.750,0.750,1,1,0,2026-05-01,2026-07-30 13:05:15.117,2026-05-29 00:00:00.000,NULL,NULL,0
2,17,69,Milestone Compliance (EMR),At-Risk,decreasing,down,90.0%,0.0820419325432999,8.2,8.2%,EB - BaPS Engr,Division,1.000,0.900,0.750,0.750,1,1,0,2026-04-01,2026-07-30 13:05:15.117,2026-04-30 00:00:00.000,NULL,NULL,0
2,17,69,Milestone Compliance (EMR),At-Risk,increasing,up,90.0%,0.0834188535405365,8.3,8.3%,EB - BaPS Engr,Division,1.000,0.900,0.750,0.750,1,1,0,2026-03-01,2026-07-30 13:05:15.117,2026-03-31 00:00:00.000,NULL,NULL,0
2,17,69,Milestone Compliance (EMR),At-Risk,unk,unk,90.0%,0.0834114339268978,8.3,8.3%,EB - BaPS Engr,Division,1.000,0.900,0.750,0.750,1,1,0,2026-02-01,2026-07-30 13:05:15.117,2026-03-03 00:00:00.000,NULL,NULL,0
2,17,69,Milestone Compliance (EMR),At-Risk,decreasing,down,90.0%,0.260416666666667,26,26.0%,EM - Marine Systems,Division,1.000,0.900,0.750,0.750,1,1,0,2026-07-01,2026-07-30 13:05:15.117,2026-07-29 00:00:00.000,NULL,NULL,1
2,17,69,Milestone Compliance (EMR),At-Risk,decreasing,down,90.0%,0.290697674418605,29.1,29.1%,EM - Marine Systems,Division,1.000,0.900,0.750,0.750,1,1,0,2026-05-01,2026-07-30 13:05:15.117,2026-05-27 00:00:00.000,NULL,NULL,0
2,17,69,Milestone Compliance (EMR),At-Risk,stable,stable,90.0%,0.702898550724638,70.3,70.3%,EM - Marine Systems,Division,1.000,0.900,0.750,0.750,1,1,0,2026-03-01,2026-07-30 13:05:15.117,2026-03-25 00:00:00.000,NULL,NULL,0
2,17,69,Milestone Compliance (EMR),At-Risk,stable,stable,90.0%,0.702898550724638,70.3,70.3%,EM - Marine Systems,Division,1.000,0.900,0.750,0.750,1,1,0,2026-04-01,2026-07-30 13:05:15.117,2026-04-24 00:00:00.000,NULL,NULL,0
2,17,69,Milestone Compliance (EMR),At-Risk,unk,unk,90.0%,0.702898550724638,70.3,70.3%,EM - Marine Systems,Division,1.000,0.900,0.750,0.750,1,1,0,2026-02-01,2026-07-30 13:05:15.117,2026-03-02 00:00:00.000,NULL,NULL,0
2,17,69,Milestone Compliance (EMR),At-Risk,decreasing,down,90.0%,0.15807560137457,15.8,15.8%,EN - MSTS,Division,1.000,0.900,0.750,0.750,1,1,0,2026-05-01,2026-07-30 13:05:15.117,2026-05-30 00:00:00.000,NULL,NULL,0
2,17,69,Milestone Compliance (EMR),At-Risk,decreasing,down,90.0%,0.20261054152929,20.3,20.3%,EN - MSTS,Division,1.000,0.900,0.750,0.750,1,1,0,2026-03-01,2026-07-30 13:05:15.117,2026-03-31 00:00:00.000,NULL,NULL,0
2,17,69,Milestone Compliance (EMR),At-Risk,increasing,up,90.0%,0.20530367835757,20.5,20.5%,EN - MSTS,Division,1.000,0.900,0.750,0.750,1,1,0,2026-04-01,2026-07-30 13:05:15.117,2026-05-01 00:00:00.000,NULL,NULL,0
2,17,69,Milestone Compliance (EMR),At-Risk,increasing,up,90.0%,0.213776722090261,21.4,21.4%,EN - MSTS,Division,1.000,0.900,0.750,0.750,1,1,0,2026-07-01,2026-07-30 13:05:15.117,2026-07-29 00:00:00.000,NULL,NULL,1
2,17,69,Milestone Compliance (EMR),At-Risk,unk,unk,90.0%,0.202620087336245,20.3,20.3%,EN - MSTS,Division,1.000,0.900,0.750,0.750,1,1,0,2026-02-01,2026-07-30 13:05:15.117,2026-03-03 00:00:00.000,NULL,NULL,0
2,17,69,Milestone Compliance (EMR),At-Risk,decreasing,down,90.0%,0.105960264900662,10.6,10.6%,EV - Mission Next Engineering,Division,1.000,0.900,0.750,0.750,1,1,0,2026-05-01,2026-07-30 13:05:15.117,2026-05-27 00:00:00.000,NULL,NULL,0
2,17,69,Milestone Compliance (EMR),At-Risk,decreasing,down,90.0%,0.140893470790378,14.1,14.1%,EV - Mission Next Engineering,Division,1.000,0.900,0.750,0.750,1,1,0,2026-04-01,2026-07-30 13:05:15.117,2026-04-29 00:00:00.000,NULL,NULL,0
2,17,69,Milestone Compliance (EMR),At-Risk,increasing,up,90.0%,0.112211221122112,11.2,11.2%,EV - Mission Next Engineering,Division,1.000,0.900,0.750,0.750,1,1,0,2026-07-01,2026-07-30 13:05:15.117,2026-07-29 00:00:00.000,NULL,NULL,1
2,17,69,Milestone Compliance (EMR),At-Risk,stable,stable,90.0%,0.145907473309608,14.6,14.6%,EV - Mission Next Engineering,Division,1.000,0.900,0.750,0.750,1,1,0,2026-03-01,2026-07-30 13:05:15.117,2026-03-09 00:00:00.000,NULL,NULL,0
2,17,69,Milestone Compliance (EMR),At-Risk,unk,unk,90.0%,0.145907473309608,14.6,14.6%,EV - Mission Next Engineering,Division,1.000,0.900,0.750,0.750,1,1,0,2026-02-01,2026-07-30 13:05:15.117,2026-03-03 00:00:00.000,NULL,NULL,0
2,17,69,Milestone Compliance (EMR),At-Risk,increasing,up,90.0%,0.264855503842407,26.5,26.5%,EX - NIC,Division,1.000,0.900,0.750,0.750,1,1,0,2026-03-01,2026-07-30 13:05:15.117,2026-03-31 00:00:00.000,NULL,NULL,0
2,17,69,Milestone Compliance (EMR),At-Risk,increasing,up,90.0%,0.311111111111111,31.1,31.1%,EX - NIC,Division,1.000,0.900,0.750,0.750,1,1,0,2026-04-01,2026-07-30 13:05:15.117,2026-04-30 00:00:00.000,NULL,NULL,0
2,17,69,Milestone Compliance (EMR),At-Risk,increasing,up,90.0%,0.356209150326797,35.6,35.6%,EX - NIC,Division,1.000,0.900,0.750,0.750,1,1,0,2026-05-01,2026-07-30 13:05:15.117,2026-06-01 00:00:00.000,NULL,NULL,0
2,17,69,Milestone Compliance (EMR),At-Risk,increasing,up,90.0%,0.581151832460733,58.1,58.1%,EX - NIC,Division,1.000,0.900,0.750,0.750,1,1,0,2026-07-01,2026-07-30 13:05:15.117,2026-07-30 00:00:00.000,NULL,NULL,1
2,17,69,Milestone Compliance (EMR),At-Risk,unk,unk,90.0%,0.204615384615385,20.5,20.5%,EX - NIC,Division,1.000,0.900,0.750,0.750,1,1,0,2026-02-01,2026-07-30 13:05:15.117,2026-03-03 00:00:00.000,NULL,NULL,0
2,17,70,Milestone Quality (EMR),unk,unk,unk,,NULL,NULL,NULL,E - Engineering & Science,Sector,NULL,NULL,NULL,NULL,1,1,0,2026-07-01,2026-07-30 13:05:15.117,2026-07-30 13:05:15.117,NULL,NULL,1
2,17,74,SAARR Event Compliance Priority,Healthy,unk,unk,80.1%,NULL,NULL,89%,E - Engineering & Science,Sector,0.901,0.801,0.701,0.001,1,1,NULL,2026-07-01,2026-07-30 13:05:15.117,2026-07-30 13:05:15.117,Compliant Opp: 16 | Total Opp: 18,NULL,1
2,17,74,SAARR Event Compliance Priority,Warning,unk,unk,80.1%,NULL,NULL,75%,EB - BaPS Engr,Division,0.901,0.801,0.701,0.001,1,1,NULL,2026-07-01,2026-07-30 13:05:15.117,2026-07-30 13:05:15.117,Compliant Opp: 3 | Total Opp: 4,NULL,1
2,17,74,SAARR Event Compliance Priority,Healthy,unk,unk,80.1%,NULL,NULL,100%,EN - MSTS,Division,0.901,0.801,0.701,0.001,1,1,NULL,2026-07-01,2026-07-30 13:05:15.117,2026-07-30 13:05:15.117,Compliant Opp: 7 | Total Opp: 7,NULL,1
2,17,74,SAARR Event Compliance Priority,Healthy,unk,unk,80.1%,NULL,NULL,86%,EX - NIC,Division,0.901,0.801,0.701,0.001,1,1,NULL,2026-07-01,2026-07-30 13:05:15.117,2026-07-30 13:05:15.117,Compliant Opp: 6 | Total Opp: 7,NULL,1
2,17,77,SAARR Event Compliance Non-Priority,Healthy,unk,unk,80.1%,NULL,NULL,93%,E - Engineering & Science,Sector,0.901,0.801,0.701,0.001,1,1,NULL,2026-07-01,2026-07-30 13:05:15.117,2026-07-30 13:05:15.117,Compliant Opp: 189 | Total Opp: 203,NULL,1
2,17,77,SAARR Event Compliance Non-Priority,Healthy,unk,unk,80.1%,NULL,NULL,97%,EB - BaPS Engr,Division,0.901,0.801,0.701,0.001,1,1,NULL,2026-07-01,2026-07-30 13:05:15.117,2026-07-30 13:05:15.117,Compliant Opp: 28 | Total Opp: 29,NULL,1
2,17,77,SAARR Event Compliance Non-Priority,Healthy,unk,unk,80.1%,NULL,NULL,93%,EN - MSTS,Division,0.901,0.801,0.701,0.001,1,1,NULL,2026-07-01,2026-07-30 13:05:15.117,2026-07-30 13:05:15.117,Compliant Opp: 112 | Total Opp: 121,NULL,1
2,17,77,SAARR Event Compliance Non-Priority,Healthy,unk,unk,80.1%,NULL,NULL,92%,EX - NIC,Division,0.901,0.801,0.701,0.001,1,1,NULL,2026-07-01,2026-07-30 13:05:15.117,2026-07-30 13:05:15.117,Compliant Opp: 49 | Total Opp: 53,NULL,1
3,10,57,Program CPI (COBRA),At-Risk,unk,unk,NULL,NULL,67.55,67.6%,E - Engineering & Science,Sector,NULL,NULL,NULL,NULL,1,1,1,2026-06-01,2026-07-30 13:05:15.117,2026-07-30 13:05:15.117,22Y 70R,NULL,1
3,10,57,Program CPI (COBRA),At-Risk,unk,unk,NULL,NULL,63.78,63.8%,EB - BaPS Engr,Division,NULL,NULL,NULL,NULL,1,1,1,2026-06-01,2026-07-30 13:05:15.117,2026-07-30 13:05:15.117,11Y 31R,NULL,1
3,10,57,Program CPI (COBRA),At-Risk,unk,unk,NULL,NULL,51.43,51.4%,EM - Marine Systems,Division,NULL,NULL,NULL,NULL,1,1,1,2026-06-01,2026-07-30 13:05:15.117,2026-07-30 13:05:15.117,2Y 15R,NULL,1
3,10,57,Program CPI (COBRA),At-Risk,unk,unk,NULL,NULL,79.59,79.6%,EN - MSTS,Division,NULL,NULL,NULL,NULL,1,1,1,2026-06-01,2026-07-30 13:05:15.117,2026-07-30 13:05:15.117,4Y 15R,NULL,1
3,10,57,Program CPI (COBRA),At-Risk,unk,unk,NULL,NULL,66.67,66.7%,EP - E&S SECTOR ENGINEERING,Division,NULL,NULL,NULL,NULL,1,1,1,2026-06-01,2026-07-30 13:05:15.117,2026-07-30 13:05:15.117,1R,NULL,1
3,10,57,Program CPI (COBRA),At-Risk,unk,unk,NULL,NULL,65.22,65.2%,EX - NIC,Division,NULL,NULL,NULL,NULL,1,1,1,2026-06-01,2026-07-30 13:05:15.117,2026-07-30 13:05:15.117,5Y 11R,NULL,1
3,10,66,Engineering CAM CPI (COBRA),At-Risk,unk,unk,90.0%,NULL,62.58,62.6%,E - Engineering & Science,Sector,NULL,0.900,0.800,0.800,1,1,0,2026-06-01,2026-07-30 13:05:15.117,2026-07-30 13:05:15.117,19Y 79R,NULL,1
3,10,66,Engineering CAM CPI (COBRA),At-Risk,unk,unk,90.0%,NULL,62.99,63.0%,EB - BaPS Engr,Division,NULL,0.900,0.800,0.800,1,1,0,2026-06-01,2026-07-30 13:05:15.117,2026-07-30 13:05:15.117,7Y 33R,NULL,1
3,10,66,Engineering CAM CPI (COBRA),At-Risk,unk,unk,90.0%,NULL,45.71,45.7%,EM - Marine Systems,Division,NULL,0.900,0.800,0.800,1,1,0,2026-06-01,2026-07-30 13:05:15.117,2026-07-30 13:05:15.117,4Y 13R,NULL,1
3,10,66,Engineering CAM CPI (COBRA),At-Risk,unk,unk,90.0%,NULL,70.41,70.4%,EN - MSTS,Division,NULL,0.900,0.800,0.800,1,1,0,2026-06-01,2026-07-30 13:05:15.117,2026-07-30 13:05:15.117,5Y 19R,NULL,1
3,10,66,Engineering CAM CPI (COBRA),At-Risk,unk,unk,90.0%,NULL,50,50.0%,EP - E&S SECTOR ENGINEERING,Division,NULL,0.900,0.800,0.800,1,1,0,2026-06-01,2026-07-30 13:05:15.117,2026-07-30 13:05:15.117,1Y 2R,NULL,1
3,10,66,Engineering CAM CPI (COBRA),At-Risk,unk,unk,90.0%,NULL,50,50.0%,EX - NIC,Division,NULL,0.900,0.800,0.800,1,1,0,2026-06-01,2026-07-30 13:05:15.117,2026-07-30 13:05:15.117,5Y 18R,NULL,1
3,10,76,EAC Volatility,At-Risk,unk,unk,NULL,NULL,79.04,79.0%,E - Engineering & Science,Sector,NULL,NULL,NULL,NULL,1,1,1,2026-06-01,2026-07-30 13:05:15.117,2026-07-30 13:05:15.117,21Y 40R,NULL,1
3,10,76,EAC Volatility,At-Risk,unk,unk,NULL,NULL,71.54,71.5%,EB - BaPS Engr,Division,NULL,NULL,NULL,NULL,1,1,1,2026-06-01,2026-07-30 13:05:15.117,2026-07-30 13:05:15.117,11Y 24R,NULL,1
3,10,76,EAC Volatility,At-Risk,unk,unk,NULL,NULL,91.18,91.2%,EM - Marine Systems,Division,NULL,NULL,NULL,NULL,1,1,1,2026-06-01,2026-07-30 13:05:15.117,2026-07-30 13:05:15.117,2Y 1R,NULL,1
3,10,76,EAC Volatility,At-Risk,unk,unk,NULL,NULL,81.25,81.3%,EN - MSTS,Division,NULL,NULL,NULL,NULL,1,1,1,2026-06-01,2026-07-30 13:05:15.117,2026-07-30 13:05:15.117,8Y 10R,NULL,1
3,10,76,EAC Volatility,At-Risk,unk,unk,NULL,NULL,83.33,83.3%,EP - E&S SECTOR ENGINEERING,Division,NULL,NULL,NULL,NULL,1,1,1,2026-06-01,2026-07-30 13:05:15.117,2026-07-30 13:05:15.117,3R,NULL,1
3,10,76,EAC Volatility,At-Risk,unk,unk,NULL,NULL,87.8,87.8%,EX - NIC,Division,NULL,NULL,NULL,NULL,1,1,1,2026-06-01,2026-07-30 13:05:15.117,2026-07-30 13:05:15.117,5R,NULL,1
3,11,58,Program SPI (COBRA),At-Risk,unk,unk,NULL,NULL,56.29,56.3%,E - Engineering & Science,Sector,NULL,NULL,NULL,NULL,1,1,1,2026-06-01,2026-07-30 13:05:15.117,2026-07-30 13:05:15.117,45Y 81R,NULL,1
3,11,58,Program SPI (COBRA),At-Risk,unk,unk,NULL,NULL,62.2,62.2%,EB - BaPS Engr,Division,NULL,NULL,NULL,NULL,1,1,1,2026-06-01,2026-07-30 13:05:15.117,2026-07-30 13:05:15.117,16Y 28R,NULL,1
3,11,58,Program SPI (COBRA),At-Risk,unk,unk,NULL,NULL,54.29,54.3%,EM - Marine Systems,Division,NULL,NULL,NULL,NULL,1,1,1,2026-06-01,2026-07-30 13:05:15.117,2026-07-30 13:05:15.117,4Y 12R,NULL,1
3,11,58,Program SPI (COBRA),At-Risk,unk,unk,NULL,NULL,52.04,52.0%,EN - MSTS,Division,NULL,NULL,NULL,NULL,1,1,1,2026-06-01,2026-07-30 13:05:15.117,2026-07-30 13:05:15.117,17Y 29R,NULL,1
3,11,58,Program SPI (COBRA),At-Risk,unk,unk,NULL,NULL,66.67,66.7%,EP - E&S SECTOR ENGINEERING,Division,NULL,NULL,NULL,NULL,1,1,1,2026-06-01,2026-07-30 13:05:15.117,2026-07-30 13:05:15.117,1Y ,NULL,1
3,11,58,Program SPI (COBRA),At-Risk,unk,unk,NULL,NULL,50,50.0%,EX - NIC,Division,NULL,NULL,NULL,NULL,1,1,1,2026-06-01,2026-07-30 13:05:15.117,2026-07-30 13:05:15.117,9Y 14R,NULL,1
3,11,67,Engineering CAM SPI (COBRA),At-Risk,unk,unk,90.0%,NULL,59.6,59.6%,E - Engineering & Science,Sector,NULL,0.900,0.800,0.800,1,1,0,2026-06-01,2026-07-30 13:05:15.117,2026-07-30 13:05:15.117,33Y 81R,NULL,1
3,11,67,Engineering CAM SPI (COBRA),At-Risk,unk,unk,90.0%,NULL,59.06,59.1%,EB - BaPS Engr,Division,NULL,0.900,0.800,0.800,1,1,0,2026-06-01,2026-07-30 13:05:15.117,2026-07-30 13:05:15.117,12Y 34R,NULL,1
3,11,67,Engineering CAM SPI (COBRA),At-Risk,unk,unk,90.0%,NULL,62.86,62.9%,EM - Marine Systems,Division,NULL,0.900,0.800,0.800,1,1,0,2026-06-01,2026-07-30 13:05:15.117,2026-07-30 13:05:15.117,1Y 12R,NULL,1
3,11,67,Engineering CAM SPI (COBRA),At-Risk,unk,unk,90.0%,NULL,59.18,59.2%,EN - MSTS,Division,NULL,0.900,0.800,0.800,1,1,0,2026-06-01,2026-07-30 13:05:15.117,2026-07-30 13:05:15.117,14Y 25R,NULL,1
3,11,67,Engineering CAM SPI (COBRA),At-Risk,unk,unk,90.0%,NULL,61.11,61.1%,EP - E&S SECTOR ENGINEERING,Division,NULL,0.900,0.800,0.800,1,1,0,2026-06-01,2026-07-30 13:05:15.117,2026-07-30 13:05:15.117,1R,NULL,1
3,11,67,Engineering CAM SPI (COBRA),At-Risk,unk,unk,90.0%,NULL,65.22,65.2%,EX - NIC,Division,NULL,0.900,0.800,0.800,1,1,0,2026-06-01,2026-07-30 13:05:15.117,2026-07-30 13:05:15.117,5Y 11R,NULL,1
3,12,10,Overall Quality (IPRS),Healthy,decreasing,down,94.0%,0.9475,94.75,94.8%,E - Engineering & Science,Sector,NULL,0.940,0.850,0.850,1,1,0,2025-09-01,2026-07-11 00:00:00.000,2026-07-11 00:00:00.000,NULL,NULL,0
3,12,10,Overall Quality (IPRS),Healthy,decreasing,down,94.0%,0.9614,96.14,96.1%,E - Engineering & Science,Sector,NULL,0.940,0.850,0.850,1,1,0,2026-04-01,2026-07-11 00:00:00.000,2026-07-11 00:00:00.000,NULL,NULL,0
3,12,10,Overall Quality (IPRS),Healthy,decreasing,down,94.0%,0.97,97,97.0%,E - Engineering & Science,Sector,NULL,0.940,0.850,0.850,1,1,0,2026-06-01,2026-07-11 00:00:00.000,2026-07-11 00:00:00.000,NULL,NULL,1
3,12,10,Overall Quality (IPRS),Healthy,increasing,up,94.0%,0.9493,94.93,94.9%,E - Engineering & Science,Sector,NULL,0.940,0.850,0.850,1,1,0,2026-02-01,2026-07-11 00:00:00.000,2026-07-11 00:00:00.000,NULL,NULL,0
3,12,10,Overall Quality (IPRS),Healthy,increasing,up,94.0%,0.9501,95.01,95.0%,E - Engineering & Science,Sector,NULL,0.940,0.850,0.850,1,1,0,2025-11-01,2026-07-11 00:00:00.000,2026-07-11 00:00:00.000,NULL,NULL,0
3,12,10,Overall Quality (IPRS),Healthy,increasing,up,94.0%,0.9577,95.77,95.8%,E - Engineering & Science,Sector,NULL,0.940,0.850,0.850,1,1,0,2025-08-01,2026-07-11 00:00:00.000,2026-07-11 00:00:00.000,NULL,NULL,0
3,12,10,Overall Quality (IPRS),Healthy,increasing,up,94.0%,0.9671,96.71,96.7%,E - Engineering & Science,Sector,NULL,0.940,0.850,0.850,1,1,0,2026-03-01,2026-07-11 00:00:00.000,2026-07-11 00:00:00.000,NULL,NULL,0
3,12,10,Overall Quality (IPRS),Healthy,increasing,up,94.0%,0.9753,97.53,97.5%,E - Engineering & Science,Sector,NULL,0.940,0.850,0.850,1,1,0,2026-05-01,2026-07-11 00:00:00.000,2026-07-11 00:00:00.000,NULL,NULL,0
3,12,10,Overall Quality (IPRS),Healthy,unk,unk,94.0%,0.956,95.6,95.6%,E - Engineering & Science,Sector,NULL,0.940,0.850,0.850,1,1,0,2025-07-01,2026-07-11 00:00:00.000,2026-07-11 00:00:00.000,NULL,NULL,0
3,12,10,Overall Quality (IPRS),Warning,decreasing,down,94.0%,0.9266,92.66,92.7%,E - Engineering & Science,Sector,NULL,0.940,0.850,0.850,1,1,0,2025-12-01,2026-07-11 00:00:00.000,2026-07-11 00:00:00.000,NULL,NULL,0
3,12,10,Overall Quality (IPRS),Warning,decreasing,down,94.0%,0.9391,93.91,93.9%,E - Engineering & Science,Sector,NULL,0.940,0.850,0.850,1,1,0,2025-10-01,2026-07-11 00:00:00.000,2026-07-11 00:00:00.000,NULL,NULL,0
3,12,10,Overall Quality (IPRS),Warning,increasing,up,94.0%,0.9304,93.04,93.0%,E - Engineering & Science,Sector,NULL,0.940,0.850,0.850,1,1,0,2026-01-01,2026-07-11 00:00:00.000,2026-07-11 00:00:00.000,NULL,NULL,0
3,12,10,Overall Quality (IPRS),Healthy,decreasing,down,94.0%,0.9634,96.34,96.3%,EB - AMSD Engr,Division,NULL,0.940,0.850,0.850,1,1,0,2026-01-01,2026-07-11 00:00:00.000,2026-07-11 00:00:00.000,NULL,NULL,0
3,12,10,Overall Quality (IPRS),Healthy,decreasing,down,94.0%,0.9643,96.43,96.4%,EB - AMSD Engr,Division,NULL,0.940,0.850,0.850,1,1,0,2025-12-01,2026-07-11 00:00:00.000,2026-07-11 00:00:00.000,NULL,NULL,0
3,12,10,Overall Quality (IPRS),Healthy,increasing,up,94.0%,0.9405,94.05,94.1%,EB - AMSD Engr,Division,NULL,0.940,0.850,0.850,1,1,0,2025-09-01,2026-07-11 00:00:00.000,2026-07-11 00:00:00.000,NULL,NULL,0
3,12,10,Overall Quality (IPRS),Healthy,increasing,up,94.0%,0.9529,95.29,95.3%,EB - AMSD Engr,Division,NULL,0.940,0.850,0.850,1,1,0,2025-10-01,2026-07-11 00:00:00.000,2026-07-11 00:00:00.000,NULL,NULL,0
3,12,10,Overall Quality (IPRS),Healthy,increasing,up,94.0%,0.9651,96.51,96.5%,EB - AMSD Engr,Division,NULL,0.940,0.850,0.850,1,1,0,2025-11-01,2026-07-11 00:00:00.000,2026-07-11 00:00:00.000,NULL,NULL,0
3,12,10,Overall Quality (IPRS),Healthy,increasing,up,94.0%,0.9756,97.56,97.6%,EB - AMSD Engr,Division,NULL,0.940,0.850,0.850,1,1,0,2026-02-01,2026-07-11 00:00:00.000,2026-07-11 00:00:00.000,NULL,NULL,0
3,12,10,Overall Quality (IPRS),Healthy,increasing,up,94.0%,0.9759,97.59,97.6%,EB - AMSD Engr,Division,NULL,0.940,0.850,0.850,1,1,0,2026-04-01,2026-07-11 00:00:00.000,2026-07-11 00:00:00.000,NULL,NULL,0
3,12,10,Overall Quality (IPRS),Healthy,increasing,up,94.0%,0.9762,97.62,97.6%,EB - AMSD Engr,Division,NULL,0.940,0.850,0.850,1,1,0,2026-05-01,2026-07-11 00:00:00.000,2026-07-11 00:00:00.000,NULL,NULL,0
3,12,10,Overall Quality (IPRS),Healthy,stable,stable,94.0%,0.9756,97.56,97.6%,EB - AMSD Engr,Division,NULL,0.940,0.850,0.850,1,1,0,2026-03-01,2026-07-11 00:00:00.000,2026-07-11 00:00:00.000,NULL,NULL,0
3,12,10,Overall Quality (IPRS),Healthy,stable,stable,94.0%,0.9762,97.62,97.6%,EB - AMSD Engr,Division,NULL,0.940,0.850,0.850,1,1,0,2026-06-01,2026-07-11 00:00:00.000,2026-07-11 00:00:00.000,NULL,NULL,1
3,12,10,Overall Quality (IPRS),Warning,increasing,up,94.0%,0.939,93.9,93.9%,EB - AMSD Engr,Division,NULL,0.940,0.850,0.850,1,1,0,2025-08-01,2026-07-11 00:00:00.000,2026-07-11 00:00:00.000,NULL,NULL,0
3,12,10,Overall Quality (IPRS),Warning,unk,unk,94.0%,0.9348,93.48,93.5%,EB - AMSD Engr,Division,NULL,0.940,0.850,0.850,1,1,0,2025-07-01,2026-07-11 00:00:00.000,2026-07-11 00:00:00.000,NULL,NULL,0
3,12,10,Overall Quality (IPRS),Healthy,decreasing,down,94.0%,0.9737,97.37,97.4%,EB - BaPS Engr,Division,NULL,0.940,0.850,0.850,1,1,0,2026-01-01,2026-07-11 00:00:00.000,2026-07-11 00:00:00.000,NULL,NULL,0
3,12,10,Overall Quality (IPRS),Healthy,decreasing,down,94.0%,0.9741,97.41,97.4%,EB - BaPS Engr,Division,NULL,0.940,0.850,0.850,1,1,0,2025-12-01,2026-07-11 00:00:00.000,2026-07-11 00:00:00.000,NULL,NULL,0
3,12,10,Overall Quality (IPRS),Healthy,increasing,up,94.0%,0.9554,95.54,95.5%,EB - BaPS Engr,Division,NULL,0.940,0.850,0.850,1,1,0,2025-08-01,2026-07-11 00:00:00.000,2026-07-11 00:00:00.000,NULL,NULL,0
3,12,10,Overall Quality (IPRS),Healthy,increasing,up,94.0%,0.9565,95.65,95.7%,EB - BaPS Engr,Division,NULL,0.940,0.850,0.850,1,1,0,2025-09-01,2026-07-11 00:00:00.000,2026-07-11 00:00:00.000,NULL,NULL,0
3,12,10,Overall Quality (IPRS),Healthy,increasing,up,94.0%,0.9655,96.55,96.6%,EB - BaPS Engr,Division,NULL,0.940,0.850,0.850,1,1,0,2025-10-01,2026-07-11 00:00:00.000,2026-07-11 00:00:00.000,NULL,NULL,0
3,12,10,Overall Quality (IPRS),Healthy,increasing,up,94.0%,0.9746,97.46,97.5%,EB - BaPS Engr,Division,NULL,0.940,0.850,0.850,1,1,0,2025-11-01,2026-07-11 00:00:00.000,2026-07-11 00:00:00.000,NULL,NULL,0
3,12,10,Overall Quality (IPRS),Healthy,increasing,up,94.0%,0.9825,98.25,98.3%,EB - BaPS Engr,Division,NULL,0.940,0.850,0.850,1,1,0,2026-02-01,2026-07-11 00:00:00.000,2026-07-11 00:00:00.000,NULL,NULL,0
3,12,10,Overall Quality (IPRS),Healthy,increasing,up,94.0%,0.9826,98.26,98.3%,EB - BaPS Engr,Division,NULL,0.940,0.850,0.850,1,1,0,2026-03-01,2026-07-11 00:00:00.000,2026-07-11 00:00:00.000,NULL,NULL,0
3,12,10,Overall Quality (IPRS),Healthy,increasing,up,94.0%,0.9829,98.29,98.3%,EB - BaPS Engr,Division,NULL,0.940,0.850,0.850,1,1,0,2026-04-01,2026-07-11 00:00:00.000,2026-07-11 00:00:00.000,NULL,NULL,0
3,12,10,Overall Quality (IPRS),Healthy,increasing,up,94.0%,0.9833,98.33,98.3%,EB - BaPS Engr,Division,NULL,0.940,0.850,0.850,1,1,0,2026-06-01,2026-07-11 00:00:00.000,2026-07-11 00:00:00.000,NULL,NULL,1
3,12,10,Overall Quality (IPRS),Healthy,stable,stable,94.0%,0.9829,98.29,98.3%,EB - BaPS Engr,Division,NULL,0.940,0.850,0.850,1,1,0,2026-05-01,2026-07-11 00:00:00.000,2026-07-11 00:00:00.000,NULL,NULL,0
3,12,10,Overall Quality (IPRS),Healthy,unk,unk,94.0%,0.9512,95.12,95.1%,EB - BaPS Engr,Division,NULL,0.940,0.850,0.850,1,1,0,2025-07-01,2026-07-11 00:00:00.000,2026-07-11 00:00:00.000,NULL,NULL,0
3,12,10,Overall Quality (IPRS),At-Risk,decreasing,down,94.0%,0.5238,52.38,52.4%,EM - Marine Systems,Division,NULL,0.940,0.850,0.850,1,1,0,2025-12-01,2026-07-11 00:00:00.000,2026-07-11 00:00:00.000,NULL,NULL,0
3,12,10,Overall Quality (IPRS),At-Risk,decreasing,down,94.0%,0.7619,76.19,76.2%,EM - Marine Systems,Division,NULL,0.940,0.850,0.850,1,1,0,2025-10-01,2026-07-11 00:00:00.000,2026-07-11 00:00:00.000,NULL,NULL,0
3,12,10,Overall Quality (IPRS),At-Risk,decreasing,down,94.0%,0.8095,80.95,81.0%,EM - Marine Systems,Division,NULL,0.940,0.850,0.850,1,1,0,2026-04-01,2026-07-11 00:00:00.000,2026-07-11 00:00:00.000,NULL,NULL,0
3,12,10,Overall Quality (IPRS),At-Risk,increasing,up,94.0%,0.5714,57.14,57.1%,EM - Marine Systems,Division,NULL,0.940,0.850,0.850,1,1,0,2026-01-01,2026-07-11 00:00:00.000,2026-07-11 00:00:00.000,NULL,NULL,0
3,12,10,Overall Quality (IPRS),At-Risk,increasing,up,94.0%,0.5789,57.89,57.9%,EM - Marine Systems,Division,NULL,0.940,0.850,0.850,1,1,0,2026-02-01,2026-07-11 00:00:00.000,2026-07-11 00:00:00.000,NULL,NULL,0
3,12,10,Overall Quality (IPRS),At-Risk,increasing,up,94.0%,0.8182,81.82,81.8%,EM - Marine Systems,Division,NULL,0.940,0.850,0.850,1,1,0,2025-09-01,2026-07-11 00:00:00.000,2026-07-11 00:00:00.000,NULL,NULL,0
3,12,10,Overall Quality (IPRS),At-Risk,stable,stable,94.0%,0.7619,76.19,76.2%,EM - Marine Systems,Division,NULL,0.940,0.850,0.850,1,1,0,2025-11-01,2026-07-11 00:00:00.000,2026-07-11 00:00:00.000,NULL,NULL,0
3,12,10,Overall Quality (IPRS),At-Risk,stable,stable,94.0%,0.7727,77.27,77.3%,EM - Marine Systems,Division,NULL,0.940,0.850,0.850,1,1,0,2025-08-01,2026-07-11 00:00:00.000,2026-07-11 00:00:00.000,NULL,NULL,0
3,12,10,Overall Quality (IPRS),At-Risk,unk,unk,94.0%,0.7727,77.27,77.3%,EM - Marine Systems,Division,NULL,0.940,0.850,0.850,1,1,0,2025-07-01,2026-07-11 00:00:00.000,2026-07-11 00:00:00.000,NULL,NULL,0
3,12,10,Overall Quality (IPRS),Warning,increasing,up,94.0%,0.85,85,85.0%,EM - Marine Systems,Division,NULL,0.940,0.850,0.850,1,1,0,2026-05-01,2026-07-11 00:00:00.000,2026-07-11 00:00:00.000,NULL,NULL,0
3,12,10,Overall Quality (IPRS),Warning,increasing,up,94.0%,0.8571,85.71,85.7%,EM - Marine Systems,Division,NULL,0.940,0.850,0.850,1,1,0,2026-03-01,2026-07-11 00:00:00.000,2026-07-11 00:00:00.000,NULL,NULL,0
3,12,10,Overall Quality (IPRS),Warning,stable,stable,94.0%,0.85,85,85.0%,EM - Marine Systems,Division,NULL,0.940,0.850,0.850,1,1,0,2026-06-01,2026-07-11 00:00:00.000,2026-07-11 00:00:00.000,NULL,NULL,1
3,12,10,Overall Quality (IPRS),Healthy,decreasing,down,94.0%,0.9632,96.32,96.3%,EN - MSTS,Division,NULL,0.940,0.850,0.850,1,1,0,2026-04-01,2026-07-11 00:00:00.000,2026-07-11 00:00:00.000,NULL,NULL,0
3,12,10,Overall Quality (IPRS),Healthy,decreasing,down,94.0%,0.9638,96.38,96.4%,EN - MSTS,Division,NULL,0.940,0.850,0.850,1,1,0,2026-06-01,2026-07-11 00:00:00.000,2026-07-11 00:00:00.000,NULL,NULL,1
3,12,10,Overall Quality (IPRS),Healthy,increasing,up,94.0%,0.9538,95.38,95.4%,EN - MSTS,Division,NULL,0.940,0.850,0.850,1,1,0,2025-11-01,2026-07-11 00:00:00.000,2026-07-11 00:00:00.000,NULL,NULL,0
3,12,10,Overall Quality (IPRS),Healthy,increasing,up,94.0%,0.9695,96.95,97.0%,EN - MSTS,Division,NULL,0.940,0.850,0.850,1,1,0,2026-02-01,2026-07-11 00:00:00.000,2026-07-11 00:00:00.000,NULL,NULL,0
3,12,10,Overall Quality (IPRS),Healthy,increasing,up,94.0%,0.9706,97.06,97.1%,EN - MSTS,Division,NULL,0.940,0.850,0.850,1,1,0,2026-03-01,2026-07-11 00:00:00.000,2026-07-11 00:00:00.000,NULL,NULL,0
3,12,10,Overall Quality (IPRS),Healthy,increasing,up,94.0%,0.9767,97.67,97.7%,EN - MSTS,Division,NULL,0.940,0.850,0.850,1,1,0,2025-08-01,2026-07-11 00:00:00.000,2026-07-11 00:00:00.000,NULL,NULL,0
3,12,10,Overall Quality (IPRS),Healthy,increasing,up,94.0%,0.9781,97.81,97.8%,EN - MSTS,Division,NULL,0.940,0.850,0.850,1,1,0,2026-05-01,2026-07-11 00:00:00.000,2026-07-11 00:00:00.000,NULL,NULL,0
3,12,10,Overall Quality (IPRS),Healthy,unk,unk,94.0%,0.9762,97.62,97.6%,EN - MSTS,Division,NULL,0.940,0.850,0.850,1,1,0,2025-07-01,2026-07-11 00:00:00.000,2026-07-11 00:00:00.000,NULL,NULL,0
3,12,10,Overall Quality (IPRS),Warning,decreasing,down,94.0%,0.9274,92.74,92.7%,EN - MSTS,Division,NULL,0.940,0.850,0.850,1,1,0,2025-12-01,2026-07-11 00:00:00.000,2026-07-11 00:00:00.000,NULL,NULL,0
3,12,10,Overall Quality (IPRS),Warning,decreasing,down,94.0%,0.9302,93.02,93.0%,EN - MSTS,Division,NULL,0.940,0.850,0.850,1,1,0,2025-10-01,2026-07-11 00:00:00.000,2026-07-11 00:00:00.000,NULL,NULL,0
3,12,10,Overall Quality (IPRS),Warning,decreasing,down,94.0%,0.9394,93.94,93.9%,EN - MSTS,Division,NULL,0.940,0.850,0.850,1,1,0,2025-09-01,2026-07-11 00:00:00.000,2026-07-11 00:00:00.000,NULL,NULL,0
3,12,10,Overall Quality (IPRS),Warning,increasing,up,94.0%,0.9308,93.08,93.1%,EN - MSTS,Division,NULL,0.940,0.850,0.850,1,1,0,2026-01-01,2026-07-11 00:00:00.000,2026-07-11 00:00:00.000,NULL,NULL,0
3,12,10,Overall Quality (IPRS),Healthy,stable,stable,94.0%,1,100,100.0%,EV - Mission Next Engineering,Division,NULL,0.940,0.850,0.850,1,1,0,2025-08-01,2026-07-11 00:00:00.000,2026-07-11 00:00:00.000,NULL,NULL,0
3,12,10,Overall Quality (IPRS),Healthy,stable,stable,94.0%,1,100,100.0%,EV - Mission Next Engineering,Division,NULL,0.940,0.850,0.850,1,1,0,2025-09-01,2026-07-11 00:00:00.000,2026-07-11 00:00:00.000,NULL,NULL,0
3,12,10,Overall Quality (IPRS),Healthy,stable,stable,94.0%,1,100,100.0%,EV - Mission Next Engineering,Division,NULL,0.940,0.850,0.850,1,1,0,2025-10-01,2026-07-11 00:00:00.000,2026-07-11 00:00:00.000,NULL,NULL,0
3,12,10,Overall Quality (IPRS),Healthy,stable,stable,94.0%,1,100,100.0%,EV - Mission Next Engineering,Division,NULL,0.940,0.850,0.850,1,1,0,2025-11-01,2026-07-11 00:00:00.000,2026-07-11 00:00:00.000,NULL,NULL,0
3,12,10,Overall Quality (IPRS),Healthy,stable,stable,94.0%,1,100,100.0%,EV - Mission Next Engineering,Division,NULL,0.940,0.850,0.850,1,1,0,2025-12-01,2026-07-11 00:00:00.000,2026-07-11 00:00:00.000,NULL,NULL,0
3,12,10,Overall Quality (IPRS),Healthy,stable,stable,94.0%,1,100,100.0%,EV - Mission Next Engineering,Division,NULL,0.940,0.850,0.850,1,1,0,2026-01-01,2026-07-11 00:00:00.000,2026-07-11 00:00:00.000,NULL,NULL,0
3,12,10,Overall Quality (IPRS),Healthy,stable,stable,94.0%,1,100,100.0%,EV - Mission Next Engineering,Division,NULL,0.940,0.850,0.850,1,1,0,2026-02-01,2026-07-11 00:00:00.000,2026-07-11 00:00:00.000,NULL,NULL,0
3,12,10,Overall Quality (IPRS),Healthy,stable,stable,94.0%,1,100,100.0%,EV - Mission Next Engineering,Division,NULL,0.940,0.850,0.850,1,1,0,2026-03-01,2026-07-11 00:00:00.000,2026-07-11 00:00:00.000,NULL,NULL,0
3,12,10,Overall Quality (IPRS),Healthy,stable,stable,94.0%,1,100,100.0%,EV - Mission Next Engineering,Division,NULL,0.940,0.850,0.850,1,1,0,2026-04-01,2026-07-11 00:00:00.000,2026-07-11 00:00:00.000,NULL,NULL,0
3,12,10,Overall Quality (IPRS),Healthy,stable,stable,94.0%,1,100,100.0%,EV - Mission Next Engineering,Division,NULL,0.940,0.850,0.850,1,1,0,2026-05-01,2026-07-11 00:00:00.000,2026-07-11 00:00:00.000,NULL,NULL,0
3,12,10,Overall Quality (IPRS),Healthy,stable,stable,94.0%,1,100,100.0%,EV - Mission Next Engineering,Division,NULL,0.940,0.850,0.850,1,1,0,2026-06-01,2026-07-11 00:00:00.000,2026-07-11 00:00:00.000,NULL,NULL,1
3,12,10,Overall Quality (IPRS),Healthy,unk,unk,94.0%,1,100,100.0%,EV - Mission Next Engineering,Division,NULL,0.940,0.850,0.850,1,1,0,2025-07-01,2026-07-11 00:00:00.000,2026-07-11 00:00:00.000,NULL,NULL,0
3,12,10,Overall Quality (IPRS),Healthy,decreasing,down,94.0%,0.956,95.6,95.6%,EX - NIC,Division,NULL,0.940,0.850,0.850,1,1,0,2026-02-01,2026-07-11 00:00:00.000,2026-07-11 00:00:00.000,NULL,NULL,0
3,12,10,Overall Quality (IPRS),Healthy,decreasing,down,94.0%,0.9565,95.65,95.7%,EX - NIC,Division,NULL,0.940,0.850,0.850,1,1,0,2025-11-01,2026-07-11 00:00:00.000,2026-07-11 00:00:00.000,NULL,NULL,0
3,12,10,Overall Quality (IPRS),Healthy,decreasing,down,94.0%,0.9579,95.79,95.8%,EX - NIC,Division,NULL,0.940,0.850,0.850,1,1,0,2025-10-01,2026-07-11 00:00:00.000,2026-07-11 00:00:00.000,NULL,NULL,0
3,12,10,Overall Quality (IPRS),Healthy,decreasing,down,94.0%,0.9663,96.63,96.6%,EX - NIC,Division,NULL,0.940,0.850,0.850,1,1,0,2026-04-01,2026-07-11 00:00:00.000,2026-07-11 00:00:00.000,NULL,NULL,0
3,12,10,Overall Quality (IPRS),Healthy,decreasing,down,94.0%,0.9783,97.83,97.8%,EX - NIC,Division,NULL,0.940,0.850,0.850,1,1,0,2025-08-01,2026-07-11 00:00:00.000,2026-07-11 00:00:00.000,NULL,NULL,0
3,12,10,Overall Quality (IPRS),Healthy,decreasing,down,94.0%,0.9888,98.88,98.9%,EX - NIC,Division,NULL,0.940,0.850,0.850,1,1,0,2026-06-01,2026-07-11 00:00:00.000,2026-07-11 00:00:00.000,NULL,NULL,1
3,12,10,Overall Quality (IPRS),Healthy,increasing,up,94.0%,0.957,95.7,95.7%,EX - NIC,Division,NULL,0.940,0.850,0.850,1,1,0,2025-12-01,2026-07-11 00:00:00.000,2026-07-11 00:00:00.000,NULL,NULL,0
3,12,10,Overall Quality (IPRS),Healthy,increasing,up,94.0%,0.9574,95.74,95.7%,EX - NIC,Division,NULL,0.940,0.850,0.850,1,1,0,2026-01-01,2026-07-11 00:00:00.000,2026-07-11 00:00:00.000,NULL,NULL,0
3,12,10,Overall Quality (IPRS),Healthy,increasing,up,94.0%,0.9677,96.77,96.8%,EX - NIC,Division,NULL,0.940,0.850,0.850,1,1,0,2026-03-01,2026-07-11 00:00:00.000,2026-07-11 00:00:00.000,NULL,NULL,0
3,12,10,Overall Quality (IPRS),Healthy,increasing,up,94.0%,0.9785,97.85,97.9%,EX - NIC,Division,NULL,0.940,0.850,0.850,1,1,0,2025-09-01,2026-07-11 00:00:00.000,2026-07-11 00:00:00.000,NULL,NULL,0
3,12,10,Overall Quality (IPRS),Healthy,increasing,up,94.0%,0.9889,98.89,98.9%,EX - NIC,Division,NULL,0.940,0.850,0.850,1,1,0,2026-05-01,2026-07-11 00:00:00.000,2026-07-11 00:00:00.000,NULL,NULL,0
3,12,10,Overall Quality (IPRS),Healthy,unk,unk,94.0%,0.9785,97.85,97.9%,EX - NIC,Division,NULL,0.940,0.850,0.850,1,1,0,2025-07-01,2026-07-11 00:00:00.000,2026-07-11 00:00:00.000,NULL,NULL,0
3,12,11,Overall Quality (QAF),Healthy,decreasing,down,94.0%,0.9448,94.48,94.5%,E - Engineering & Science,Sector,NULL,0.940,0.850,0.850,1,1,0,2025-10-01,2026-07-11 00:00:00.000,2026-07-11 00:00:00.000,NULL,NULL,0
3,12,11,Overall Quality (QAF),Healthy,decreasing,down,94.0%,0.9522,95.22,95.2%,E - Engineering & Science,Sector,NULL,0.940,0.850,0.850,1,1,0,2025-09-01,2026-07-11 00:00:00.000,2026-07-11 00:00:00.000,NULL,NULL,0
3,12,11,Overall Quality (QAF),Healthy,decreasing,down,94.0%,0.968,96.8,96.8%,E - Engineering & Science,Sector,NULL,0.940,0.850,0.850,1,1,0,2026-04-01,2026-07-11 00:00:00.000,2026-07-11 00:00:00.000,NULL,NULL,0
3,12,11,Overall Quality (QAF),Healthy,decreasing,down,94.0%,0.9721,97.21,97.2%,E - Engineering & Science,Sector,NULL,0.940,0.850,0.850,1,1,0,2026-06-01,2026-07-11 00:00:00.000,2026-07-11 00:00:00.000,NULL,NULL,1
3,12,11,Overall Quality (QAF),Healthy,increasing,up,94.0%,0.9528,95.28,95.3%,E - Engineering & Science,Sector,NULL,0.940,0.850,0.850,1,1,0,2025-11-01,2026-07-11 00:00:00.000,2026-07-11 00:00:00.000,NULL,NULL,0
3,12,11,Overall Quality (QAF),Healthy,increasing,up,94.0%,0.9563,95.63,95.6%,E - Engineering & Science,Sector,NULL,0.940,0.850,0.850,1,1,0,2026-02-01,2026-07-11 00:00:00.000,2026-07-11 00:00:00.000,NULL,NULL,0
3,12,11,Overall Quality (QAF),Healthy,increasing,up,94.0%,0.971,97.1,97.1%,E - Engineering & Science,Sector,NULL,0.940,0.850,0.850,1,1,0,2025-08-01,2026-07-11 00:00:00.000,2026-07-11 00:00:00.000,NULL,NULL,0
3,12,11,Overall Quality (QAF),Healthy,increasing,up,94.0%,0.9726,97.26,97.3%,E - Engineering & Science,Sector,NULL,0.940,0.850,0.850,1,1,0,2026-03-01,2026-07-11 00:00:00.000,2026-07-11 00:00:00.000,NULL,NULL,0
3,12,11,Overall Quality (QAF),Healthy,increasing,up,94.0%,0.9731,97.31,97.3%,E - Engineering & Science,Sector,NULL,0.940,0.850,0.850,1,1,0,2026-05-01,2026-07-11 00:00:00.000,2026-07-11 00:00:00.000,NULL,NULL,0
3,12,11,Overall Quality (QAF),Healthy,unk,unk,94.0%,0.9628,96.28,96.3%,E - Engineering & Science,Sector,NULL,0.940,0.850,0.850,1,1,0,2025-07-01,2026-07-11 00:00:00.000,2026-07-11 00:00:00.000,NULL,NULL,0
3,12,11,Overall Quality (QAF),Warning,decreasing,down,94.0%,0.9297,92.97,93.0%,E - Engineering & Science,Sector,NULL,0.940,0.850,0.850,1,1,0,2026-01-01,2026-07-11 00:00:00.000,2026-07-11 00:00:00.000,NULL,NULL,0
3,12,11,Overall Quality (QAF),Warning,decreasing,down,94.0%,0.9346,93.46,93.5%,E - Engineering & Science,Sector,NULL,0.940,0.850,0.850,1,1,0,2025-12-01,2026-07-11 00:00:00.000,2026-07-11 00:00:00.000,NULL,NULL,0
3,12,11,Overall Quality (QAF),Healthy,decreasing,down,94.0%,0.9605,96.05,96.1%,EB - AMSD Engr,Division,NULL,0.940,0.850,0.850,1,1,0,2025-12-01,2026-07-11 00:00:00.000,2026-07-11 00:00:00.000,NULL,NULL,0
3,12,11,Overall Quality (QAF),Healthy,increasing,up,94.0%,0.9459,94.59,94.6%,EB - AMSD Engr,Division,NULL,0.940,0.850,0.850,1,1,0,2025-10-01,2026-07-11 00:00:00.000,2026-07-11 00:00:00.000,NULL,NULL,0
3,12,11,Overall Quality (QAF),Healthy,increasing,up,94.0%,0.961,96.1,96.1%,EB - AMSD Engr,Division,NULL,0.940,0.850,0.850,1,1,0,2026-01-01,2026-07-11 00:00:00.000,2026-07-11 00:00:00.000,NULL,NULL,0
3,12,11,Overall Quality (QAF),Healthy,increasing,up,94.0%,0.9625,96.25,96.3%,EB - AMSD Engr,Division,NULL,0.940,0.850,0.850,1,1,0,2025-11-01,2026-07-11 00:00:00.000,2026-07-11 00:00:00.000,NULL,NULL,0
3,12,11,Overall Quality (QAF),Healthy,increasing,up,94.0%,0.975,97.5,97.5%,EB - AMSD Engr,Division,NULL,0.940,0.850,0.850,1,1,0,2026-02-01,2026-07-11 00:00:00.000,2026-07-11 00:00:00.000,NULL,NULL,0
3,12,11,Overall Quality (QAF),Healthy,increasing,up,94.0%,0.9759,97.59,97.6%,EB - AMSD Engr,Division,NULL,0.940,0.850,0.850,1,1,0,2026-03-01,2026-07-11 00:00:00.000,2026-07-11 00:00:00.000,NULL,NULL,0
3,12,11,Overall Quality (QAF),Healthy,increasing,up,94.0%,0.9762,97.62,97.6%,EB - AMSD Engr,Division,NULL,0.940,0.850,0.850,1,1,0,2026-05-01,2026-07-11 00:00:00.000,2026-07-11 00:00:00.000,NULL,NULL,0
3,12,11,Overall Quality (QAF),Healthy,stable,stable,94.0%,0.9759,97.59,97.6%,EB - AMSD Engr,Division,NULL,0.940,0.850,0.850,1,1,0,2026-04-01,2026-07-11 00:00:00.000,2026-07-11 00:00:00.000,NULL,NULL,0
3,12,11,Overall Quality (QAF),Healthy,stable,stable,94.0%,0.9762,97.62,97.6%,EB - AMSD Engr,Division,NULL,0.940,0.850,0.850,1,1,0,2026-06-01,2026-07-11 00:00:00.000,2026-07-11 00:00:00.000,NULL,NULL,1
3,12,11,Overall Quality (QAF),Warning,increasing,up,94.0%,0.9286,92.86,92.9%,EB - AMSD Engr,Division,NULL,0.940,0.850,0.850,1,1,0,2025-08-01,2026-07-11 00:00:00.000,2026-07-11 00:00:00.000,NULL,NULL,0
3,12,11,Overall Quality (QAF),Warning,increasing,up,94.0%,0.9333,93.33,93.3%,EB - AMSD Engr,Division,NULL,0.940,0.850,0.850,1,1,0,2025-09-01,2026-07-11 00:00:00.000,2026-07-11 00:00:00.000,NULL,NULL,0
3,12,11,Overall Quality (QAF),Warning,unk,unk,94.0%,0.9277,92.77,92.8%,EB - AMSD Engr,Division,NULL,0.940,0.850,0.850,1,1,0,2025-07-01,2026-07-11 00:00:00.000,2026-07-11 00:00:00.000,NULL,NULL,0
3,12,11,Overall Quality (QAF),Healthy,decreasing,down,94.0%,0.9703,97.03,97.0%,EB - BaPS Engr,Division,NULL,0.940,0.850,0.850,1,1,0,2025-12-01,2026-07-11 00:00:00.000,2026-07-11 00:00:00.000,NULL,NULL,0
3,12,11,Overall Quality (QAF),Healthy,decreasing,down,94.0%,0.981,98.1,98.1%,EB - BaPS Engr,Division,NULL,0.940,0.850,0.850,1,1,0,2026-03-01,2026-07-11 00:00:00.000,2026-07-11 00:00:00.000,NULL,NULL,0
3,12,11,Overall Quality (QAF),Healthy,decreasing,down,94.0%,0.9815,98.15,98.2%,EB - BaPS Engr,Division,NULL,0.940,0.850,0.850,1,1,0,2026-05-01,2026-07-11 00:00:00.000,2026-07-11 00:00:00.000,NULL,NULL,0
3,12,11,Overall Quality (QAF),Healthy,increasing,up,94.0%,0.949,94.9,94.9%,EB - BaPS Engr,Division,NULL,0.940,0.850,0.850,1,1,0,2025-08-01,2026-07-11 00:00:00.000,2026-07-11 00:00:00.000,NULL,NULL,0
3,12,11,Overall Quality (QAF),Healthy,increasing,up,94.0%,0.9515,95.15,95.2%,EB - BaPS Engr,Division,NULL,0.940,0.850,0.850,1,1,0,2025-09-01,2026-07-11 00:00:00.000,2026-07-11 00:00:00.000,NULL,NULL,0
3,12,11,Overall Quality (QAF),Healthy,increasing,up,94.0%,0.9608,96.08,96.1%,EB - BaPS Engr,Division,NULL,0.940,0.850,0.850,1,1,0,2025-10-01,2026-07-11 00:00:00.000,2026-07-11 00:00:00.000,NULL,NULL,0
3,12,11,Overall Quality (QAF),Healthy,increasing,up,94.0%,0.9717,97.17,97.2%,EB - BaPS Engr,Division,NULL,0.940,0.850,0.850,1,1,0,2026-01-01,2026-07-11 00:00:00.000,2026-07-11 00:00:00.000,NULL,NULL,0
3,12,11,Overall Quality (QAF),Healthy,increasing,up,94.0%,0.9722,97.22,97.2%,EB - BaPS Engr,Division,NULL,0.940,0.850,0.850,1,1,0,2025-11-01,2026-07-11 00:00:00.000,2026-07-11 00:00:00.000,NULL,NULL,0
3,12,11,Overall Quality (QAF),Healthy,increasing,up,94.0%,0.9811,98.11,98.1%,EB - BaPS Engr,Division,NULL,0.940,0.850,0.850,1,1,0,2026-02-01,2026-07-11 00:00:00.000,2026-07-11 00:00:00.000,NULL,NULL,0
3,12,11,Overall Quality (QAF),Healthy,increasing,up,94.0%,0.982,98.2,98.2%,EB - BaPS Engr,Division,NULL,0.940,0.850,0.850,1,1,0,2026-04-01,2026-07-11 00:00:00.000,2026-07-11 00:00:00.000,NULL,NULL,0
3,12,11,Overall Quality (QAF),Healthy,increasing,up,94.0%,0.9832,98.32,98.3%,EB - BaPS Engr,Division,NULL,0.940,0.850,0.850,1,1,0,2026-06-01,2026-07-11 00:00:00.000,2026-07-11 00:00:00.000,NULL,NULL,1
3,12,11,Overall Quality (QAF),Healthy,unk,unk,94.0%,0.9464,94.64,94.6%,EB - BaPS Engr,Division,NULL,0.940,0.850,0.850,1,1,0,2025-07-01,2026-07-11 00:00:00.000,2026-07-11 00:00:00.000,NULL,NULL,0
3,12,11,Overall Quality (QAF),At-Risk,decreasing,down,94.0%,0.5333,53.33,53.3%,EM - Marine Systems,Division,NULL,0.940,0.850,0.850,1,1,0,2026-02-01,2026-07-11 00:00:00.000,2026-07-11 00:00:00.000,NULL,NULL,0
3,12,11,Overall Quality (QAF),At-Risk,decreasing,down,94.0%,0.5714,57.14,57.1%,EM - Marine Systems,Division,NULL,0.940,0.850,0.850,1,1,0,2026-01-01,2026-07-11 00:00:00.000,2026-07-11 00:00:00.000,NULL,NULL,0
3,12,11,Overall Quality (QAF),At-Risk,decreasing,down,94.0%,0.6,60,60.0%,EM - Marine Systems,Division,NULL,0.940,0.850,0.850,1,1,0,2025-12-01,2026-07-11 00:00:00.000,2026-07-11 00:00:00.000,NULL,NULL,0
3,12,11,Overall Quality (QAF),At-Risk,decreasing,down,94.0%,0.6667,66.67,66.7%,EM - Marine Systems,Division,NULL,0.940,0.850,0.850,1,1,0,2025-11-01,2026-07-11 00:00:00.000,2026-07-11 00:00:00.000,NULL,NULL,0
3,12,11,Overall Quality (QAF),At-Risk,decreasing,down,94.0%,0.7778,77.78,77.8%,EM - Marine Systems,Division,NULL,0.940,0.850,0.850,1,1,0,2025-10-01,2026-07-11 00:00:00.000,2026-07-11 00:00:00.000,NULL,NULL,0
3,12,11,Overall Quality (QAF),At-Risk,decreasing,down,94.0%,0.7778,77.78,77.8%,EM - Marine Systems,Division,NULL,0.940,0.850,0.850,1,1,0,2026-04-01,2026-07-11 00:00:00.000,2026-07-11 00:00:00.000,NULL,NULL,0
3,12,11,Overall Quality (QAF),At-Risk,unk,unk,94.0%,0.8421,84.21,84.2%,EM - Marine Systems,Division,NULL,0.940,0.850,0.850,1,1,0,2025-07-01,2026-07-11 00:00:00.000,2026-07-11 00:00:00.000,NULL,NULL,0
3,12,11,Overall Quality (QAF),Warning,increasing,up,94.0%,0.85,85,85.0%,EM - Marine Systems,Division,NULL,0.940,0.850,0.850,1,1,0,2026-05-01,2026-07-11 00:00:00.000,2026-07-11 00:00:00.000,NULL,NULL,0
3,12,11,Overall Quality (QAF),Warning,increasing,up,94.0%,0.8889,88.89,88.9%,EM - Marine Systems,Division,NULL,0.940,0.850,0.850,1,1,0,2025-08-01,2026-07-11 00:00:00.000,2026-07-11 00:00:00.000,NULL,NULL,0
3,12,11,Overall Quality (QAF),Warning,increasing,up,94.0%,0.8889,88.89,88.9%,EM - Marine Systems,Division,NULL,0.940,0.850,0.850,1,1,0,2026-03-01,2026-07-11 00:00:00.000,2026-07-11 00:00:00.000,NULL,NULL,0
3,12,11,Overall Quality (QAF),Warning,stable,stable,94.0%,0.85,85,85.0%,EM - Marine Systems,Division,NULL,0.940,0.850,0.850,1,1,0,2026-06-01,2026-07-11 00:00:00.000,2026-07-11 00:00:00.000,NULL,NULL,1
3,12,11,Overall Quality (QAF),Warning,stable,stable,94.0%,0.8889,88.89,88.9%,EM - Marine Systems,Division,NULL,0.940,0.850,0.850,1,1,0,2025-09-01,2026-07-11 00:00:00.000,2026-07-11 00:00:00.000,NULL,NULL,0
3,12,11,Overall Quality (QAF),Healthy,decreasing,down,94.0%,0.9638,96.38,96.4%,EN - MSTS,Division,NULL,0.940,0.850,0.850,1,1,0,2026-04-01,2026-07-11 00:00:00.000,2026-07-11 00:00:00.000,NULL,NULL,0
3,12,11,Overall Quality (QAF),Healthy,decreasing,down,94.0%,0.9638,96.38,96.4%,EN - MSTS,Division,NULL,0.940,0.850,0.850,1,1,0,2026-06-01,2026-07-11 00:00:00.000,2026-07-11 00:00:00.000,NULL,NULL,1
3,12,11,Overall Quality (QAF),Healthy,increasing,up,94.0%,0.9576,95.76,95.8%,EN - MSTS,Division,NULL,0.940,0.850,0.850,1,1,0,2025-11-01,2026-07-11 00:00:00.000,2026-07-11 00:00:00.000,NULL,NULL,0
3,12,11,Overall Quality (QAF),Healthy,increasing,up,94.0%,0.9695,96.95,97.0%,EN - MSTS,Division,NULL,0.940,0.850,0.850,1,1,0,2026-02-01,2026-07-11 00:00:00.000,2026-07-11 00:00:00.000,NULL,NULL,0
3,12,11,Overall Quality (QAF),Healthy,increasing,up,94.0%,0.9706,97.06,97.1%,EN - MSTS,Division,NULL,0.940,0.850,0.850,1,1,0,2026-03-01,2026-07-11 00:00:00.000,2026-07-11 00:00:00.000,NULL,NULL,0
3,12,11,Overall Quality (QAF),Healthy,increasing,up,94.0%,0.9783,97.83,97.8%,EN - MSTS,Division,NULL,0.940,0.850,0.850,1,1,0,2026-05-01,2026-07-11 00:00:00.000,2026-07-11 00:00:00.000,NULL,NULL,0
3,12,11,Overall Quality (QAF),Healthy,increasing,up,94.0%,0.9837,98.37,98.4%,EN - MSTS,Division,NULL,0.940,0.850,0.850,1,1,0,2025-08-01,2026-07-11 00:00:00.000,2026-07-11 00:00:00.000,NULL,NULL,0
3,12,11,Overall Quality (QAF),Healthy,unk,unk,94.0%,0.975,97.5,97.5%,EN - MSTS,Division,NULL,0.940,0.850,0.850,1,1,0,2025-07-01,2026-07-11 00:00:00.000,2026-07-11 00:00:00.000,NULL,NULL,0
3,12,11,Overall Quality (QAF),Warning,decreasing,down,94.0%,0.9274,92.74,92.7%,EN - MSTS,Division,NULL,0.940,0.850,0.850,1,1,0,2026-01-01,2026-07-11 00:00:00.000,2026-07-11 00:00:00.000,NULL,NULL,0
3,12,11,Overall Quality (QAF),Warning,decreasing,down,94.0%,0.9292,92.92,92.9%,EN - MSTS,Division,NULL,0.940,0.850,0.850,1,1,0,2025-10-01,2026-07-11 00:00:00.000,2026-07-11 00:00:00.000,NULL,NULL,0
3,12,11,Overall Quality (QAF),Warning,decreasing,down,94.0%,0.9304,93.04,93.0%,EN - MSTS,Division,NULL,0.940,0.850,0.850,1,1,0,2025-12-01,2026-07-11 00:00:00.000,2026-07-11 00:00:00.000,NULL,NULL,0
3,12,11,Overall Quality (QAF),Warning,decreasing,down,94.0%,0.9355,93.55,93.6%,EN - MSTS,Division,NULL,0.940,0.850,0.850,1,1,0,2025-09-01,2026-07-11 00:00:00.000,2026-07-11 00:00:00.000,NULL,NULL,0
3,12,11,Overall Quality (QAF),Healthy,stable,stable,94.0%,1,100,100.0%,EV - Mission Next Engineering,Division,NULL,0.940,0.850,0.850,1,1,0,2025-08-01,2026-07-11 00:00:00.000,2026-07-11 00:00:00.000,NULL,NULL,0
3,12,11,Overall Quality (QAF),Healthy,stable,stable,94.0%,1,100,100.0%,EV - Mission Next Engineering,Division,NULL,0.940,0.850,0.850,1,1,0,2025-09-01,2026-07-11 00:00:00.000,2026-07-11 00:00:00.000,NULL,NULL,0
3,12,11,Overall Quality (QAF),Healthy,stable,stable,94.0%,1,100,100.0%,EV - Mission Next Engineering,Division,NULL,0.940,0.850,0.850,1,1,0,2025-10-01,2026-07-11 00:00:00.000,2026-07-11 00:00:00.000,NULL,NULL,0
3,12,11,Overall Quality (QAF),Healthy,stable,stable,94.0%,1,100,100.0%,EV - Mission Next Engineering,Division,NULL,0.940,0.850,0.850,1,1,0,2025-11-01,2026-07-11 00:00:00.000,2026-07-11 00:00:00.000,NULL,NULL,0
3,12,11,Overall Quality (QAF),Healthy,stable,stable,94.0%,1,100,100.0%,EV - Mission Next Engineering,Division,NULL,0.940,0.850,0.850,1,1,0,2025-12-01,2026-07-11 00:00:00.000,2026-07-11 00:00:00.000,NULL,NULL,0
3,12,11,Overall Quality (QAF),Healthy,stable,stable,94.0%,1,100,100.0%,EV - Mission Next Engineering,Division,NULL,0.940,0.850,0.850,1,1,0,2026-01-01,2026-07-11 00:00:00.000,2026-07-11 00:00:00.000,NULL,NULL,0
3,12,11,Overall Quality (QAF),Healthy,stable,stable,94.0%,1,100,100.0%,EV - Mission Next Engineering,Division,NULL,0.940,0.850,0.850,1,1,0,2026-02-01,2026-07-11 00:00:00.000,2026-07-11 00:00:00.000,NULL,NULL,0
3,12,11,Overall Quality (QAF),Healthy,stable,stable,94.0%,1,100,100.0%,EV - Mission Next Engineering,Division,NULL,0.940,0.850,0.850,1,1,0,2026-03-01,2026-07-11 00:00:00.000,2026-07-11 00:00:00.000,NULL,NULL,0
3,12,11,Overall Quality (QAF),Healthy,stable,stable,94.0%,1,100,100.0%,EV - Mission Next Engineering,Division,NULL,0.940,0.850,0.850,1,1,0,2026-04-01,2026-07-11 00:00:00.000,2026-07-11 00:00:00.000,NULL,NULL,0
3,12,11,Overall Quality (QAF),Healthy,stable,stable,94.0%,1,100,100.0%,EV - Mission Next Engineering,Division,NULL,0.940,0.850,0.850,1,1,0,2026-05-01,2026-07-11 00:00:00.000,2026-07-11 00:00:00.000,NULL,NULL,0
3,12,11,Overall Quality (QAF),Healthy,stable,stable,94.0%,1,100,100.0%,EV - Mission Next Engineering,Division,NULL,0.940,0.850,0.850,1,1,0,2026-06-01,2026-07-11 00:00:00.000,2026-07-11 00:00:00.000,NULL,NULL,1
3,12,11,Overall Quality (QAF),Healthy,unk,unk,94.0%,1,100,100.0%,EV - Mission Next Engineering,Division,NULL,0.940,0.850,0.850,1,1,0,2025-07-01,2026-07-11 00:00:00.000,2026-07-11 00:00:00.000,NULL,NULL,0
3,12,11,Overall Quality (QAF),Healthy,decreasing,down,94.0%,0.9839,98.39,98.4%,EX - NIC,Division,NULL,0.940,0.850,0.850,1,1,0,2026-01-01,2026-07-11 00:00:00.000,2026-07-11 00:00:00.000,NULL,NULL,0
3,12,11,Overall Quality (QAF),Healthy,decreasing,down,94.0%,0.9853,98.53,98.5%,EX - NIC,Division,NULL,0.940,0.850,0.850,1,1,0,2026-05-01,2026-07-11 00:00:00.000,2026-07-11 00:00:00.000,NULL,NULL,0
3,12,11,Overall Quality (QAF),Healthy,decreasing,down,94.0%,0.9857,98.57,98.6%,EX - NIC,Division,NULL,0.940,0.850,0.850,1,1,0,2025-12-01,2026-07-11 00:00:00.000,2026-07-11 00:00:00.000,NULL,NULL,0
3,12,11,Overall Quality (QAF),Healthy,decreasing,down,94.0%,0.9865,98.65,98.7%,EX - NIC,Division,NULL,0.940,0.850,0.850,1,1,0,2025-11-01,2026-07-11 00:00:00.000,2026-07-11 00:00:00.000,NULL,NULL,0
3,12,11,Overall Quality (QAF),Healthy,decreasing,down,94.0%,0.9867,98.67,98.7%,EX - NIC,Division,NULL,0.940,0.850,0.850,1,1,0,2025-10-01,2026-07-11 00:00:00.000,2026-07-11 00:00:00.000,NULL,NULL,0
3,12,11,Overall Quality (QAF),Healthy,increasing,up,94.0%,0.9853,98.53,98.5%,EX - NIC,Division,NULL,0.940,0.850,0.850,1,1,0,2026-02-01,2026-07-11 00:00:00.000,2026-07-11 00:00:00.000,NULL,NULL,0
3,12,11,Overall Quality (QAF),Healthy,increasing,up,94.0%,0.9855,98.55,98.6%,EX - NIC,Division,NULL,0.940,0.850,0.850,1,1,0,2026-03-01,2026-07-11 00:00:00.000,2026-07-11 00:00:00.000,NULL,NULL,0
3,12,11,Overall Quality (QAF),Healthy,increasing,up,94.0%,1,100,100.0%,EX - NIC,Division,NULL,0.940,0.850,0.850,1,1,0,2026-04-01,2026-07-11 00:00:00.000,2026-07-11 00:00:00.000,NULL,NULL,0
3,12,11,Overall Quality (QAF),Healthy,increasing,up,94.0%,1,100,100.0%,EX - NIC,Division,NULL,0.940,0.850,0.850,1,1,0,2026-06-01,2026-07-11 00:00:00.000,2026-07-11 00:00:00.000,NULL,NULL,1
3,12,11,Overall Quality (QAF),Healthy,stable,stable,94.0%,1,100,100.0%,EX - NIC,Division,NULL,0.940,0.850,0.850,1,1,0,2025-08-01,2026-07-11 00:00:00.000,2026-07-11 00:00:00.000,NULL,NULL,0
3,12,11,Overall Quality (QAF),Healthy,stable,stable,94.0%,1,100,100.0%,EX - NIC,Division,NULL,0.940,0.850,0.850,1,1,0,2025-09-01,2026-07-11 00:00:00.000,2026-07-11 00:00:00.000,NULL,NULL,0
3,12,11,Overall Quality (QAF),Healthy,unk,unk,94.0%,1,100,100.0%,EX - NIC,Division,NULL,0.940,0.850,0.850,1,1,0,2025-07-01,2026-07-11 00:00:00.000,2026-07-11 00:00:00.000,NULL,NULL,0
3,12,12,Customer Escapes (QAF),Healthy,decreasing,down,94.0%,0.9825,98.25,98.3%,E - Engineering & Science,Sector,NULL,0.940,0.850,0.850,1,1,0,2025-12-01,2026-07-11 00:00:00.000,2026-07-11 00:00:00.000,NULL,NULL,0
3,12,12,Customer Escapes (QAF),Healthy,decreasing,down,94.0%,0.9899,98.99,99.0%,E - Engineering & Science,Sector,NULL,0.940,0.850,0.850,1,1,0,2025-11-01,2026-07-11 00:00:00.000,2026-07-11 00:00:00.000,NULL,NULL,0
3,12,12,Customer Escapes (QAF),Healthy,decreasing,down,94.0%,0.9931,99.31,99.3%,E - Engineering & Science,Sector,NULL,0.940,0.850,0.850,1,1,0,2025-10-01,2026-07-11 00:00:00.000,2026-07-11 00:00:00.000,NULL,NULL,0
3,12,12,Customer Escapes (QAF),Healthy,decreasing,down,94.0%,0.9968,99.68,99.7%,E - Engineering & Science,Sector,NULL,0.940,0.850,0.850,1,1,0,2026-04-01,2026-07-11 00:00:00.000,2026-07-11 00:00:00.000,NULL,NULL,0
3,12,12,Customer Escapes (QAF),Healthy,increasing,up,94.0%,0.9827,98.27,98.3%,E - Engineering & Science,Sector,NULL,0.940,0.850,0.850,1,1,0,2026-01-01,2026-07-11 00:00:00.000,2026-07-11 00:00:00.000,NULL,NULL,0
3,12,12,Customer Escapes (QAF),Healthy,increasing,up,94.0%,0.9862,98.62,98.6%,E - Engineering & Science,Sector,NULL,0.940,0.850,0.850,1,1,0,2025-08-01,2026-07-11 00:00:00.000,2026-07-11 00:00:00.000,NULL,NULL,0
3,12,12,Customer Escapes (QAF),Healthy,increasing,up,94.0%,0.9932,99.32,99.3%,E - Engineering & Science,Sector,NULL,0.940,0.850,0.850,1,1,0,2025-09-01,2026-07-11 00:00:00.000,2026-07-11 00:00:00.000,NULL,NULL,0
3,12,12,Customer Escapes (QAF),Healthy,increasing,up,94.0%,0.9966,99.66,99.7%,E - Engineering & Science,Sector,NULL,0.940,0.850,0.850,1,1,0,2026-02-01,2026-07-11 00:00:00.000,2026-07-11 00:00:00.000,NULL,NULL,0
3,12,12,Customer Escapes (QAF),Healthy,increasing,up,94.0%,1,100,100.0%,E - Engineering & Science,Sector,NULL,0.940,0.850,0.850,1,1,0,2026-03-01,2026-07-11 00:00:00.000,2026-07-11 00:00:00.000,NULL,NULL,0
3,12,12,Customer Escapes (QAF),Healthy,increasing,up,94.0%,1,100,100.0%,E - Engineering & Science,Sector,NULL,0.940,0.850,0.850,1,1,0,2026-05-01,2026-07-11 00:00:00.000,2026-07-11 00:00:00.000,NULL,NULL,0
3,12,12,Customer Escapes (QAF),Healthy,stable,stable,94.0%,1,100,100.0%,E - Engineering & Science,Sector,NULL,0.940,0.850,0.850,1,1,0,2026-06-01,2026-07-11 00:00:00.000,2026-07-11 00:00:00.000,NULL,NULL,1
3,12,12,Customer Escapes (QAF),Healthy,unk,unk,94.0%,0.9834,98.34,98.3%,E - Engineering & Science,Sector,NULL,0.940,0.850,0.850,1,1,0,2025-07-01,2026-07-11 00:00:00.000,2026-07-11 00:00:00.000,NULL,NULL,0
3,12,12,Customer Escapes (QAF),Healthy,stable,stable,94.0%,1,100,100.0%,EB - AMSD Engr,Division,NULL,0.940,0.850,0.850,1,1,0,2025-08-01,2026-07-11 00:00:00.000,2026-07-11 00:00:00.000,NULL,NULL,0
3,12,12,Customer Escapes (QAF),Healthy,stable,stable,94.0%,1,100,100.0%,EB - AMSD Engr,Division,NULL,0.940,0.850,0.850,1,1,0,2025-09-01,2026-07-11 00:00:00.000,2026-07-11 00:00:00.000,NULL,NULL,0
3,12,12,Customer Escapes (QAF),Healthy,stable,stable,94.0%,1,100,100.0%,EB - AMSD Engr,Division,NULL,0.940,0.850,0.850,1,1,0,2025-10-01,2026-07-11 00:00:00.000,2026-07-11 00:00:00.000,NULL,NULL,0
3,12,12,Customer Escapes (QAF),Healthy,stable,stable,94.0%,1,100,100.0%,EB - AMSD Engr,Division,NULL,0.940,0.850,0.850,1,1,0,2025-11-01,2026-07-11 00:00:00.000,2026-07-11 00:00:00.000,NULL,NULL,0
3,12,12,Customer Escapes (QAF),Healthy,stable,stable,94.0%,1,100,100.0%,EB - AMSD Engr,Division,NULL,0.940,0.850,0.850,1,1,0,2025-12-01,2026-07-11 00:00:00.000,2026-07-11 00:00:00.000,NULL,NULL,0
3,12,12,Customer Escapes (QAF),Healthy,stable,stable,94.0%,1,100,100.0%,EB - AMSD Engr,Division,NULL,0.940,0.850,0.850,1,1,0,2026-01-01,2026-07-11 00:00:00.000,2026-07-11 00:00:00.000,NULL,NULL,0
3,12,12,Customer Escapes (QAF),Healthy,stable,stable,94.0%,1,100,100.0%,EB - AMSD Engr,Division,NULL,0.940,0.850,0.850,1,1,0,2026-02-01,2026-07-11 00:00:00.000,2026-07-11 00:00:00.000,NULL,NULL,0
3,12,12,Customer Escapes (QAF),Healthy,stable,stable,94.0%,1,100,100.0%,EB - AMSD Engr,Division,NULL,0.940,0.850,0.850,1,1,0,2026-03-01,2026-07-11 00:00:00.000,2026-07-11 00:00:00.000,NULL,NULL,0
3,12,12,Customer Escapes (QAF),Healthy,stable,stable,94.0%,1,100,100.0%,EB - AMSD Engr,Division,NULL,0.940,0.850,0.850,1,1,0,2026-04-01,2026-07-11 00:00:00.000,2026-07-11 00:00:00.000,NULL,NULL,0
3,12,12,Customer Escapes (QAF),Healthy,stable,stable,94.0%,1,100,100.0%,EB - AMSD Engr,Division,NULL,0.940,0.850,0.850,1,1,0,2026-05-01,2026-07-11 00:00:00.000,2026-07-11 00:00:00.000,NULL,NULL,0
3,12,12,Customer Escapes (QAF),Healthy,stable,stable,94.0%,1,100,100.0%,EB - AMSD Engr,Division,NULL,0.940,0.850,0.850,1,1,0,2026-06-01,2026-07-11 00:00:00.000,2026-07-11 00:00:00.000,NULL,NULL,1
3,12,12,Customer Escapes (QAF),Healthy,unk,unk,94.0%,1,100,100.0%,EB - AMSD Engr,Division,NULL,0.940,0.850,0.850,1,1,0,2025-07-01,2026-07-11 00:00:00.000,2026-07-11 00:00:00.000,NULL,NULL,0
3,12,12,Customer Escapes (QAF),Healthy,stable,stable,94.0%,1,100,100.0%,EB - BaPS Engr,Division,NULL,0.940,0.850,0.850,1,1,0,2025-08-01,2026-07-11 00:00:00.000,2026-07-11 00:00:00.000,NULL,NULL,0
3,12,12,Customer Escapes (QAF),Healthy,stable,stable,94.0%,1,100,100.0%,EB - BaPS Engr,Division,NULL,0.940,0.850,0.850,1,1,0,2025-09-01,2026-07-11 00:00:00.000,2026-07-11 00:00:00.000,NULL,NULL,0
3,12,12,Customer Escapes (QAF),Healthy,stable,stable,94.0%,1,100,100.0%,EB - BaPS Engr,Division,NULL,0.940,0.850,0.850,1,1,0,2025-10-01,2026-07-11 00:00:00.000,2026-07-11 00:00:00.000,NULL,NULL,0
3,12,12,Customer Escapes (QAF),Healthy,stable,stable,94.0%,1,100,100.0%,EB - BaPS Engr,Division,NULL,0.940,0.850,0.850,1,1,0,2025-11-01,2026-07-11 00:00:00.000,2026-07-11 00:00:00.000,NULL,NULL,0
3,12,12,Customer Escapes (QAF),Healthy,stable,stable,94.0%,1,100,100.0%,EB - BaPS Engr,Division,NULL,0.940,0.850,0.850,1,1,0,2025-12-01,2026-07-11 00:00:00.000,2026-07-11 00:00:00.000,NULL,NULL,0
3,12,12,Customer Escapes (QAF),Healthy,stable,stable,94.0%,1,100,100.0%,EB - BaPS Engr,Division,NULL,0.940,0.850,0.850,1,1,0,2026-01-01,2026-07-11 00:00:00.000,2026-07-11 00:00:00.000,NULL,NULL,0
3,12,12,Customer Escapes (QAF),Healthy,stable,stable,94.0%,1,100,100.0%,EB - BaPS Engr,Division,NULL,0.940,0.850,0.850,1,1,0,2026-02-01,2026-07-11 00:00:00.000,2026-07-11 00:00:00.000,NULL,NULL,0
3,12,12,Customer Escapes (QAF),Healthy,stable,stable,94.0%,1,100,100.0%,EB - BaPS Engr,Division,NULL,0.940,0.850,0.850,1,1,0,2026-03-01,2026-07-11 00:00:00.000,2026-07-11 00:00:00.000,NULL,NULL,0
3,12,12,Customer Escapes (QAF),Healthy,stable,stable,94.0%,1,100,100.0%,EB - BaPS Engr,Division,NULL,0.940,0.850,0.850,1,1,0,2026-04-01,2026-07-11 00:00:00.000,2026-07-11 00:00:00.000,NULL,NULL,0
3,12,12,Customer Escapes (QAF),Healthy,stable,stable,94.0%,1,100,100.0%,EB - BaPS Engr,Division,NULL,0.940,0.850,0.850,1,1,0,2026-05-01,2026-07-11 00:00:00.000,2026-07-11 00:00:00.000,NULL,NULL,0
3,12,12,Customer Escapes (QAF),Healthy,stable,stable,94.0%,1,100,100.0%,EB - BaPS Engr,Division,NULL,0.940,0.850,0.850,1,1,0,2026-06-01,2026-07-11 00:00:00.000,2026-07-11 00:00:00.000,NULL,NULL,1
3,12,12,Customer Escapes (QAF),Healthy,unk,unk,94.0%,1,100,100.0%,EB - BaPS Engr,Division,NULL,0.940,0.850,0.850,1,1,0,2025-07-01,2026-07-11 00:00:00.000,2026-07-11 00:00:00.000,NULL,NULL,0
3,12,12,Customer Escapes (QAF),At-Risk,decreasing,down,94.0%,0.8421,84.21,84.2%,EM - Marine Systems,Division,NULL,0.940,0.850,0.850,1,1,0,2026-01-01,2026-07-11 00:00:00.000,2026-07-11 00:00:00.000,NULL,NULL,0
3,12,12,Customer Escapes (QAF),Healthy,decreasing,down,94.0%,0.9474,94.74,94.7%,EM - Marine Systems,Division,NULL,0.940,0.850,0.850,1,1,0,2025-12-01,2026-07-11 00:00:00.000,2026-07-11 00:00:00.000,NULL,NULL,0
3,12,12,Customer Escapes (QAF),Healthy,increasing,up,94.0%,1,100,100.0%,EM - Marine Systems,Division,NULL,0.940,0.850,0.850,1,1,0,2025-08-01,2026-07-11 00:00:00.000,2026-07-11 00:00:00.000,NULL,NULL,0
3,12,12,Customer Escapes (QAF),Healthy,increasing,up,94.0%,1,100,100.0%,EM - Marine Systems,Division,NULL,0.940,0.850,0.850,1,1,0,2026-02-01,2026-07-11 00:00:00.000,2026-07-11 00:00:00.000,NULL,NULL,0
3,12,12,Customer Escapes (QAF),Healthy,stable,stable,94.0%,1,100,100.0%,EM - Marine Systems,Division,NULL,0.940,0.850,0.850,1,1,0,2025-09-01,2026-07-11 00:00:00.000,2026-07-11 00:00:00.000,NULL,NULL,0
3,12,12,Customer Escapes (QAF),Healthy,stable,stable,94.0%,1,100,100.0%,EM - Marine Systems,Division,NULL,0.940,0.850,0.850,1,1,0,2025-10-01,2026-07-11 00:00:00.000,2026-07-11 00:00:00.000,NULL,NULL,0
3,12,12,Customer Escapes (QAF),Healthy,stable,stable,94.0%,1,100,100.0%,EM - Marine Systems,Division,NULL,0.940,0.850,0.850,1,1,0,2025-11-01,2026-07-11 00:00:00.000,2026-07-11 00:00:00.000,NULL,NULL,0
3,12,12,Customer Escapes (QAF),Healthy,stable,stable,94.0%,1,100,100.0%,EM - Marine Systems,Division,NULL,0.940,0.850,0.850,1,1,0,2026-03-01,2026-07-11 00:00:00.000,2026-07-11 00:00:00.000,NULL,NULL,0
3,12,12,Customer Escapes (QAF),Healthy,stable,stable,94.0%,1,100,100.0%,EM - Marine Systems,Division,NULL,0.940,0.850,0.850,1,1,0,2026-04-01,2026-07-11 00:00:00.000,2026-07-11 00:00:00.000,NULL,NULL,0
3,12,12,Customer Escapes (QAF),Healthy,stable,stable,94.0%,1,100,100.0%,EM - Marine Systems,Division,NULL,0.940,0.850,0.850,1,1,0,2026-05-01,2026-07-11 00:00:00.000,2026-07-11 00:00:00.000,NULL,NULL,0
3,12,12,Customer Escapes (QAF),Healthy,stable,stable,94.0%,1,100,100.0%,EM - Marine Systems,Division,NULL,0.940,0.850,0.850,1,1,0,2026-06-01,2026-07-11 00:00:00.000,2026-07-11 00:00:00.000,NULL,NULL,1
3,12,12,Customer Escapes (QAF),Warning,unk,unk,94.0%,0.8889,88.89,88.9%,EM - Marine Systems,Division,NULL,0.940,0.850,0.850,1,1,0,2025-07-01,2026-07-11 00:00:00.000,2026-07-11 00:00:00.000,NULL,NULL,0
3,12,12,Customer Escapes (QAF),Healthy,decreasing,down,94.0%,0.9746,97.46,97.5%,EN - MSTS,Division,NULL,0.940,0.850,0.850,1,1,0,2025-08-01,2026-07-11 00:00:00.000,2026-07-11 00:00:00.000,NULL,NULL,0
3,12,12,Customer Escapes (QAF),Healthy,decreasing,down,94.0%,0.9912,99.12,99.1%,EN - MSTS,Division,NULL,0.940,0.850,0.850,1,1,0,2025-11-01,2026-07-11 00:00:00.000,2026-07-11 00:00:00.000,NULL,NULL,0
3,12,12,Customer Escapes (QAF),Healthy,decreasing,down,94.0%,0.992,99.2,99.2%,EN - MSTS,Division,NULL,0.940,0.850,0.850,1,1,0,2026-02-01,2026-07-11 00:00:00.000,2026-07-11 00:00:00.000,NULL,NULL,0
3,12,12,Customer Escapes (QAF),Healthy,increasing,up,94.0%,0.9916,99.16,99.2%,EN - MSTS,Division,NULL,0.940,0.850,0.850,1,1,0,2025-09-01,2026-07-11 00:00:00.000,2026-07-11 00:00:00.000,NULL,NULL,0
3,12,12,Customer Escapes (QAF),Healthy,increasing,up,94.0%,1,100,100.0%,EN - MSTS,Division,NULL,0.940,0.850,0.850,1,1,0,2025-10-01,2026-07-11 00:00:00.000,2026-07-11 00:00:00.000,NULL,NULL,0
3,12,12,Customer Escapes (QAF),Healthy,increasing,up,94.0%,1,100,100.0%,EN - MSTS,Division,NULL,0.940,0.850,0.850,1,1,0,2025-12-01,2026-07-11 00:00:00.000,2026-07-11 00:00:00.000,NULL,NULL,0
3,12,12,Customer Escapes (QAF),Healthy,increasing,up,94.0%,1,100,100.0%,EN - MSTS,Division,NULL,0.940,0.850,0.850,1,1,0,2026-03-01,2026-07-11 00:00:00.000,2026-07-11 00:00:00.000,NULL,NULL,0
3,12,12,Customer Escapes (QAF),Healthy,stable,stable,94.0%,1,100,100.0%,EN - MSTS,Division,NULL,0.940,0.850,0.850,1,1,0,2026-01-01,2026-07-11 00:00:00.000,2026-07-11 00:00:00.000,NULL,NULL,0
3,12,12,Customer Escapes (QAF),Healthy,stable,stable,94.0%,1,100,100.0%,EN - MSTS,Division,NULL,0.940,0.850,0.850,1,1,0,2026-04-01,2026-07-11 00:00:00.000,2026-07-11 00:00:00.000,NULL,NULL,0
3,12,12,Customer Escapes (QAF),Healthy,stable,stable,94.0%,1,100,100.0%,EN - MSTS,Division,NULL,0.940,0.850,0.850,1,1,0,2026-05-01,2026-07-11 00:00:00.000,2026-07-11 00:00:00.000,NULL,NULL,0
3,12,12,Customer Escapes (QAF),Healthy,stable,stable,94.0%,1,100,100.0%,EN - MSTS,Division,NULL,0.940,0.850,0.850,1,1,0,2026-06-01,2026-07-11 00:00:00.000,2026-07-11 00:00:00.000,NULL,NULL,1
3,12,12,Customer Escapes (QAF),Healthy,unk,unk,94.0%,0.9825,98.25,98.3%,EN - MSTS,Division,NULL,0.940,0.850,0.850,1,1,0,2025-07-01,2026-07-11 00:00:00.000,2026-07-11 00:00:00.000,NULL,NULL,0
3,12,12,Customer Escapes (QAF),Healthy,stable,stable,94.0%,1,100,100.0%,EV - Mission Next Engineering,Division,NULL,0.940,0.850,0.850,1,1,0,2025-08-01,2026-07-11 00:00:00.000,2026-07-11 00:00:00.000,NULL,NULL,0
3,12,12,Customer Escapes (QAF),Healthy,stable,stable,94.0%,1,100,100.0%,EV - Mission Next Engineering,Division,NULL,0.940,0.850,0.850,1,1,0,2025-09-01,2026-07-11 00:00:00.000,2026-07-11 00:00:00.000,NULL,NULL,0
3,12,12,Customer Escapes (QAF),Healthy,stable,stable,94.0%,1,100,100.0%,EV - Mission Next Engineering,Division,NULL,0.940,0.850,0.850,1,1,0,2025-10-01,2026-07-11 00:00:00.000,2026-07-11 00:00:00.000,NULL,NULL,0
3,12,12,Customer Escapes (QAF),Healthy,stable,stable,94.0%,1,100,100.0%,EV - Mission Next Engineering,Division,NULL,0.940,0.850,0.850,1,1,0,2025-11-01,2026-07-11 00:00:00.000,2026-07-11 00:00:00.000,NULL,NULL,0
3,12,12,Customer Escapes (QAF),Healthy,stable,stable,94.0%,1,100,100.0%,EV - Mission Next Engineering,Division,NULL,0.940,0.850,0.850,1,1,0,2025-12-01,2026-07-11 00:00:00.000,2026-07-11 00:00:00.000,NULL,NULL,0
3,12,12,Customer Escapes (QAF),Healthy,stable,stable,94.0%,1,100,100.0%,EV - Mission Next Engineering,Division,NULL,0.940,0.850,0.850,1,1,0,2026-01-01,2026-07-11 00:00:00.000,2026-07-11 00:00:00.000,NULL,NULL,0
3,12,12,Customer Escapes (QAF),Healthy,stable,stable,94.0%,1,100,100.0%,EV - Mission Next Engineering,Division,NULL,0.940,0.850,0.850,1,1,0,2026-02-01,2026-07-11 00:00:00.000,2026-07-11 00:00:00.000,NULL,NULL,0
3,12,12,Customer Escapes (QAF),Healthy,stable,stable,94.0%,1,100,100.0%,EV - Mission Next Engineering,Division,NULL,0.940,0.850,0.850,1,1,0,2026-03-01,2026-07-11 00:00:00.000,2026-07-11 00:00:00.000,NULL,NULL,0
3,12,12,Customer Escapes (QAF),Healthy,stable,stable,94.0%,1,100,100.0%,EV - Mission Next Engineering,Division,NULL,0.940,0.850,0.850,1,1,0,2026-04-01,2026-07-11 00:00:00.000,2026-07-11 00:00:00.000,NULL,NULL,0
3,12,12,Customer Escapes (QAF),Healthy,stable,stable,94.0%,1,100,100.0%,EV - Mission Next Engineering,Division,NULL,0.940,0.850,0.850,1,1,0,2026-05-01,2026-07-11 00:00:00.000,2026-07-11 00:00:00.000,NULL,NULL,0
3,12,12,Customer Escapes (QAF),Healthy,stable,stable,94.0%,1,100,100.0%,EV - Mission Next Engineering,Division,NULL,0.940,0.850,0.850,1,1,0,2026-06-01,2026-07-11 00:00:00.000,2026-07-11 00:00:00.000,NULL,NULL,1
3,12,12,Customer Escapes (QAF),Healthy,unk,unk,94.0%,1,100,100.0%,EV - Mission Next Engineering,Division,NULL,0.940,0.850,0.850,1,1,0,2025-07-01,2026-07-11 00:00:00.000,2026-07-11 00:00:00.000,NULL,NULL,0
3,12,12,Customer Escapes (QAF),Healthy,decreasing,down,94.0%,0.9412,94.12,94.1%,EX - NIC,Division,NULL,0.940,0.850,0.850,1,1,0,2025-12-01,2026-07-11 00:00:00.000,2026-07-11 00:00:00.000,NULL,NULL,0
3,12,12,Customer Escapes (QAF),Healthy,decreasing,down,94.0%,0.9722,97.22,97.2%,EX - NIC,Division,NULL,0.940,0.850,0.850,1,1,0,2025-11-01,2026-07-11 00:00:00.000,2026-07-11 00:00:00.000,NULL,NULL,0
3,12,12,Customer Escapes (QAF),Healthy,decreasing,down,94.0%,0.9726,97.26,97.3%,EX - NIC,Division,NULL,0.940,0.850,0.850,1,1,0,2025-10-01,2026-07-11 00:00:00.000,2026-07-11 00:00:00.000,NULL,NULL,0
3,12,12,Customer Escapes (QAF),Healthy,decreasing,down,94.0%,0.9851,98.51,98.5%,EX - NIC,Division,NULL,0.940,0.850,0.850,1,1,0,2025-09-01,2026-07-11 00:00:00.000,2026-07-11 00:00:00.000,NULL,NULL,0
3,12,12,Customer Escapes (QAF),Healthy,decreasing,down,94.0%,0.9855,98.55,98.6%,EX - NIC,Division,NULL,0.940,0.850,0.850,1,1,0,2025-08-01,2026-07-11 00:00:00.000,2026-07-11 00:00:00.000,NULL,NULL,0
3,12,12,Customer Escapes (QAF),Healthy,decreasing,down,94.0%,0.9863,98.63,98.6%,EX - NIC,Division,NULL,0.940,0.850,0.850,1,1,0,2026-04-01,2026-07-11 00:00:00.000,2026-07-11 00:00:00.000,NULL,NULL,0
3,12,12,Customer Escapes (QAF),Healthy,increasing,up,94.0%,0.9672,96.72,96.7%,EX - NIC,Division,NULL,0.940,0.850,0.850,1,1,0,2026-01-01,2026-07-11 00:00:00.000,2026-07-11 00:00:00.000,NULL,NULL,0
3,12,12,Customer Escapes (QAF),Healthy,increasing,up,94.0%,1,100,100.0%,EX - NIC,Division,NULL,0.940,0.850,0.850,1,1,0,2026-02-01,2026-07-11 00:00:00.000,2026-07-11 00:00:00.000,NULL,NULL,0
3,12,12,Customer Escapes (QAF),Healthy,increasing,up,94.0%,1,100,100.0%,EX - NIC,Division,NULL,0.940,0.850,0.850,1,1,0,2026-05-01,2026-07-11 00:00:00.000,2026-07-11 00:00:00.000,NULL,NULL,0
3,12,12,Customer Escapes (QAF),Healthy,stable,stable,94.0%,1,100,100.0%,EX - NIC,Division,NULL,0.940,0.850,0.850,1,1,0,2026-03-01,2026-07-11 00:00:00.000,2026-07-11 00:00:00.000,NULL,NULL,0
3,12,12,Customer Escapes (QAF),Healthy,stable,stable,94.0%,1,100,100.0%,EX - NIC,Division,NULL,0.940,0.850,0.850,1,1,0,2026-06-01,2026-07-11 00:00:00.000,2026-07-11 00:00:00.000,NULL,NULL,1
3,12,12,Customer Escapes (QAF),Healthy,unk,unk,94.0%,0.9857,98.57,98.6%,EX - NIC,Division,NULL,0.940,0.850,0.850,1,1,0,2025-07-01,2026-07-11 00:00:00.000,2026-07-11 00:00:00.000,NULL,NULL,0
3,12,13,Delivered Quality (QAF),Healthy,decreasing,down,94.0%,0.9586,95.86,95.9%,E - Engineering & Science,Sector,NULL,0.940,0.850,0.850,1,1,0,2026-01-01,2026-07-11 00:00:00.000,2026-07-11 00:00:00.000,NULL,NULL,0
3,12,13,Delivered Quality (QAF),Healthy,decreasing,down,94.0%,0.9756,97.56,97.6%,E - Engineering & Science,Sector,NULL,0.940,0.850,0.850,1,1,0,2025-12-01,2026-07-11 00:00:00.000,2026-07-11 00:00:00.000,NULL,NULL,0
3,12,13,Delivered Quality (QAF),Healthy,decreasing,down,94.0%,0.9759,97.59,97.6%,E - Engineering & Science,Sector,NULL,0.940,0.850,0.850,1,1,0,2026-06-01,2026-07-11 00:00:00.000,2026-07-11 00:00:00.000,NULL,NULL,1
3,12,13,Delivered Quality (QAF),Healthy,decreasing,down,94.0%,0.983,98.3,98.3%,E - Engineering & Science,Sector,NULL,0.940,0.850,0.850,1,1,0,2025-09-01,2026-07-11 00:00:00.000,2026-07-11 00:00:00.000,NULL,NULL,0
3,12,13,Delivered Quality (QAF),Healthy,decreasing,down,94.0%,0.9832,98.32,98.3%,E - Engineering & Science,Sector,NULL,0.940,0.850,0.850,1,1,0,2025-11-01,2026-07-11 00:00:00.000,2026-07-11 00:00:00.000,NULL,NULL,0
3,12,13,Delivered Quality (QAF),Healthy,decreasing,down,94.0%,0.9862,98.62,98.6%,E - Engineering & Science,Sector,NULL,0.940,0.850,0.850,1,1,0,2025-08-01,2026-07-11 00:00:00.000,2026-07-11 00:00:00.000,NULL,NULL,0
3,12,13,Delivered Quality (QAF),Healthy,increasing,up,94.0%,0.9832,98.32,98.3%,E - Engineering & Science,Sector,NULL,0.940,0.850,0.850,1,1,0,2026-02-01,2026-07-11 00:00:00.000,2026-07-11 00:00:00.000,NULL,NULL,0
3,12,13,Delivered Quality (QAF),Healthy,increasing,up,94.0%,0.9862,98.62,98.6%,E - Engineering & Science,Sector,NULL,0.940,0.850,0.850,1,1,0,2025-10-01,2026-07-11 00:00:00.000,2026-07-11 00:00:00.000,NULL,NULL,0
3,12,13,Delivered Quality (QAF),Healthy,increasing,up,94.0%,0.9869,98.69,98.7%,E - Engineering & Science,Sector,NULL,0.940,0.850,0.850,1,1,0,2026-03-01,2026-07-11 00:00:00.000,2026-07-11 00:00:00.000,NULL,NULL,0
3,12,13,Delivered Quality (QAF),Healthy,increasing,up,94.0%,0.9906,99.06,99.1%,E - Engineering & Science,Sector,NULL,0.940,0.850,0.850,1,1,0,2026-04-01,2026-07-11 00:00:00.000,2026-07-11 00:00:00.000,NULL,NULL,0
3,12,13,Delivered Quality (QAF),Healthy,increasing,up,94.0%,0.9936,99.36,99.4%,E - Engineering & Science,Sector,NULL,0.940,0.850,0.850,1,1,0,2026-05-01,2026-07-11 00:00:00.000,2026-07-11 00:00:00.000,NULL,NULL,0
3,12,13,Delivered Quality (QAF),Healthy,unk,unk,94.0%,0.9868,98.68,98.7%,E - Engineering & Science,Sector,NULL,0.940,0.850,0.850,1,1,0,2025-07-01,2026-07-11 00:00:00.000,2026-07-11 00:00:00.000,NULL,NULL,0
3,12,13,Delivered Quality (QAF),Healthy,decreasing,down,94.0%,0.9474,94.74,94.7%,EB - AMSD Engr,Division,NULL,0.940,0.850,0.850,1,1,0,2026-06-01,2026-07-11 00:00:00.000,2026-07-11 00:00:00.000,NULL,NULL,1
3,12,13,Delivered Quality (QAF),Healthy,increasing,up,94.0%,1,100,100.0%,EB - AMSD Engr,Division,NULL,0.940,0.850,0.850,1,1,0,2025-08-01,2026-07-11 00:00:00.000,2026-07-11 00:00:00.000,NULL,NULL,0
3,12,13,Delivered Quality (QAF),Healthy,stable,stable,94.0%,1,100,100.0%,EB - AMSD Engr,Division,NULL,0.940,0.850,0.850,1,1,0,2025-09-01,2026-07-11 00:00:00.000,2026-07-11 00:00:00.000,NULL,NULL,0
3,12,13,Delivered Quality (QAF),Healthy,stable,stable,94.0%,1,100,100.0%,EB - AMSD Engr,Division,NULL,0.940,0.850,0.850,1,1,0,2025-10-01,2026-07-11 00:00:00.000,2026-07-11 00:00:00.000,NULL,NULL,0
3,12,13,Delivered Quality (QAF),Healthy,stable,stable,94.0%,1,100,100.0%,EB - AMSD Engr,Division,NULL,0.940,0.850,0.850,1,1,0,2025-11-01,2026-07-11 00:00:00.000,2026-07-11 00:00:00.000,NULL,NULL,0
3,12,13,Delivered Quality (QAF),Healthy,stable,stable,94.0%,1,100,100.0%,EB - AMSD Engr,Division,NULL,0.940,0.850,0.850,1,1,0,2025-12-01,2026-07-11 00:00:00.000,2026-07-11 00:00:00.000,NULL,NULL,0
3,12,13,Delivered Quality (QAF),Healthy,stable,stable,94.0%,1,100,100.0%,EB - AMSD Engr,Division,NULL,0.940,0.850,0.850,1,1,0,2026-01-01,2026-07-11 00:00:00.000,2026-07-11 00:00:00.000,NULL,NULL,0
3,12,13,Delivered Quality (QAF),Healthy,stable,stable,94.0%,1,100,100.0%,EB - AMSD Engr,Division,NULL,0.940,0.850,0.850,1,1,0,2026-02-01,2026-07-11 00:00:00.000,2026-07-11 00:00:00.000,NULL,NULL,0
3,12,13,Delivered Quality (QAF),Healthy,stable,stable,94.0%,1,100,100.0%,EB - AMSD Engr,Division,NULL,0.940,0.850,0.850,1,1,0,2026-03-01,2026-07-11 00:00:00.000,2026-07-11 00:00:00.000,NULL,NULL,0
3,12,13,Delivered Quality (QAF),Healthy,stable,stable,94.0%,1,100,100.0%,EB - AMSD Engr,Division,NULL,0.940,0.850,0.850,1,1,0,2026-04-01,2026-07-11 00:00:00.000,2026-07-11 00:00:00.000,NULL,NULL,0
3,12,13,Delivered Quality (QAF),Healthy,stable,stable,94.0%,1,100,100.0%,EB - AMSD Engr,Division,NULL,0.940,0.850,0.850,1,1,0,2026-05-01,2026-07-11 00:00:00.000,2026-07-11 00:00:00.000,NULL,NULL,0
3,12,13,Delivered Quality (QAF),Healthy,unk,unk,94.0%,0.9865,98.65,98.7%,EB - AMSD Engr,Division,NULL,0.940,0.850,0.850,1,1,0,2025-07-01,2026-07-11 00:00:00.000,2026-07-11 00:00:00.000,NULL,NULL,0
3,12,13,Delivered Quality (QAF),Healthy,decreasing,down,94.0%,0.9619,96.19,96.2%,EB - BaPS Engr,Division,NULL,0.940,0.850,0.850,1,1,0,2026-06-01,2026-07-11 00:00:00.000,2026-07-11 00:00:00.000,NULL,NULL,1
3,12,13,Delivered Quality (QAF),Healthy,increasing,up,94.0%,1,100,100.0%,EB - BaPS Engr,Division,NULL,0.940,0.850,0.850,1,1,0,2025-08-01,2026-07-11 00:00:00.000,2026-07-11 00:00:00.000,NULL,NULL,0
3,12,13,Delivered Quality (QAF),Healthy,stable,stable,94.0%,1,100,100.0%,EB - BaPS Engr,Division,NULL,0.940,0.850,0.850,1,1,0,2025-09-01,2026-07-11 00:00:00.000,2026-07-11 00:00:00.000,NULL,NULL,0
3,12,13,Delivered Quality (QAF),Healthy,stable,stable,94.0%,1,100,100.0%,EB - BaPS Engr,Division,NULL,0.940,0.850,0.850,1,1,0,2025-10-01,2026-07-11 00:00:00.000,2026-07-11 00:00:00.000,NULL,NULL,0
3,12,13,Delivered Quality (QAF),Healthy,stable,stable,94.0%,1,100,100.0%,EB - BaPS Engr,Division,NULL,0.940,0.850,0.850,1,1,0,2025-11-01,2026-07-11 00:00:00.000,2026-07-11 00:00:00.000,NULL,NULL,0
3,12,13,Delivered Quality (QAF),Healthy,stable,stable,94.0%,1,100,100.0%,EB - BaPS Engr,Division,NULL,0.940,0.850,0.850,1,1,0,2025-12-01,2026-07-11 00:00:00.000,2026-07-11 00:00:00.000,NULL,NULL,0
3,12,13,Delivered Quality (QAF),Healthy,stable,stable,94.0%,1,100,100.0%,EB - BaPS Engr,Division,NULL,0.940,0.850,0.850,1,1,0,2026-01-01,2026-07-11 00:00:00.000,2026-07-11 00:00:00.000,NULL,NULL,0
3,12,13,Delivered Quality (QAF),Healthy,stable,stable,94.0%,1,100,100.0%,EB - BaPS Engr,Division,NULL,0.940,0.850,0.850,1,1,0,2026-02-01,2026-07-11 00:00:00.000,2026-07-11 00:00:00.000,NULL,NULL,0
3,12,13,Delivered Quality (QAF),Healthy,stable,stable,94.0%,1,100,100.0%,EB - BaPS Engr,Division,NULL,0.940,0.850,0.850,1,1,0,2026-03-01,2026-07-11 00:00:00.000,2026-07-11 00:00:00.000,NULL,NULL,0
3,12,13,Delivered Quality (QAF),Healthy,stable,stable,94.0%,1,100,100.0%,EB - BaPS Engr,Division,NULL,0.940,0.850,0.850,1,1,0,2026-04-01,2026-07-11 00:00:00.000,2026-07-11 00:00:00.000,NULL,NULL,0
3,12,13,Delivered Quality (QAF),Healthy,stable,stable,94.0%,1,100,100.0%,EB - BaPS Engr,Division,NULL,0.940,0.850,0.850,1,1,0,2026-05-01,2026-07-11 00:00:00.000,2026-07-11 00:00:00.000,NULL,NULL,0
3,12,13,Delivered Quality (QAF),Healthy,unk,unk,94.0%,0.99,99,99.0%,EB - BaPS Engr,Division,NULL,0.940,0.850,0.850,1,1,0,2025-07-01,2026-07-11 00:00:00.000,2026-07-11 00:00:00.000,NULL,NULL,0
3,12,13,Delivered Quality (QAF),At-Risk,decreasing,down,94.0%,0.7895,78.95,79.0%,EM - Marine Systems,Division,NULL,0.940,0.850,0.850,1,1,0,2026-01-01,2026-07-11 00:00:00.000,2026-07-11 00:00:00.000,NULL,NULL,0
3,12,13,Delivered Quality (QAF),At-Risk,decreasing,down,94.0%,0.8421,84.21,84.2%,EM - Marine Systems,Division,NULL,0.940,0.850,0.850,1,1,0,2025-12-01,2026-07-11 00:00:00.000,2026-07-11 00:00:00.000,NULL,NULL,0
3,12,13,Delivered Quality (QAF),Healthy,decreasing,down,94.0%,0.9412,94.12,94.1%,EM - Marine Systems,Division,NULL,0.940,0.850,0.850,1,1,0,2026-04-01,2026-07-11 00:00:00.000,2026-07-11 00:00:00.000,NULL,NULL,0
3,12,13,Delivered Quality (QAF),Healthy,increasing,up,94.0%,0.9444,94.44,94.4%,EM - Marine Systems,Division,NULL,0.940,0.850,0.850,1,1,0,2026-05-01,2026-07-11 00:00:00.000,2026-07-11 00:00:00.000,NULL,NULL,0
3,12,13,Delivered Quality (QAF),Healthy,increasing,up,94.0%,1,100,100.0%,EM - Marine Systems,Division,NULL,0.940,0.850,0.850,1,1,0,2025-09-01,2026-07-11 00:00:00.000,2026-07-11 00:00:00.000,NULL,NULL,0
3,12,13,Delivered Quality (QAF),Healthy,increasing,up,94.0%,1,100,100.0%,EM - Marine Systems,Division,NULL,0.940,0.850,0.850,1,1,0,2026-03-01,2026-07-11 00:00:00.000,2026-07-11 00:00:00.000,NULL,NULL,0
3,12,13,Delivered Quality (QAF),Healthy,stable,stable,94.0%,0.9444,94.44,94.4%,EM - Marine Systems,Division,NULL,0.940,0.850,0.850,1,1,0,2026-06-01,2026-07-11 00:00:00.000,2026-07-11 00:00:00.000,NULL,NULL,1
3,12,13,Delivered Quality (QAF),Healthy,unk,unk,94.0%,0.9444,94.44,94.4%,EM - Marine Systems,Division,NULL,0.940,0.850,0.850,1,1,0,2025-07-01,2026-07-11 00:00:00.000,2026-07-11 00:00:00.000,NULL,NULL,0
3,12,13,Delivered Quality (QAF),Warning,decreasing,down,94.0%,0.8824,88.24,88.2%,EM - Marine Systems,Division,NULL,0.940,0.850,0.850,1,1,0,2025-11-01,2026-07-11 00:00:00.000,2026-07-11 00:00:00.000,NULL,NULL,0
3,12,13,Delivered Quality (QAF),Warning,decreasing,down,94.0%,0.9375,93.75,93.8%,EM - Marine Systems,Division,NULL,0.940,0.850,0.850,1,1,0,2025-08-01,2026-07-11 00:00:00.000,2026-07-11 00:00:00.000,NULL,NULL,0
3,12,13,Delivered Quality (QAF),Warning,decreasing,down,94.0%,0.9375,93.75,93.8%,EM - Marine Systems,Division,NULL,0.940,0.850,0.850,1,1,0,2025-10-01,2026-07-11 00:00:00.000,2026-07-11 00:00:00.000,NULL,NULL,0
3,12,13,Delivered Quality (QAF),Warning,increasing,up,94.0%,0.9231,92.31,92.3%,EM - Marine Systems,Division,NULL,0.940,0.850,0.850,1,1,0,2026-02-01,2026-07-11 00:00:00.000,2026-07-11 00:00:00.000,NULL,NULL,0
3,12,13,Delivered Quality (QAF),Healthy,decreasing,down,94.0%,0.9492,94.92,94.9%,EN - MSTS,Division,NULL,0.940,0.850,0.850,1,1,0,2026-01-01,2026-07-11 00:00:00.000,2026-07-11 00:00:00.000,NULL,NULL,0
3,12,13,Delivered Quality (QAF),Healthy,decreasing,down,94.0%,0.958,95.8,95.8%,EN - MSTS,Division,NULL,0.940,0.850,0.850,1,1,0,2025-09-01,2026-07-11 00:00:00.000,2026-07-11 00:00:00.000,NULL,NULL,0
3,12,13,Delivered Quality (QAF),Healthy,decreasing,down,94.0%,0.9636,96.36,96.4%,EN - MSTS,Division,NULL,0.940,0.850,0.850,1,1,0,2025-12-01,2026-07-11 00:00:00.000,2026-07-11 00:00:00.000,NULL,NULL,0
3,12,13,Delivered Quality (QAF),Healthy,decreasing,down,94.0%,0.9692,96.92,96.9%,EN - MSTS,Division,NULL,0.940,0.850,0.850,1,1,0,2026-03-01,2026-07-11 00:00:00.000,2026-07-11 00:00:00.000,NULL,NULL,0
3,12,13,Delivered Quality (QAF),Healthy,decreasing,down,94.0%,0.9746,97.46,97.5%,EN - MSTS,Division,NULL,0.940,0.850,0.850,1,1,0,2025-08-01,2026-07-11 00:00:00.000,2026-07-11 00:00:00.000,NULL,NULL,0
3,12,13,Delivered Quality (QAF),Healthy,decreasing,down,94.0%,0.9848,98.48,98.5%,EN - MSTS,Division,NULL,0.940,0.850,0.850,1,1,0,2026-06-01,2026-07-11 00:00:00.000,2026-07-11 00:00:00.000,NULL,NULL,1
3,12,13,Delivered Quality (QAF),Healthy,increasing,up,94.0%,0.9722,97.22,97.2%,EN - MSTS,Division,NULL,0.940,0.850,0.850,1,1,0,2025-10-01,2026-07-11 00:00:00.000,2026-07-11 00:00:00.000,NULL,NULL,0
3,12,13,Delivered Quality (QAF),Healthy,increasing,up,94.0%,0.9735,97.35,97.4%,EN - MSTS,Division,NULL,0.940,0.850,0.850,1,1,0,2025-11-01,2026-07-11 00:00:00.000,2026-07-11 00:00:00.000,NULL,NULL,0
3,12,13,Delivered Quality (QAF),Healthy,increasing,up,94.0%,0.976,97.6,97.6%,EN - MSTS,Division,NULL,0.940,0.850,0.850,1,1,0,2026-02-01,2026-07-11 00:00:00.000,2026-07-11 00:00:00.000,NULL,NULL,0
3,12,13,Delivered Quality (QAF),Healthy,increasing,up,94.0%,0.9848,98.48,98.5%,EN - MSTS,Division,NULL,0.940,0.850,0.850,1,1,0,2026-04-01,2026-07-11 00:00:00.000,2026-07-11 00:00:00.000,NULL,NULL,0
3,12,13,Delivered Quality (QAF),Healthy,increasing,up,94.0%,0.9924,99.24,99.2%,EN - MSTS,Division,NULL,0.940,0.850,0.850,1,1,0,2026-05-01,2026-07-11 00:00:00.000,2026-07-11 00:00:00.000,NULL,NULL,0
3,12,13,Delivered Quality (QAF),Healthy,unk,unk,94.0%,0.9825,98.25,98.3%,EN - MSTS,Division,NULL,0.940,0.850,0.850,1,1,0,2025-07-01,2026-07-11 00:00:00.000,2026-07-11 00:00:00.000,NULL,NULL,0
3,12,13,Delivered Quality (QAF),Healthy,stable,stable,94.0%,1,100,100.0%,EV - Mission Next Engineering,Division,NULL,0.940,0.850,0.850,1,1,0,2025-08-01,2026-07-11 00:00:00.000,2026-07-11 00:00:00.000,NULL,NULL,0
3,12,13,Delivered Quality (QAF),Healthy,stable,stable,94.0%,1,100,100.0%,EV - Mission Next Engineering,Division,NULL,0.940,0.850,0.850,1,1,0,2025-09-01,2026-07-11 00:00:00.000,2026-07-11 00:00:00.000,NULL,NULL,0
3,12,13,Delivered Quality (QAF),Healthy,stable,stable,94.0%,1,100,100.0%,EV - Mission Next Engineering,Division,NULL,0.940,0.850,0.850,1,1,0,2025-10-01,2026-07-11 00:00:00.000,2026-07-11 00:00:00.000,NULL,NULL,0
3,12,13,Delivered Quality (QAF),Healthy,stable,stable,94.0%,1,100,100.0%,EV - Mission Next Engineering,Division,NULL,0.940,0.850,0.850,1,1,0,2025-11-01,2026-07-11 00:00:00.000,2026-07-11 00:00:00.000,NULL,NULL,0
3,12,13,Delivered Quality (QAF),Healthy,stable,stable,94.0%,1,100,100.0%,EV - Mission Next Engineering,Division,NULL,0.940,0.850,0.850,1,1,0,2025-12-01,2026-07-11 00:00:00.000,2026-07-11 00:00:00.000,NULL,NULL,0
3,12,13,Delivered Quality (QAF),Healthy,stable,stable,94.0%,1,100,100.0%,EV - Mission Next Engineering,Division,NULL,0.940,0.850,0.850,1,1,0,2026-01-01,2026-07-11 00:00:00.000,2026-07-11 00:00:00.000,NULL,NULL,0
3,12,13,Delivered Quality (QAF),Healthy,stable,stable,94.0%,1,100,100.0%,EV - Mission Next Engineering,Division,NULL,0.940,0.850,0.850,1,1,0,2026-02-01,2026-07-11 00:00:00.000,2026-07-11 00:00:00.000,NULL,NULL,0
3,12,13,Delivered Quality (QAF),Healthy,stable,stable,94.0%,1,100,100.0%,EV - Mission Next Engineering,Division,NULL,0.940,0.850,0.850,1,1,0,2026-03-01,2026-07-11 00:00:00.000,2026-07-11 00:00:00.000,NULL,NULL,0
3,12,13,Delivered Quality (QAF),Healthy,stable,stable,94.0%,1,100,100.0%,EV - Mission Next Engineering,Division,NULL,0.940,0.850,0.850,1,1,0,2026-04-01,2026-07-11 00:00:00.000,2026-07-11 00:00:00.000,NULL,NULL,0
3,12,13,Delivered Quality (QAF),Healthy,stable,stable,94.0%,1,100,100.0%,EV - Mission Next Engineering,Division,NULL,0.940,0.850,0.850,1,1,0,2026-05-01,2026-07-11 00:00:00.000,2026-07-11 00:00:00.000,NULL,NULL,0
3,12,13,Delivered Quality (QAF),Healthy,stable,stable,94.0%,1,100,100.0%,EV - Mission Next Engineering,Division,NULL,0.940,0.850,0.850,1,1,0,2026-06-01,2026-07-11 00:00:00.000,2026-07-11 00:00:00.000,NULL,NULL,1
3,12,13,Delivered Quality (QAF),Healthy,unk,unk,94.0%,1,100,100.0%,EV - Mission Next Engineering,Division,NULL,0.940,0.850,0.850,1,1,0,2025-07-01,2026-07-11 00:00:00.000,2026-07-11 00:00:00.000,NULL,NULL,0
3,12,13,Delivered Quality (QAF),Healthy,decreasing,down,94.0%,0.9672,96.72,96.7%,EX - NIC,Division,NULL,0.940,0.850,0.850,1,1,0,2026-01-01,2026-07-11 00:00:00.000,2026-07-11 00:00:00.000,NULL,NULL,0
3,12,13,Delivered Quality (QAF),Healthy,decreasing,down,94.0%,0.987,98.7,98.7%,EX - NIC,Division,NULL,0.940,0.850,0.850,1,1,0,2026-06-01,2026-07-11 00:00:00.000,2026-07-11 00:00:00.000,NULL,NULL,1
3,12,13,Delivered Quality (QAF),Healthy,increasing,up,94.0%,0.9848,98.48,98.5%,EX - NIC,Division,NULL,0.940,0.850,0.850,1,1,0,2026-02-01,2026-07-11 00:00:00.000,2026-07-11 00:00:00.000,NULL,NULL,0
3,12,13,Delivered Quality (QAF),Healthy,increasing,up,94.0%,1,100,100.0%,EX - NIC,Division,NULL,0.940,0.850,0.850,1,1,0,2026-03-01,2026-07-11 00:00:00.000,2026-07-11 00:00:00.000,NULL,NULL,0
3,12,13,Delivered Quality (QAF),Healthy,stable,stable,94.0%,1,100,100.0%,EX - NIC,Division,NULL,0.940,0.850,0.850,1,1,0,2025-08-01,2026-07-11 00:00:00.000,2026-07-11 00:00:00.000,NULL,NULL,0
3,12,13,Delivered Quality (QAF),Healthy,stable,stable,94.0%,1,100,100.0%,EX - NIC,Division,NULL,0.940,0.850,0.850,1,1,0,2025-09-01,2026-07-11 00:00:00.000,2026-07-11 00:00:00.000,NULL,NULL,0
3,12,13,Delivered Quality (QAF),Healthy,stable,stable,94.0%,1,100,100.0%,EX - NIC,Division,NULL,0.940,0.850,0.850,1,1,0,2025-10-01,2026-07-11 00:00:00.000,2026-07-11 00:00:00.000,NULL,NULL,0
3,12,13,Delivered Quality (QAF),Healthy,stable,stable,94.0%,1,100,100.0%,EX - NIC,Division,NULL,0.940,0.850,0.850,1,1,0,2025-11-01,2026-07-11 00:00:00.000,2026-07-11 00:00:00.000,NULL,NULL,0
3,12,13,Delivered Quality (QAF),Healthy,stable,stable,94.0%,1,100,100.0%,EX - NIC,Division,NULL,0.940,0.850,0.850,1,1,0,2025-12-01,2026-07-11 00:00:00.000,2026-07-11 00:00:00.000,NULL,NULL,0
3,12,13,Delivered Quality (QAF),Healthy,stable,stable,94.0%,1,100,100.0%,EX - NIC,Division,NULL,0.940,0.850,0.850,1,1,0,2026-04-01,2026-07-11 00:00:00.000,2026-07-11 00:00:00.000,NULL,NULL,0
3,12,13,Delivered Quality (QAF),Healthy,stable,stable,94.0%,1,100,100.0%,EX - NIC,Division,NULL,0.940,0.850,0.850,1,1,0,2026-05-01,2026-07-11 00:00:00.000,2026-07-11 00:00:00.000,NULL,NULL,0
3,12,13,Delivered Quality (QAF),Healthy,unk,unk,94.0%,1,100,100.0%,EX - NIC,Division,NULL,0.940,0.850,0.850,1,1,0,2025-07-01,2026-07-11 00:00:00.000,2026-07-11 00:00:00.000,NULL,NULL,0
3,12,14,In-Process Quality (QAF),Healthy,decreasing,down,94.0%,0.9444,94.44,94.4%,E - Engineering & Science,Sector,NULL,0.940,0.850,0.850,1,1,0,2025-12-01,2026-07-11 00:00:00.000,2026-07-11 00:00:00.000,NULL,NULL,0
3,12,14,In-Process Quality (QAF),Healthy,decreasing,down,94.0%,0.9593,95.93,95.9%,E - Engineering & Science,Sector,NULL,0.940,0.850,0.850,1,1,0,2026-04-01,2026-07-11 00:00:00.000,2026-07-11 00:00:00.000,NULL,NULL,0
3,12,14,In-Process Quality (QAF),Healthy,decreasing,down,94.0%,0.961,96.1,96.1%,E - Engineering & Science,Sector,NULL,0.940,0.850,0.850,1,1,0,2025-10-01,2026-07-11 00:00:00.000,2026-07-11 00:00:00.000,NULL,NULL,0
3,12,14,In-Process Quality (QAF),Healthy,decreasing,down,94.0%,0.9637,96.37,96.4%,E - Engineering & Science,Sector,NULL,0.940,0.850,0.850,1,1,0,2026-06-01,2026-07-11 00:00:00.000,2026-07-11 00:00:00.000,NULL,NULL,1
3,12,14,In-Process Quality (QAF),Healthy,decreasing,down,94.0%,0.965,96.5,96.5%,E - Engineering & Science,Sector,NULL,0.940,0.850,0.850,1,1,0,2025-09-01,2026-07-11 00:00:00.000,2026-07-11 00:00:00.000,NULL,NULL,0
3,12,14,In-Process Quality (QAF),Healthy,increasing,up,94.0%,0.9563,95.63,95.6%,E - Engineering & Science,Sector,NULL,0.940,0.850,0.850,1,1,0,2026-02-01,2026-07-11 00:00:00.000,2026-07-11 00:00:00.000,NULL,NULL,0
3,12,14,In-Process Quality (QAF),Healthy,increasing,up,94.0%,0.9623,96.23,96.2%,E - Engineering & Science,Sector,NULL,0.940,0.850,0.850,1,1,0,2025-11-01,2026-07-11 00:00:00.000,2026-07-11 00:00:00.000,NULL,NULL,0
3,12,14,In-Process Quality (QAF),Healthy,increasing,up,94.0%,0.9726,97.26,97.3%,E - Engineering & Science,Sector,NULL,0.940,0.850,0.850,1,1,0,2026-03-01,2026-07-11 00:00:00.000,2026-07-11 00:00:00.000,NULL,NULL,0
3,12,14,In-Process Quality (QAF),Healthy,increasing,up,94.0%,0.979,97.9,97.9%,E - Engineering & Science,Sector,NULL,0.940,0.850,0.850,1,1,0,2026-05-01,2026-07-11 00:00:00.000,2026-07-11 00:00:00.000,NULL,NULL,0
3,12,14,In-Process Quality (QAF),Healthy,increasing,up,94.0%,0.9871,98.71,98.7%,E - Engineering & Science,Sector,NULL,0.940,0.850,0.850,1,1,0,2025-08-01,2026-07-11 00:00:00.000,2026-07-11 00:00:00.000,NULL,NULL,0
3,12,14,In-Process Quality (QAF),Healthy,unk,unk,94.0%,0.9752,97.52,97.5%,E - Engineering & Science,Sector,NULL,0.940,0.850,0.850,1,1,0,2025-07-01,2026-07-11 00:00:00.000,2026-07-11 00:00:00.000,NULL,NULL,0
3,12,14,In-Process Quality (QAF),Warning,decreasing,down,94.0%,0.9393,93.93,93.9%,E - Engineering & Science,Sector,NULL,0.940,0.850,0.850,1,1,0,2026-01-01,2026-07-11 00:00:00.000,2026-07-11 00:00:00.000,NULL,NULL,0
3,12,14,In-Process Quality (QAF),Healthy,decreasing,down,94.0%,0.9429,94.29,94.3%,EB - AMSD Engr,Division,NULL,0.940,0.850,0.850,1,1,0,2025-08-01,2026-07-11 00:00:00.000,2026-07-11 00:00:00.000,NULL,NULL,0
3,12,14,In-Process Quality (QAF),Healthy,decreasing,down,94.0%,0.9474,94.74,94.7%,EB - AMSD Engr,Division,NULL,0.940,0.850,0.850,1,1,0,2025-12-01,2026-07-11 00:00:00.000,2026-07-11 00:00:00.000,NULL,NULL,0
3,12,14,In-Process Quality (QAF),Healthy,increasing,up,94.0%,0.9459,94.59,94.6%,EB - AMSD Engr,Division,NULL,0.940,0.850,0.850,1,1,0,2025-10-01,2026-07-11 00:00:00.000,2026-07-11 00:00:00.000,NULL,NULL,0
3,12,14,In-Process Quality (QAF),Healthy,increasing,up,94.0%,0.95,95,95.0%,EB - AMSD Engr,Division,NULL,0.940,0.850,0.850,1,1,0,2025-11-01,2026-07-11 00:00:00.000,2026-07-11 00:00:00.000,NULL,NULL,0
3,12,14,In-Process Quality (QAF),Healthy,increasing,up,94.0%,0.9625,96.25,96.3%,EB - AMSD Engr,Division,NULL,0.940,0.850,0.850,1,1,0,2026-02-01,2026-07-11 00:00:00.000,2026-07-11 00:00:00.000,NULL,NULL,0
3,12,14,In-Process Quality (QAF),Healthy,increasing,up,94.0%,0.9643,96.43,96.4%,EB - AMSD Engr,Division,NULL,0.940,0.850,0.850,1,1,0,2026-05-01,2026-07-11 00:00:00.000,2026-07-11 00:00:00.000,NULL,NULL,0
3,12,14,In-Process Quality (QAF),Healthy,unk,unk,94.0%,0.9518,95.18,95.2%,EB - AMSD Engr,Division,NULL,0.940,0.850,0.850,1,1,0,2025-07-01,2026-07-11 00:00:00.000,2026-07-11 00:00:00.000,NULL,NULL,0
3,12,14,In-Process Quality (QAF),Warning,decreasing,down,94.0%,0.8961,89.61,89.6%,EB - AMSD Engr,Division,NULL,0.940,0.850,0.850,1,1,0,2026-01-01,2026-07-11 00:00:00.000,2026-07-11 00:00:00.000,NULL,NULL,0
3,12,14,In-Process Quality (QAF),Warning,decreasing,down,94.0%,0.9286,92.86,92.9%,EB - AMSD Engr,Division,NULL,0.940,0.850,0.850,1,1,0,2026-06-01,2026-07-11 00:00:00.000,2026-07-11 00:00:00.000,NULL,NULL,1
3,12,14,In-Process Quality (QAF),Warning,decreasing,down,94.0%,0.9333,93.33,93.3%,EB - AMSD Engr,Division,NULL,0.940,0.850,0.850,1,1,0,2025-09-01,2026-07-11 00:00:00.000,2026-07-11 00:00:00.000,NULL,NULL,0
3,12,14,In-Process Quality (QAF),Warning,decreasing,down,94.0%,0.9398,93.98,94.0%,EB - AMSD Engr,Division,NULL,0.940,0.850,0.850,1,1,0,2026-03-01,2026-07-11 00:00:00.000,2026-07-11 00:00:00.000,NULL,NULL,0
3,12,14,In-Process Quality (QAF),Warning,stable,stable,94.0%,0.9398,93.98,94.0%,EB - AMSD Engr,Division,NULL,0.940,0.850,0.850,1,1,0,2026-04-01,2026-07-11 00:00:00.000,2026-07-11 00:00:00.000,NULL,NULL,0
3,12,14,In-Process Quality (QAF),Healthy,decreasing,down,94.0%,0.9412,94.12,94.1%,EB - BaPS Engr,Division,NULL,0.940,0.850,0.850,1,1,0,2026-06-01,2026-07-11 00:00:00.000,2026-07-11 00:00:00.000,NULL,NULL,1
3,12,14,In-Process Quality (QAF),Healthy,decreasing,down,94.0%,0.9515,95.15,95.2%,EB - BaPS Engr,Division,NULL,0.940,0.850,0.850,1,1,0,2025-09-01,2026-07-11 00:00:00.000,2026-07-11 00:00:00.000,NULL,NULL,0
3,12,14,In-Process Quality (QAF),Healthy,decreasing,down,94.0%,0.9524,95.24,95.2%,EB - BaPS Engr,Division,NULL,0.940,0.850,0.850,1,1,0,2026-03-01,2026-07-11 00:00:00.000,2026-07-11 00:00:00.000,NULL,NULL,0
3,12,14,In-Process Quality (QAF),Healthy,decreasing,down,94.0%,0.9592,95.92,95.9%,EB - BaPS Engr,Division,NULL,0.940,0.850,0.850,1,1,0,2025-08-01,2026-07-11 00:00:00.000,2026-07-11 00:00:00.000,NULL,NULL,0
3,12,14,In-Process Quality (QAF),Healthy,decreasing,down,94.0%,0.9604,96.04,96.0%,EB - BaPS Engr,Division,NULL,0.940,0.850,0.850,1,1,0,2025-12-01,2026-07-11 00:00:00.000,2026-07-11 00:00:00.000,NULL,NULL,0
3,12,14,In-Process Quality (QAF),Healthy,increasing,up,94.0%,0.955,95.5,95.5%,EB - BaPS Engr,Division,NULL,0.940,0.850,0.850,1,1,0,2026-04-01,2026-07-11 00:00:00.000,2026-07-11 00:00:00.000,NULL,NULL,0
3,12,14,In-Process Quality (QAF),Healthy,increasing,up,94.0%,0.9608,96.08,96.1%,EB - BaPS Engr,Division,NULL,0.940,0.850,0.850,1,1,0,2025-10-01,2026-07-11 00:00:00.000,2026-07-11 00:00:00.000,NULL,NULL,0
3,12,14,In-Process Quality (QAF),Healthy,increasing,up,94.0%,0.963,96.3,96.3%,EB - BaPS Engr,Division,NULL,0.940,0.850,0.850,1,1,0,2025-11-01,2026-07-11 00:00:00.000,2026-07-11 00:00:00.000,NULL,NULL,0
3,12,14,In-Process Quality (QAF),Healthy,increasing,up,94.0%,0.963,96.3,96.3%,EB - BaPS Engr,Division,NULL,0.940,0.850,0.850,1,1,0,2026-05-01,2026-07-11 00:00:00.000,2026-07-11 00:00:00.000,NULL,NULL,0
3,12,14,In-Process Quality (QAF),Healthy,increasing,up,94.0%,0.9717,97.17,97.2%,EB - BaPS Engr,Division,NULL,0.940,0.850,0.850,1,1,0,2026-02-01,2026-07-11 00:00:00.000,2026-07-11 00:00:00.000,NULL,NULL,0
3,12,14,In-Process Quality (QAF),Healthy,unk,unk,94.0%,0.9643,96.43,96.4%,EB - BaPS Engr,Division,NULL,0.940,0.850,0.850,1,1,0,2025-07-01,2026-07-11 00:00:00.000,2026-07-11 00:00:00.000,NULL,NULL,0
3,12,14,In-Process Quality (QAF),Warning,decreasing,down,94.0%,0.9245,92.45,92.5%,EB - BaPS Engr,Division,NULL,0.940,0.850,0.850,1,1,0,2026-01-01,2026-07-11 00:00:00.000,2026-07-11 00:00:00.000,NULL,NULL,0
3,12,14,In-Process Quality (QAF),At-Risk,decreasing,down,94.0%,0.75,75,75.0%,EM - Marine Systems,Division,NULL,0.940,0.850,0.850,1,1,0,2025-12-01,2026-07-11 00:00:00.000,2026-07-11 00:00:00.000,NULL,NULL,0
3,12,14,In-Process Quality (QAF),At-Risk,decreasing,down,94.0%,0.8,80,80.0%,EM - Marine Systems,Division,NULL,0.940,0.850,0.850,1,1,0,2026-02-01,2026-07-11 00:00:00.000,2026-07-11 00:00:00.000,NULL,NULL,0
3,12,14,In-Process Quality (QAF),At-Risk,decreasing,down,94.0%,0.8333,83.33,83.3%,EM - Marine Systems,Division,NULL,0.940,0.850,0.850,1,1,0,2025-10-01,2026-07-11 00:00:00.000,2026-07-11 00:00:00.000,NULL,NULL,0
3,12,14,In-Process Quality (QAF),At-Risk,increasing,up,94.0%,0.8095,80.95,81.0%,EM - Marine Systems,Division,NULL,0.940,0.850,0.850,1,1,0,2026-01-01,2026-07-11 00:00:00.000,2026-07-11 00:00:00.000,NULL,NULL,0
3,12,14,In-Process Quality (QAF),At-Risk,stable,stable,94.0%,0.8333,83.33,83.3%,EM - Marine Systems,Division,NULL,0.940,0.850,0.850,1,1,0,2025-11-01,2026-07-11 00:00:00.000,2026-07-11 00:00:00.000,NULL,NULL,0
3,12,14,In-Process Quality (QAF),Healthy,decreasing,down,94.0%,0.9444,94.44,94.4%,EM - Marine Systems,Division,NULL,0.940,0.850,0.850,1,1,0,2025-09-01,2026-07-11 00:00:00.000,2026-07-11 00:00:00.000,NULL,NULL,0
3,12,14,In-Process Quality (QAF),Healthy,increasing,up,94.0%,1,100,100.0%,EM - Marine Systems,Division,NULL,0.940,0.850,0.850,1,1,0,2026-03-01,2026-07-11 00:00:00.000,2026-07-11 00:00:00.000,NULL,NULL,0
3,12,14,In-Process Quality (QAF),Healthy,stable,stable,94.0%,1,100,100.0%,EM - Marine Systems,Division,NULL,0.940,0.850,0.850,1,1,0,2025-08-01,2026-07-11 00:00:00.000,2026-07-11 00:00:00.000,NULL,NULL,0
3,12,14,In-Process Quality (QAF),Healthy,unk,unk,94.0%,1,100,100.0%,EM - Marine Systems,Division,NULL,0.940,0.850,0.850,1,1,0,2025-07-01,2026-07-11 00:00:00.000,2026-07-11 00:00:00.000,NULL,NULL,0
3,12,14,In-Process Quality (QAF),Warning,decreasing,down,94.0%,0.8889,88.89,88.9%,EM - Marine Systems,Division,NULL,0.940,0.850,0.850,1,1,0,2026-04-01,2026-07-11 00:00:00.000,2026-07-11 00:00:00.000,NULL,NULL,0
3,12,14,In-Process Quality (QAF),Warning,increasing,up,94.0%,0.9,90,90.0%,EM - Marine Systems,Division,NULL,0.940,0.850,0.850,1,1,0,2026-05-01,2026-07-11 00:00:00.000,2026-07-11 00:00:00.000,NULL,NULL,0
3,12,14,In-Process Quality (QAF),Warning,stable,stable,94.0%,0.9,90,90.0%,EM - Marine Systems,Division,NULL,0.940,0.850,0.850,1,1,0,2026-06-01,2026-07-11 00:00:00.000,2026-07-11 00:00:00.000,NULL,NULL,1
3,12,14,In-Process Quality (QAF),Healthy,decreasing,down,94.0%,0.9466,94.66,94.7%,EN - MSTS,Division,NULL,0.940,0.850,0.850,1,1,0,2026-02-01,2026-07-11 00:00:00.000,2026-07-11 00:00:00.000,NULL,NULL,0
3,12,14,In-Process Quality (QAF),Healthy,decreasing,down,94.0%,0.9565,95.65,95.7%,EN - MSTS,Division,NULL,0.940,0.850,0.850,1,1,0,2026-04-01,2026-07-11 00:00:00.000,2026-07-11 00:00:00.000,NULL,NULL,0
3,12,14,In-Process Quality (QAF),Healthy,decreasing,down,94.0%,0.9597,95.97,96.0%,EN - MSTS,Division,NULL,0.940,0.850,0.850,1,1,0,2025-09-01,2026-07-11 00:00:00.000,2026-07-11 00:00:00.000,NULL,NULL,0
3,12,14,In-Process Quality (QAF),Healthy,decreasing,down,94.0%,0.9783,97.83,97.8%,EN - MSTS,Division,NULL,0.940,0.850,0.850,1,1,0,2026-06-01,2026-07-11 00:00:00.000,2026-07-11 00:00:00.000,NULL,NULL,1
3,12,14,In-Process Quality (QAF),Healthy,increasing,up,94.0%,0.9516,95.16,95.2%,EN - MSTS,Division,NULL,0.940,0.850,0.850,1,1,0,2026-01-01,2026-07-11 00:00:00.000,2026-07-11 00:00:00.000,NULL,NULL,0
3,12,14,In-Process Quality (QAF),Healthy,increasing,up,94.0%,0.9646,96.46,96.5%,EN - MSTS,Division,NULL,0.940,0.850,0.850,1,1,0,2025-10-01,2026-07-11 00:00:00.000,2026-07-11 00:00:00.000,NULL,NULL,0
3,12,14,In-Process Quality (QAF),Healthy,increasing,up,94.0%,0.9661,96.61,96.6%,EN - MSTS,Division,NULL,0.940,0.850,0.850,1,1,0,2025-11-01,2026-07-11 00:00:00.000,2026-07-11 00:00:00.000,NULL,NULL,0
3,12,14,In-Process Quality (QAF),Healthy,increasing,up,94.0%,0.9706,97.06,97.1%,EN - MSTS,Division,NULL,0.940,0.850,0.850,1,1,0,2026-03-01,2026-07-11 00:00:00.000,2026-07-11 00:00:00.000,NULL,NULL,0
3,12,14,In-Process Quality (QAF),Healthy,increasing,up,94.0%,0.9928,99.28,99.3%,EN - MSTS,Division,NULL,0.940,0.850,0.850,1,1,0,2026-05-01,2026-07-11 00:00:00.000,2026-07-11 00:00:00.000,NULL,NULL,0
3,12,14,In-Process Quality (QAF),Healthy,increasing,up,94.0%,1,100,100.0%,EN - MSTS,Division,NULL,0.940,0.850,0.850,1,1,0,2025-08-01,2026-07-11 00:00:00.000,2026-07-11 00:00:00.000,NULL,NULL,0
3,12,14,In-Process Quality (QAF),Healthy,unk,unk,94.0%,0.9667,96.67,96.7%,EN - MSTS,Division,NULL,0.940,0.850,0.850,1,1,0,2025-07-01,2026-07-11 00:00:00.000,2026-07-11 00:00:00.000,NULL,NULL,0
3,12,14,In-Process Quality (QAF),Warning,decreasing,down,94.0%,0.9391,93.91,93.9%,EN - MSTS,Division,NULL,0.940,0.850,0.850,1,1,0,2025-12-01,2026-07-11 00:00:00.000,2026-07-11 00:00:00.000,NULL,NULL,0
3,12,14,In-Process Quality (QAF),Healthy,decreasing,down,94.0%,0.9583,95.83,95.8%,EV - Mission Next Engineering,Division,NULL,0.940,0.850,0.850,1,1,0,2026-05-01,2026-07-11 00:00:00.000,2026-07-11 00:00:00.000,NULL,NULL,0
3,12,14,In-Process Quality (QAF),Healthy,increasing,up,94.0%,0.9714,97.14,97.1%,EV - Mission Next Engineering,Division,NULL,0.940,0.850,0.850,1,1,0,2026-06-01,2026-07-11 00:00:00.000,2026-07-11 00:00:00.000,NULL,NULL,1
3,12,14,In-Process Quality (QAF),Healthy,stable,stable,94.0%,1,100,100.0%,EV - Mission Next Engineering,Division,NULL,0.940,0.850,0.850,1,1,0,2025-08-01,2026-07-11 00:00:00.000,2026-07-11 00:00:00.000,NULL,NULL,0
3,12,14,In-Process Quality (QAF),Healthy,stable,stable,94.0%,1,100,100.0%,EV - Mission Next Engineering,Division,NULL,0.940,0.850,0.850,1,1,0,2025-09-01,2026-07-11 00:00:00.000,2026-07-11 00:00:00.000,NULL,NULL,0
3,12,14,In-Process Quality (QAF),Healthy,stable,stable,94.0%,1,100,100.0%,EV - Mission Next Engineering,Division,NULL,0.940,0.850,0.850,1,1,0,2025-10-01,2026-07-11 00:00:00.000,2026-07-11 00:00:00.000,NULL,NULL,0
3,12,14,In-Process Quality (QAF),Healthy,stable,stable,94.0%,1,100,100.0%,EV - Mission Next Engineering,Division,NULL,0.940,0.850,0.850,1,1,0,2025-11-01,2026-07-11 00:00:00.000,2026-07-11 00:00:00.000,NULL,NULL,0
3,12,14,In-Process Quality (QAF),Healthy,stable,stable,94.0%,1,100,100.0%,EV - Mission Next Engineering,Division,NULL,0.940,0.850,0.850,1,1,0,2025-12-01,2026-07-11 00:00:00.000,2026-07-11 00:00:00.000,NULL,NULL,0
3,12,14,In-Process Quality (QAF),Healthy,stable,stable,94.0%,1,100,100.0%,EV - Mission Next Engineering,Division,NULL,0.940,0.850,0.850,1,1,0,2026-01-01,2026-07-11 00:00:00.000,2026-07-11 00:00:00.000,NULL,NULL,0
3,12,14,In-Process Quality (QAF),Healthy,stable,stable,94.0%,1,100,100.0%,EV - Mission Next Engineering,Division,NULL,0.940,0.850,0.850,1,1,0,2026-02-01,2026-07-11 00:00:00.000,2026-07-11 00:00:00.000,NULL,NULL,0
3,12,14,In-Process Quality (QAF),Healthy,stable,stable,94.0%,1,100,100.0%,EV - Mission Next Engineering,Division,NULL,0.940,0.850,0.850,1,1,0,2026-03-01,2026-07-11 00:00:00.000,2026-07-11 00:00:00.000,NULL,NULL,0
3,12,14,In-Process Quality (QAF),Healthy,stable,stable,94.0%,1,100,100.0%,EV - Mission Next Engineering,Division,NULL,0.940,0.850,0.850,1,1,0,2026-04-01,2026-07-11 00:00:00.000,2026-07-11 00:00:00.000,NULL,NULL,0
3,12,14,In-Process Quality (QAF),Healthy,unk,unk,94.0%,1,100,100.0%,EV - Mission Next Engineering,Division,NULL,0.940,0.850,0.850,1,1,0,2025-07-01,2026-07-11 00:00:00.000,2026-07-11 00:00:00.000,NULL,NULL,0
3,12,14,In-Process Quality (QAF),Healthy,decreasing,down,94.0%,0.9839,98.39,98.4%,EX - NIC,Division,NULL,0.940,0.850,0.850,1,1,0,2026-01-01,2026-07-11 00:00:00.000,2026-07-11 00:00:00.000,NULL,NULL,0
3,12,14,In-Process Quality (QAF),Healthy,decreasing,down,94.0%,0.9857,98.57,98.6%,EX - NIC,Division,NULL,0.940,0.850,0.850,1,1,0,2025-12-01,2026-07-11 00:00:00.000,2026-07-11 00:00:00.000,NULL,NULL,0
3,12,14,In-Process Quality (QAF),Healthy,decreasing,down,94.0%,0.9865,98.65,98.7%,EX - NIC,Division,NULL,0.940,0.850,0.850,1,1,0,2025-11-01,2026-07-11 00:00:00.000,2026-07-11 00:00:00.000,NULL,NULL,0
3,12,14,In-Process Quality (QAF),Healthy,decreasing,down,94.0%,0.9867,98.67,98.7%,EX - NIC,Division,NULL,0.940,0.850,0.850,1,1,0,2025-10-01,2026-07-11 00:00:00.000,2026-07-11 00:00:00.000,NULL,NULL,0
3,12,14,In-Process Quality (QAF),Healthy,decreasing,down,94.0%,0.987,98.7,98.7%,EX - NIC,Division,NULL,0.940,0.850,0.850,1,1,0,2026-04-01,2026-07-11 00:00:00.000,2026-07-11 00:00:00.000,NULL,NULL,0
3,12,14,In-Process Quality (QAF),Healthy,decreasing,down,94.0%,0.9877,98.77,98.8%,EX - NIC,Division,NULL,0.940,0.850,0.850,1,1,0,2026-06-01,2026-07-11 00:00:00.000,2026-07-11 00:00:00.000,NULL,NULL,1
3,12,14,In-Process Quality (QAF),Healthy,increasing,up,94.0%,0.9853,98.53,98.5%,EX - NIC,Division,NULL,0.940,0.850,0.850,1,1,0,2026-02-01,2026-07-11 00:00:00.000,2026-07-11 00:00:00.000,NULL,NULL,0
3,12,14,In-Process Quality (QAF),Healthy,increasing,up,94.0%,1,100,100.0%,EX - NIC,Division,NULL,0.940,0.850,0.850,1,1,0,2026-03-01,2026-07-11 00:00:00.000,2026-07-11 00:00:00.000,NULL,NULL,0
3,12,14,In-Process Quality (QAF),Healthy,increasing,up,94.0%,1,100,100.0%,EX - NIC,Division,NULL,0.940,0.850,0.850,1,1,0,2026-05-01,2026-07-11 00:00:00.000,2026-07-11 00:00:00.000,NULL,NULL,0
3,12,14,In-Process Quality (QAF),Healthy,stable,stable,94.0%,1,100,100.0%,EX - NIC,Division,NULL,0.940,0.850,0.850,1,1,0,2025-08-01,2026-07-11 00:00:00.000,2026-07-11 00:00:00.000,NULL,NULL,0
3,12,14,In-Process Quality (QAF),Healthy,stable,stable,94.0%,1,100,100.0%,EX - NIC,Division,NULL,0.940,0.850,0.850,1,1,0,2025-09-01,2026-07-11 00:00:00.000,2026-07-11 00:00:00.000,NULL,NULL,0
3,12,14,In-Process Quality (QAF),Healthy,unk,unk,94.0%,1,100,100.0%,EX - NIC,Division,NULL,0.940,0.850,0.850,1,1,0,2025-07-01,2026-07-11 00:00:00.000,2026-07-11 00:00:00.000,NULL,NULL,0
3,12,15,Significant-Defect Free (QAF),Healthy,decreasing,down,94.0%,0.979,97.9,97.9%,E - Engineering & Science,Sector,NULL,0.940,0.850,0.850,1,1,0,2025-12-01,2026-07-11 00:00:00.000,2026-07-11 00:00:00.000,NULL,NULL,0
3,12,15,Significant-Defect Free (QAF),Healthy,decreasing,down,94.0%,0.9798,97.98,98.0%,E - Engineering & Science,Sector,NULL,0.940,0.850,0.850,1,1,0,2025-11-01,2026-07-11 00:00:00.000,2026-07-11 00:00:00.000,NULL,NULL,0
3,12,15,Significant-Defect Free (QAF),Healthy,decreasing,down,94.0%,0.9826,98.26,98.3%,E - Engineering & Science,Sector,NULL,0.940,0.850,0.850,1,1,0,2025-10-01,2026-07-11 00:00:00.000,2026-07-11 00:00:00.000,NULL,NULL,0
3,12,15,Significant-Defect Free (QAF),Healthy,decreasing,down,94.0%,0.9937,99.37,99.4%,E - Engineering & Science,Sector,NULL,0.940,0.850,0.850,1,1,0,2026-04-01,2026-07-11 00:00:00.000,2026-07-11 00:00:00.000,NULL,NULL,0
3,12,15,Significant-Defect Free (QAF),Healthy,increasing,up,94.0%,0.9792,97.92,97.9%,E - Engineering & Science,Sector,NULL,0.940,0.850,0.850,1,1,0,2026-01-01,2026-07-11 00:00:00.000,2026-07-11 00:00:00.000,NULL,NULL,0
3,12,15,Significant-Defect Free (QAF),Healthy,increasing,up,94.0%,0.9793,97.93,97.9%,E - Engineering & Science,Sector,NULL,0.940,0.850,0.850,1,1,0,2025-08-01,2026-07-11 00:00:00.000,2026-07-11 00:00:00.000,NULL,NULL,0
3,12,15,Significant-Defect Free (QAF),Healthy,increasing,up,94.0%,0.983,98.3,98.3%,E - Engineering & Science,Sector,NULL,0.940,0.850,0.850,1,1,0,2025-09-01,2026-07-11 00:00:00.000,2026-07-11 00:00:00.000,NULL,NULL,0
3,12,15,Significant-Defect Free (QAF),Healthy,increasing,up,94.0%,0.9966,99.66,99.7%,E - Engineering & Science,Sector,NULL,0.940,0.850,0.850,1,1,0,2026-02-01,2026-07-11 00:00:00.000,2026-07-11 00:00:00.000,NULL,NULL,0
3,12,15,Significant-Defect Free (QAF),Healthy,increasing,up,94.0%,1,100,100.0%,E - Engineering & Science,Sector,NULL,0.940,0.850,0.850,1,1,0,2026-03-01,2026-07-11 00:00:00.000,2026-07-11 00:00:00.000,NULL,NULL,0
3,12,15,Significant-Defect Free (QAF),Healthy,increasing,up,94.0%,1,100,100.0%,E - Engineering & Science,Sector,NULL,0.940,0.850,0.850,1,1,0,2026-05-01,2026-07-11 00:00:00.000,2026-07-11 00:00:00.000,NULL,NULL,0
3,12,15,Significant-Defect Free (QAF),Healthy,stable,stable,94.0%,1,100,100.0%,E - Engineering & Science,Sector,NULL,0.940,0.850,0.850,1,1,0,2026-06-01,2026-07-11 00:00:00.000,2026-07-11 00:00:00.000,NULL,NULL,1
3,12,15,Significant-Defect Free (QAF),Healthy,unk,unk,94.0%,0.9702,97.02,97.0%,E - Engineering & Science,Sector,NULL,0.940,0.850,0.850,1,1,0,2025-07-01,2026-07-11 00:00:00.000,2026-07-11 00:00:00.000,NULL,NULL,0
3,12,15,Significant-Defect Free (QAF),Healthy,decreasing,down,94.0%,0.9677,96.77,96.8%,EB - AMSD Engr,Division,NULL,0.940,0.850,0.850,1,1,0,2025-08-01,2026-07-11 00:00:00.000,2026-07-11 00:00:00.000,NULL,NULL,0
3,12,15,Significant-Defect Free (QAF),Healthy,decreasing,down,94.0%,0.9853,98.53,98.5%,EB - AMSD Engr,Division,NULL,0.940,0.850,0.850,1,1,0,2025-12-01,2026-07-11 00:00:00.000,2026-07-11 00:00:00.000,NULL,NULL,0
3,12,15,Significant-Defect Free (QAF),Healthy,decreasing,down,94.0%,0.9865,98.65,98.7%,EB - AMSD Engr,Division,NULL,0.940,0.850,0.850,1,1,0,2026-04-01,2026-07-11 00:00:00.000,2026-07-11 00:00:00.000,NULL,NULL,0
3,12,15,Significant-Defect Free (QAF),Healthy,increasing,up,94.0%,0.9701,97.01,97.0%,EB - AMSD Engr,Division,NULL,0.940,0.850,0.850,1,1,0,2025-09-01,2026-07-11 00:00:00.000,2026-07-11 00:00:00.000,NULL,NULL,0
3,12,15,Significant-Defect Free (QAF),Healthy,increasing,up,94.0%,0.9859,98.59,98.6%,EB - AMSD Engr,Division,NULL,0.940,0.850,0.850,1,1,0,2025-11-01,2026-07-11 00:00:00.000,2026-07-11 00:00:00.000,NULL,NULL,0
3,12,15,Significant-Defect Free (QAF),Healthy,increasing,up,94.0%,1,100,100.0%,EB - AMSD Engr,Division,NULL,0.940,0.850,0.850,1,1,0,2026-01-01,2026-07-11 00:00:00.000,2026-07-11 00:00:00.000,NULL,NULL,0
3,12,15,Significant-Defect Free (QAF),Healthy,increasing,up,94.0%,1,100,100.0%,EB - AMSD Engr,Division,NULL,0.940,0.850,0.850,1,1,0,2026-05-01,2026-07-11 00:00:00.000,2026-07-11 00:00:00.000,NULL,NULL,0
3,12,15,Significant-Defect Free (QAF),Healthy,stable,stable,94.0%,0.9701,97.01,97.0%,EB - AMSD Engr,Division,NULL,0.940,0.850,0.850,1,1,0,2025-10-01,2026-07-11 00:00:00.000,2026-07-11 00:00:00.000,NULL,NULL,0
3,12,15,Significant-Defect Free (QAF),Healthy,stable,stable,94.0%,1,100,100.0%,EB - AMSD Engr,Division,NULL,0.940,0.850,0.850,1,1,0,2026-02-01,2026-07-11 00:00:00.000,2026-07-11 00:00:00.000,NULL,NULL,0
3,12,15,Significant-Defect Free (QAF),Healthy,stable,stable,94.0%,1,100,100.0%,EB - AMSD Engr,Division,NULL,0.940,0.850,0.850,1,1,0,2026-03-01,2026-07-11 00:00:00.000,2026-07-11 00:00:00.000,NULL,NULL,0
3,12,15,Significant-Defect Free (QAF),Healthy,stable,stable,94.0%,1,100,100.0%,EB - AMSD Engr,Division,NULL,0.940,0.850,0.850,1,1,0,2026-06-01,2026-07-11 00:00:00.000,2026-07-11 00:00:00.000,NULL,NULL,1
3,12,15,Significant-Defect Free (QAF),Healthy,unk,unk,94.0%,0.973,97.3,97.3%,EB - AMSD Engr,Division,NULL,0.940,0.850,0.850,1,1,0,2025-07-01,2026-07-11 00:00:00.000,2026-07-11 00:00:00.000,NULL,NULL,0
3,12,15,Significant-Defect Free (QAF),Healthy,decreasing,down,94.0%,0.977,97.7,97.7%,EB - BaPS Engr,Division,NULL,0.940,0.850,0.850,1,1,0,2025-08-01,2026-07-11 00:00:00.000,2026-07-11 00:00:00.000,NULL,NULL,0
3,12,15,Significant-Defect Free (QAF),Healthy,decreasing,down,94.0%,0.978,97.8,97.8%,EB - BaPS Engr,Division,NULL,0.940,0.850,0.850,1,1,0,2025-10-01,2026-07-11 00:00:00.000,2026-07-11 00:00:00.000,NULL,NULL,0
3,12,15,Significant-Defect Free (QAF),Healthy,decreasing,down,94.0%,0.9888,98.88,98.9%,EB - BaPS Engr,Division,NULL,0.940,0.850,0.850,1,1,0,2025-12-01,2026-07-11 00:00:00.000,2026-07-11 00:00:00.000,NULL,NULL,0
3,12,15,Significant-Defect Free (QAF),Healthy,decreasing,down,94.0%,0.9895,98.95,99.0%,EB - BaPS Engr,Division,NULL,0.940,0.850,0.850,1,1,0,2026-04-01,2026-07-11 00:00:00.000,2026-07-11 00:00:00.000,NULL,NULL,0
3,12,15,Significant-Defect Free (QAF),Healthy,increasing,up,94.0%,0.9783,97.83,97.8%,EB - BaPS Engr,Division,NULL,0.940,0.850,0.850,1,1,0,2025-09-01,2026-07-11 00:00:00.000,2026-07-11 00:00:00.000,NULL,NULL,0
3,12,15,Significant-Defect Free (QAF),Healthy,increasing,up,94.0%,0.9895,98.95,99.0%,EB - BaPS Engr,Division,NULL,0.940,0.850,0.850,1,1,0,2025-11-01,2026-07-11 00:00:00.000,2026-07-11 00:00:00.000,NULL,NULL,0
3,12,15,Significant-Defect Free (QAF),Healthy,increasing,up,94.0%,1,100,100.0%,EB - BaPS Engr,Division,NULL,0.940,0.850,0.850,1,1,0,2026-01-01,2026-07-11 00:00:00.000,2026-07-11 00:00:00.000,NULL,NULL,0
3,12,15,Significant-Defect Free (QAF),Healthy,increasing,up,94.0%,1,100,100.0%,EB - BaPS Engr,Division,NULL,0.940,0.850,0.850,1,1,0,2026-05-01,2026-07-11 00:00:00.000,2026-07-11 00:00:00.000,NULL,NULL,0
3,12,15,Significant-Defect Free (QAF),Healthy,stable,stable,94.0%,1,100,100.0%,EB - BaPS Engr,Division,NULL,0.940,0.850,0.850,1,1,0,2026-02-01,2026-07-11 00:00:00.000,2026-07-11 00:00:00.000,NULL,NULL,0
3,12,15,Significant-Defect Free (QAF),Healthy,stable,stable,94.0%,1,100,100.0%,EB - BaPS Engr,Division,NULL,0.940,0.850,0.850,1,1,0,2026-03-01,2026-07-11 00:00:00.000,2026-07-11 00:00:00.000,NULL,NULL,0
3,12,15,Significant-Defect Free (QAF),Healthy,stable,stable,94.0%,1,100,100.0%,EB - BaPS Engr,Division,NULL,0.940,0.850,0.850,1,1,0,2026-06-01,2026-07-11 00:00:00.000,2026-07-11 00:00:00.000,NULL,NULL,1
3,12,15,Significant-Defect Free (QAF),Healthy,unk,unk,94.0%,0.98,98,98.0%,EB - BaPS Engr,Division,NULL,0.940,0.850,0.850,1,1,0,2025-07-01,2026-07-11 00:00:00.000,2026-07-11 00:00:00.000,NULL,NULL,0
3,12,15,Significant-Defect Free (QAF),At-Risk,decreasing,down,94.0%,0.8421,84.21,84.2%,EM - Marine Systems,Division,NULL,0.940,0.850,0.850,1,1,0,2026-01-01,2026-07-11 00:00:00.000,2026-07-11 00:00:00.000,NULL,NULL,0
3,12,15,Significant-Defect Free (QAF),Healthy,decreasing,down,94.0%,0.9474,94.74,94.7%,EM - Marine Systems,Division,NULL,0.940,0.850,0.850,1,1,0,2025-12-01,2026-07-11 00:00:00.000,2026-07-11 00:00:00.000,NULL,NULL,0
3,12,15,Significant-Defect Free (QAF),Healthy,increasing,up,94.0%,1,100,100.0%,EM - Marine Systems,Division,NULL,0.940,0.850,0.850,1,1,0,2025-08-01,2026-07-11 00:00:00.000,2026-07-11 00:00:00.000,NULL,NULL,0
3,12,15,Significant-Defect Free (QAF),Healthy,increasing,up,94.0%,1,100,100.0%,EM - Marine Systems,Division,NULL,0.940,0.850,0.850,1,1,0,2026-02-01,2026-07-11 00:00:00.000,2026-07-11 00:00:00.000,NULL,NULL,0
3,12,15,Significant-Defect Free (QAF),Healthy,stable,stable,94.0%,1,100,100.0%,EM - Marine Systems,Division,NULL,0.940,0.850,0.850,1,1,0,2025-09-01,2026-07-11 00:00:00.000,2026-07-11 00:00:00.000,NULL,NULL,0
3,12,15,Significant-Defect Free (QAF),Healthy,stable,stable,94.0%,1,100,100.0%,EM - Marine Systems,Division,NULL,0.940,0.850,0.850,1,1,0,2025-10-01,2026-07-11 00:00:00.000,2026-07-11 00:00:00.000,NULL,NULL,0
3,12,15,Significant-Defect Free (QAF),Healthy,stable,stable,94.0%,1,100,100.0%,EM - Marine Systems,Division,NULL,0.940,0.850,0.850,1,1,0,2025-11-01,2026-07-11 00:00:00.000,2026-07-11 00:00:00.000,NULL,NULL,0
3,12,15,Significant-Defect Free (QAF),Healthy,stable,stable,94.0%,1,100,100.0%,EM - Marine Systems,Division,NULL,0.940,0.850,0.850,1,1,0,2026-03-01,2026-07-11 00:00:00.000,2026-07-11 00:00:00.000,NULL,NULL,0
3,12,15,Significant-Defect Free (QAF),Healthy,stable,stable,94.0%,1,100,100.0%,EM - Marine Systems,Division,NULL,0.940,0.850,0.850,1,1,0,2026-04-01,2026-07-11 00:00:00.000,2026-07-11 00:00:00.000,NULL,NULL,0
3,12,15,Significant-Defect Free (QAF),Healthy,stable,stable,94.0%,1,100,100.0%,EM - Marine Systems,Division,NULL,0.940,0.850,0.850,1,1,0,2026-05-01,2026-07-11 00:00:00.000,2026-07-11 00:00:00.000,NULL,NULL,0
3,12,15,Significant-Defect Free (QAF),Healthy,stable,stable,94.0%,1,100,100.0%,EM - Marine Systems,Division,NULL,0.940,0.850,0.850,1,1,0,2026-06-01,2026-07-11 00:00:00.000,2026-07-11 00:00:00.000,NULL,NULL,1
3,12,15,Significant-Defect Free (QAF),Warning,unk,unk,94.0%,0.8889,88.89,88.9%,EM - Marine Systems,Division,NULL,0.940,0.850,0.850,1,1,0,2025-07-01,2026-07-11 00:00:00.000,2026-07-11 00:00:00.000,NULL,NULL,0
3,12,15,Significant-Defect Free (QAF),Healthy,decreasing,down,94.0%,0.9746,97.46,97.5%,EN - MSTS,Division,NULL,0.940,0.850,0.850,1,1,0,2025-08-01,2026-07-11 00:00:00.000,2026-07-11 00:00:00.000,NULL,NULL,0
3,12,15,Significant-Defect Free (QAF),Healthy,decreasing,down,94.0%,0.9907,99.07,99.1%,EN - MSTS,Division,NULL,0.940,0.850,0.850,1,1,0,2025-10-01,2026-07-11 00:00:00.000,2026-07-11 00:00:00.000,NULL,NULL,0
3,12,15,Significant-Defect Free (QAF),Healthy,decreasing,down,94.0%,0.9915,99.15,99.2%,EN - MSTS,Division,NULL,0.940,0.850,0.850,1,1,0,2026-01-01,2026-07-11 00:00:00.000,2026-07-11 00:00:00.000,NULL,NULL,0
3,12,15,Significant-Defect Free (QAF),Healthy,increasing,up,94.0%,0.9912,99.12,99.1%,EN - MSTS,Division,NULL,0.940,0.850,0.850,1,1,0,2025-11-01,2026-07-11 00:00:00.000,2026-07-11 00:00:00.000,NULL,NULL,0
3,12,15,Significant-Defect Free (QAF),Healthy,increasing,up,94.0%,0.9916,99.16,99.2%,EN - MSTS,Division,NULL,0.940,0.850,0.850,1,1,0,2025-09-01,2026-07-11 00:00:00.000,2026-07-11 00:00:00.000,NULL,NULL,0
3,12,15,Significant-Defect Free (QAF),Healthy,increasing,up,94.0%,0.992,99.2,99.2%,EN - MSTS,Division,NULL,0.940,0.850,0.850,1,1,0,2026-02-01,2026-07-11 00:00:00.000,2026-07-11 00:00:00.000,NULL,NULL,0
3,12,15,Significant-Defect Free (QAF),Healthy,increasing,up,94.0%,1,100,100.0%,EN - MSTS,Division,NULL,0.940,0.850,0.850,1,1,0,2025-12-01,2026-07-11 00:00:00.000,2026-07-11 00:00:00.000,NULL,NULL,0
3,12,15,Significant-Defect Free (QAF),Healthy,increasing,up,94.0%,1,100,100.0%,EN - MSTS,Division,NULL,0.940,0.850,0.850,1,1,0,2026-03-01,2026-07-11 00:00:00.000,2026-07-11 00:00:00.000,NULL,NULL,0
3,12,15,Significant-Defect Free (QAF),Healthy,stable,stable,94.0%,1,100,100.0%,EN - MSTS,Division,NULL,0.940,0.850,0.850,1,1,0,2026-04-01,2026-07-11 00:00:00.000,2026-07-11 00:00:00.000,NULL,NULL,0
3,12,15,Significant-Defect Free (QAF),Healthy,stable,stable,94.0%,1,100,100.0%,EN - MSTS,Division,NULL,0.940,0.850,0.850,1,1,0,2026-05-01,2026-07-11 00:00:00.000,2026-07-11 00:00:00.000,NULL,NULL,0
3,12,15,Significant-Defect Free (QAF),Healthy,stable,stable,94.0%,1,100,100.0%,EN - MSTS,Division,NULL,0.940,0.850,0.850,1,1,0,2026-06-01,2026-07-11 00:00:00.000,2026-07-11 00:00:00.000,NULL,NULL,1
3,12,15,Significant-Defect Free (QAF),Healthy,unk,unk,94.0%,0.9825,98.25,98.3%,EN - MSTS,Division,NULL,0.940,0.850,0.850,1,1,0,2025-07-01,2026-07-11 00:00:00.000,2026-07-11 00:00:00.000,NULL,NULL,0
3,12,15,Significant-Defect Free (QAF),Healthy,stable,stable,94.0%,1,100,100.0%,EV - Mission Next Engineering,Division,NULL,0.940,0.850,0.850,1,1,0,2025-08-01,2026-07-11 00:00:00.000,2026-07-11 00:00:00.000,NULL,NULL,0
3,12,15,Significant-Defect Free (QAF),Healthy,stable,stable,94.0%,1,100,100.0%,EV - Mission Next Engineering,Division,NULL,0.940,0.850,0.850,1,1,0,2025-09-01,2026-07-11 00:00:00.000,2026-07-11 00:00:00.000,NULL,NULL,0
3,12,15,Significant-Defect Free (QAF),Healthy,stable,stable,94.0%,1,100,100.0%,EV - Mission Next Engineering,Division,NULL,0.940,0.850,0.850,1,1,0,2025-10-01,2026-07-11 00:00:00.000,2026-07-11 00:00:00.000,NULL,NULL,0
3,12,15,Significant-Defect Free (QAF),Healthy,stable,stable,94.0%,1,100,100.0%,EV - Mission Next Engineering,Division,NULL,0.940,0.850,0.850,1,1,0,2025-11-01,2026-07-11 00:00:00.000,2026-07-11 00:00:00.000,NULL,NULL,0
3,12,15,Significant-Defect Free (QAF),Healthy,stable,stable,94.0%,1,100,100.0%,EV - Mission Next Engineering,Division,NULL,0.940,0.850,0.850,1,1,0,2025-12-01,2026-07-11 00:00:00.000,2026-07-11 00:00:00.000,NULL,NULL,0
3,12,15,Significant-Defect Free (QAF),Healthy,stable,stable,94.0%,1,100,100.0%,EV - Mission Next Engineering,Division,NULL,0.940,0.850,0.850,1,1,0,2026-01-01,2026-07-11 00:00:00.000,2026-07-11 00:00:00.000,NULL,NULL,0
3,12,15,Significant-Defect Free (QAF),Healthy,stable,stable,94.0%,1,100,100.0%,EV - Mission Next Engineering,Division,NULL,0.940,0.850,0.850,1,1,0,2026-02-01,2026-07-11 00:00:00.000,2026-07-11 00:00:00.000,NULL,NULL,0
3,12,15,Significant-Defect Free (QAF),Healthy,stable,stable,94.0%,1,100,100.0%,EV - Mission Next Engineering,Division,NULL,0.940,0.850,0.850,1,1,0,2026-03-01,2026-07-11 00:00:00.000,2026-07-11 00:00:00.000,NULL,NULL,0
3,12,15,Significant-Defect Free (QAF),Healthy,stable,stable,94.0%,1,100,100.0%,EV - Mission Next Engineering,Division,NULL,0.940,0.850,0.850,1,1,0,2026-04-01,2026-07-11 00:00:00.000,2026-07-11 00:00:00.000,NULL,NULL,0
3,12,15,Significant-Defect Free (QAF),Healthy,stable,stable,94.0%,1,100,100.0%,EV - Mission Next Engineering,Division,NULL,0.940,0.850,0.850,1,1,0,2026-05-01,2026-07-11 00:00:00.000,2026-07-11 00:00:00.000,NULL,NULL,0
3,12,15,Significant-Defect Free (QAF),Healthy,stable,stable,94.0%,1,100,100.0%,EV - Mission Next Engineering,Division,NULL,0.940,0.850,0.850,1,1,0,2026-06-01,2026-07-11 00:00:00.000,2026-07-11 00:00:00.000,NULL,NULL,1
3,12,15,Significant-Defect Free (QAF),Healthy,unk,unk,94.0%,1,100,100.0%,EV - Mission Next Engineering,Division,NULL,0.940,0.850,0.850,1,1,0,2025-07-01,2026-07-11 00:00:00.000,2026-07-11 00:00:00.000,NULL,NULL,0
3,12,15,Significant-Defect Free (QAF),Healthy,decreasing,down,94.0%,0.9412,94.12,94.1%,EX - NIC,Division,NULL,0.940,0.850,0.850,1,1,0,2025-12-01,2026-07-11 00:00:00.000,2026-07-11 00:00:00.000,NULL,NULL,0
3,12,15,Significant-Defect Free (QAF),Healthy,decreasing,down,94.0%,0.9444,94.44,94.4%,EX - NIC,Division,NULL,0.940,0.850,0.850,1,1,0,2025-11-01,2026-07-11 00:00:00.000,2026-07-11 00:00:00.000,NULL,NULL,0
3,12,15,Significant-Defect Free (QAF),Healthy,decreasing,down,94.0%,0.9701,97.01,97.0%,EX - NIC,Division,NULL,0.940,0.850,0.850,1,1,0,2025-09-01,2026-07-11 00:00:00.000,2026-07-11 00:00:00.000,NULL,NULL,0
3,12,15,Significant-Defect Free (QAF),Healthy,decreasing,down,94.0%,0.9863,98.63,98.6%,EX - NIC,Division,NULL,0.940,0.850,0.850,1,1,0,2026-04-01,2026-07-11 00:00:00.000,2026-07-11 00:00:00.000,NULL,NULL,0
3,12,15,Significant-Defect Free (QAF),Healthy,increasing,up,94.0%,0.9672,96.72,96.7%,EX - NIC,Division,NULL,0.940,0.850,0.850,1,1,0,2026-01-01,2026-07-11 00:00:00.000,2026-07-11 00:00:00.000,NULL,NULL,0
3,12,15,Significant-Defect Free (QAF),Healthy,increasing,up,94.0%,0.9726,97.26,97.3%,EX - NIC,Division,NULL,0.940,0.850,0.850,1,1,0,2025-10-01,2026-07-11 00:00:00.000,2026-07-11 00:00:00.000,NULL,NULL,0
3,12,15,Significant-Defect Free (QAF),Healthy,increasing,up,94.0%,0.9855,98.55,98.6%,EX - NIC,Division,NULL,0.940,0.850,0.850,1,1,0,2025-08-01,2026-07-11 00:00:00.000,2026-07-11 00:00:00.000,NULL,NULL,0
3,12,15,Significant-Defect Free (QAF),Healthy,increasing,up,94.0%,1,100,100.0%,EX - NIC,Division,NULL,0.940,0.850,0.850,1,1,0,2026-02-01,2026-07-11 00:00:00.000,2026-07-11 00:00:00.000,NULL,NULL,0
3,12,15,Significant-Defect Free (QAF),Healthy,increasing,up,94.0%,1,100,100.0%,EX - NIC,Division,NULL,0.940,0.850,0.850,1,1,0,2026-05-01,2026-07-11 00:00:00.000,2026-07-11 00:00:00.000,NULL,NULL,0
3,12,15,Significant-Defect Free (QAF),Healthy,stable,stable,94.0%,1,100,100.0%,EX - NIC,Division,NULL,0.940,0.850,0.850,1,1,0,2026-03-01,2026-07-11 00:00:00.000,2026-07-11 00:00:00.000,NULL,NULL,0
3,12,15,Significant-Defect Free (QAF),Healthy,stable,stable,94.0%,1,100,100.0%,EX - NIC,Division,NULL,0.940,0.850,0.850,1,1,0,2026-06-01,2026-07-11 00:00:00.000,2026-07-11 00:00:00.000,NULL,NULL,1
3,12,15,Significant-Defect Free (QAF),Healthy,unk,unk,94.0%,0.9571,95.71,95.7%,EX - NIC,Division,NULL,0.940,0.850,0.850,1,1,0,2025-07-01,2026-07-11 00:00:00.000,2026-07-11 00:00:00.000,NULL,NULL,0
3,12,16,Supplier Quality (QAF),Healthy,decreasing,down,94.0%,0.9593,95.93,95.9%,E - Engineering & Science,Sector,NULL,0.940,0.850,0.850,1,1,0,2025-09-01,2026-07-11 00:00:00.000,2026-07-11 00:00:00.000,NULL,NULL,0
3,12,16,Supplier Quality (QAF),Healthy,decreasing,down,94.0%,0.9627,96.27,96.3%,E - Engineering & Science,Sector,NULL,0.940,0.850,0.850,1,1,0,2025-12-01,2026-07-11 00:00:00.000,2026-07-11 00:00:00.000,NULL,NULL,0
3,12,16,Supplier Quality (QAF),Healthy,increasing,up,94.0%,0.9669,96.69,96.7%,E - Engineering & Science,Sector,NULL,0.940,0.850,0.850,1,1,0,2025-10-01,2026-07-11 00:00:00.000,2026-07-11 00:00:00.000,NULL,NULL,0
3,12,16,Supplier Quality (QAF),Healthy,increasing,up,94.0%,0.9749,97.49,97.5%,E - Engineering & Science,Sector,NULL,0.940,0.850,0.850,1,1,0,2025-08-01,2026-07-11 00:00:00.000,2026-07-11 00:00:00.000,NULL,NULL,0
3,12,16,Supplier Quality (QAF),Healthy,increasing,up,94.0%,0.9759,97.59,97.6%,E - Engineering & Science,Sector,NULL,0.940,0.850,0.850,1,1,0,2025-11-01,2026-07-11 00:00:00.000,2026-07-11 00:00:00.000,NULL,NULL,0
3,12,16,Supplier Quality (QAF),Healthy,unk,unk,94.0%,0.9718,97.18,97.2%,E - Engineering & Science,Sector,NULL,0.940,0.850,0.850,1,1,0,2025-07-01,2026-07-11 00:00:00.000,2026-07-11 00:00:00.000,NULL,NULL,0
3,12,16,Supplier Quality (QAF),Warning,decreasing,down,94.0%,0.8602,86.02,86.0%,E - Engineering & Science,Sector,NULL,0.940,0.850,0.850,1,1,0,2026-01-01,2026-07-11 00:00:00.000,2026-07-11 00:00:00.000,NULL,NULL,0
3,12,16,Supplier Quality (QAF),Warning,decreasing,down,94.0%,0.8681,86.81,86.8%,E - Engineering & Science,Sector,NULL,0.940,0.850,0.850,1,1,0,2026-04-01,2026-07-11 00:00:00.000,2026-07-11 00:00:00.000,NULL,NULL,0
3,12,16,Supplier Quality (QAF),Warning,decreasing,down,94.0%,0.8855,88.55,88.6%,E - Engineering & Science,Sector,NULL,0.940,0.850,0.850,1,1,0,2026-03-01,2026-07-11 00:00:00.000,2026-07-11 00:00:00.000,NULL,NULL,0
3,12,16,Supplier Quality (QAF),Warning,increasing,up,94.0%,0.8843,88.43,88.4%,E - Engineering & Science,Sector,NULL,0.940,0.850,0.850,1,1,0,2026-05-01,2026-07-11 00:00:00.000,2026-07-11 00:00:00.000,NULL,NULL,0
3,12,16,Supplier Quality (QAF),Warning,increasing,up,94.0%,0.896,89.6,89.6%,E - Engineering & Science,Sector,NULL,0.940,0.850,0.850,1,1,0,2026-02-01,2026-07-11 00:00:00.000,2026-07-11 00:00:00.000,NULL,NULL,0
3,12,16,Supplier Quality (QAF),Warning,increasing,up,94.0%,0.9231,92.31,92.3%,E - Engineering & Science,Sector,NULL,0.940,0.850,0.850,1,1,0,2026-06-01,2026-07-11 00:00:00.000,2026-07-11 00:00:00.000,NULL,NULL,1
3,12,16,Supplier Quality (QAF),At-Risk,decreasing,down,94.0%,0.8475,84.75,84.8%,EB - AMSD Engr,Division,NULL,0.940,0.850,0.850,1,1,0,2026-01-01,2026-07-11 00:00:00.000,2026-07-11 00:00:00.000,NULL,NULL,0
3,12,16,Supplier Quality (QAF),Healthy,decreasing,down,94.0%,0.9811,98.11,98.1%,EB - AMSD Engr,Division,NULL,0.940,0.850,0.850,1,1,0,2025-08-01,2026-07-11 00:00:00.000,2026-07-11 00:00:00.000,NULL,NULL,0
3,12,16,Supplier Quality (QAF),Healthy,increasing,up,94.0%,0.95,95,95.0%,EB - AMSD Engr,Division,NULL,0.940,0.850,0.850,1,1,0,2026-02-01,2026-07-11 00:00:00.000,2026-07-11 00:00:00.000,NULL,NULL,0
3,12,16,Supplier Quality (QAF),Healthy,increasing,up,94.0%,0.9531,95.31,95.3%,EB - AMSD Engr,Division,NULL,0.940,0.850,0.850,1,1,0,2026-04-01,2026-07-11 00:00:00.000,2026-07-11 00:00:00.000,NULL,NULL,0
3,12,16,Supplier Quality (QAF),Healthy,increasing,up,94.0%,0.9683,96.83,96.8%,EB - AMSD Engr,Division,NULL,0.940,0.850,0.850,1,1,0,2026-05-01,2026-07-11 00:00:00.000,2026-07-11 00:00:00.000,NULL,NULL,0
3,12,16,Supplier Quality (QAF),Healthy,increasing,up,94.0%,1,100,100.0%,EB - AMSD Engr,Division,NULL,0.940,0.850,0.850,1,1,0,2025-09-01,2026-07-11 00:00:00.000,2026-07-11 00:00:00.000,NULL,NULL,0
3,12,16,Supplier Quality (QAF),Healthy,stable,stable,94.0%,1,100,100.0%,EB - AMSD Engr,Division,NULL,0.940,0.850,0.850,1,1,0,2025-10-01,2026-07-11 00:00:00.000,2026-07-11 00:00:00.000,NULL,NULL,0
3,12,16,Supplier Quality (QAF),Healthy,stable,stable,94.0%,1,100,100.0%,EB - AMSD Engr,Division,NULL,0.940,0.850,0.850,1,1,0,2025-11-01,2026-07-11 00:00:00.000,2026-07-11 00:00:00.000,NULL,NULL,0
3,12,16,Supplier Quality (QAF),Healthy,stable,stable,94.0%,1,100,100.0%,EB - AMSD Engr,Division,NULL,0.940,0.850,0.850,1,1,0,2025-12-01,2026-07-11 00:00:00.000,2026-07-11 00:00:00.000,NULL,NULL,0
3,12,16,Supplier Quality (QAF),Healthy,unk,unk,94.0%,0.9846,98.46,98.5%,EB - AMSD Engr,Division,NULL,0.940,0.850,0.850,1,1,0,2025-07-01,2026-07-11 00:00:00.000,2026-07-11 00:00:00.000,NULL,NULL,0
3,12,16,Supplier Quality (QAF),Warning,decreasing,down,94.0%,0.9048,90.48,90.5%,EB - AMSD Engr,Division,NULL,0.940,0.850,0.850,1,1,0,2026-06-01,2026-07-11 00:00:00.000,2026-07-11 00:00:00.000,NULL,NULL,1
3,12,16,Supplier Quality (QAF),Warning,decreasing,down,94.0%,0.9206,92.06,92.1%,EB - AMSD Engr,Division,NULL,0.940,0.850,0.850,1,1,0,2026-03-01,2026-07-11 00:00:00.000,2026-07-11 00:00:00.000,NULL,NULL,0
3,12,16,Supplier Quality (QAF),Healthy,decreasing,down,94.0%,0.9855,98.55,98.6%,EB - BaPS Engr,Division,NULL,0.940,0.850,0.850,1,1,0,2025-08-01,2026-07-11 00:00:00.000,2026-07-11 00:00:00.000,NULL,NULL,0
3,12,16,Supplier Quality (QAF),Healthy,increasing,up,94.0%,0.9467,94.67,94.7%,EB - BaPS Engr,Division,NULL,0.940,0.850,0.850,1,1,0,2026-02-01,2026-07-11 00:00:00.000,2026-07-11 00:00:00.000,NULL,NULL,0
3,12,16,Supplier Quality (QAF),Healthy,increasing,up,94.0%,0.9506,95.06,95.1%,EB - BaPS Engr,Division,NULL,0.940,0.850,0.850,1,1,0,2026-04-01,2026-07-11 00:00:00.000,2026-07-11 00:00:00.000,NULL,NULL,0
3,12,16,Supplier Quality (QAF),Healthy,increasing,up,94.0%,0.961,96.1,96.1%,EB - BaPS Engr,Division,NULL,0.940,0.850,0.850,1,1,0,2026-05-01,2026-07-11 00:00:00.000,2026-07-11 00:00:00.000,NULL,NULL,0
3,12,16,Supplier Quality (QAF),Healthy,increasing,up,94.0%,1,100,100.0%,EB - BaPS Engr,Division,NULL,0.940,0.850,0.850,1,1,0,2025-09-01,2026-07-11 00:00:00.000,2026-07-11 00:00:00.000,NULL,NULL,0
3,12,16,Supplier Quality (QAF),Healthy,stable,stable,94.0%,1,100,100.0%,EB - BaPS Engr,Division,NULL,0.940,0.850,0.850,1,1,0,2025-10-01,2026-07-11 00:00:00.000,2026-07-11 00:00:00.000,NULL,NULL,0
3,12,16,Supplier Quality (QAF),Healthy,stable,stable,94.0%,1,100,100.0%,EB - BaPS Engr,Division,NULL,0.940,0.850,0.850,1,1,0,2025-11-01,2026-07-11 00:00:00.000,2026-07-11 00:00:00.000,NULL,NULL,0
3,12,16,Supplier Quality (QAF),Healthy,stable,stable,94.0%,1,100,100.0%,EB - BaPS Engr,Division,NULL,0.940,0.850,0.850,1,1,0,2025-12-01,2026-07-11 00:00:00.000,2026-07-11 00:00:00.000,NULL,NULL,0
3,12,16,Supplier Quality (QAF),Healthy,unk,unk,94.0%,0.9877,98.77,98.8%,EB - BaPS Engr,Division,NULL,0.940,0.850,0.850,1,1,0,2025-07-01,2026-07-11 00:00:00.000,2026-07-11 00:00:00.000,NULL,NULL,0
3,12,16,Supplier Quality (QAF),Warning,decreasing,down,94.0%,0.8667,86.67,86.7%,EB - BaPS Engr,Division,NULL,0.940,0.850,0.850,1,1,0,2026-01-01,2026-07-11 00:00:00.000,2026-07-11 00:00:00.000,NULL,NULL,0
3,12,16,Supplier Quality (QAF),Warning,decreasing,down,94.0%,0.9186,91.86,91.9%,EB - BaPS Engr,Division,NULL,0.940,0.850,0.850,1,1,0,2026-06-01,2026-07-11 00:00:00.000,2026-07-11 00:00:00.000,NULL,NULL,1
3,12,16,Supplier Quality (QAF),Warning,decreasing,down,94.0%,0.92,92,92.0%,EB - BaPS Engr,Division,NULL,0.940,0.850,0.850,1,1,0,2026-03-01,2026-07-11 00:00:00.000,2026-07-11 00:00:00.000,NULL,NULL,0
3,12,16,Supplier Quality (QAF),At-Risk,decreasing,down,94.0%,0.4286,42.86,42.9%,EM - Marine Systems,Division,NULL,0.940,0.850,0.850,1,1,0,2026-02-01,2026-07-11 00:00:00.000,2026-07-11 00:00:00.000,NULL,NULL,0
3,12,16,Supplier Quality (QAF),At-Risk,decreasing,down,94.0%,0.4444,44.44,44.4%,EM - Marine Systems,Division,NULL,0.940,0.850,0.850,1,1,0,2026-04-01,2026-07-11 00:00:00.000,2026-07-11 00:00:00.000,NULL,NULL,0
3,12,16,Supplier Quality (QAF),At-Risk,decreasing,down,94.0%,0.6111,61.11,61.1%,EM - Marine Systems,Division,NULL,0.940,0.850,0.850,1,1,0,2026-01-01,2026-07-11 00:00:00.000,2026-07-11 00:00:00.000,NULL,NULL,0
3,12,16,Supplier Quality (QAF),At-Risk,decreasing,down,94.0%,0.8333,83.33,83.3%,EM - Marine Systems,Division,NULL,0.940,0.850,0.850,1,1,0,2025-12-01,2026-07-11 00:00:00.000,2026-07-11 00:00:00.000,NULL,NULL,0
3,12,16,Supplier Quality (QAF),At-Risk,increasing,up,94.0%,0.4706,47.06,47.1%,EM - Marine Systems,Division,NULL,0.940,0.850,0.850,1,1,0,2026-03-01,2026-07-11 00:00:00.000,2026-07-11 00:00:00.000,NULL,NULL,0
3,12,16,Supplier Quality (QAF),At-Risk,increasing,up,94.0%,0.5556,55.56,55.6%,EM - Marine Systems,Division,NULL,0.940,0.850,0.850,1,1,0,2026-05-01,2026-07-11 00:00:00.000,2026-07-11 00:00:00.000,NULL,NULL,0
3,12,16,Supplier Quality (QAF),Healthy,stable,stable,94.0%,1,100,100.0%,EM - Marine Systems,Division,NULL,0.940,0.850,0.850,1,1,0,2025-08-01,2026-07-11 00:00:00.000,2026-07-11 00:00:00.000,NULL,NULL,0
3,12,16,Supplier Quality (QAF),Healthy,stable,stable,94.0%,1,100,100.0%,EM - Marine Systems,Division,NULL,0.940,0.850,0.850,1,1,0,2025-09-01,2026-07-11 00:00:00.000,2026-07-11 00:00:00.000,NULL,NULL,0
3,12,16,Supplier Quality (QAF),Healthy,stable,stable,94.0%,1,100,100.0%,EM - Marine Systems,Division,NULL,0.940,0.850,0.850,1,1,0,2025-10-01,2026-07-11 00:00:00.000,2026-07-11 00:00:00.000,NULL,NULL,0
3,12,16,Supplier Quality (QAF),Healthy,unk,unk,94.0%,1,100,100.0%,EM - Marine Systems,Division,NULL,0.940,0.850,0.850,1,1,0,2025-07-01,2026-07-11 00:00:00.000,2026-07-11 00:00:00.000,NULL,NULL,0
3,12,16,Supplier Quality (QAF),Warning,decreasing,down,94.0%,0.9375,93.75,93.8%,EM - Marine Systems,Division,NULL,0.940,0.850,0.850,1,1,0,2025-11-01,2026-07-11 00:00:00.000,2026-07-11 00:00:00.000,NULL,NULL,0
3,12,16,Supplier Quality (QAF),Warning,increasing,up,94.0%,0.8947,89.47,89.5%,EM - Marine Systems,Division,NULL,0.940,0.850,0.850,1,1,0,2026-06-01,2026-07-11 00:00:00.000,2026-07-11 00:00:00.000,NULL,NULL,1
3,12,16,Supplier Quality (QAF),At-Risk,decreasing,down,94.0%,0.8403,84.03,84.0%,EN - MSTS,Division,NULL,0.940,0.850,0.850,1,1,0,2026-04-01,2026-07-11 00:00:00.000,2026-07-11 00:00:00.000,NULL,NULL,0
3,12,16,Supplier Quality (QAF),Healthy,increasing,up,94.0%,0.95,95,95.0%,EN - MSTS,Division,NULL,0.940,0.850,0.850,1,1,0,2025-11-01,2026-07-11 00:00:00.000,2026-07-11 00:00:00.000,NULL,NULL,0
3,12,16,Supplier Quality (QAF),Healthy,increasing,up,94.0%,0.9515,95.15,95.2%,EN - MSTS,Division,NULL,0.940,0.850,0.850,1,1,0,2025-08-01,2026-07-11 00:00:00.000,2026-07-11 00:00:00.000,NULL,NULL,0
3,12,16,Supplier Quality (QAF),Healthy,unk,unk,94.0%,0.94,94,94.0%,EN - MSTS,Division,NULL,0.940,0.850,0.850,1,1,0,2025-07-01,2026-07-11 00:00:00.000,2026-07-11 00:00:00.000,NULL,NULL,0
3,12,16,Supplier Quality (QAF),Warning,decreasing,down,94.0%,0.8679,86.79,86.8%,EN - MSTS,Division,NULL,0.940,0.850,0.850,1,1,0,2026-01-01,2026-07-11 00:00:00.000,2026-07-11 00:00:00.000,NULL,NULL,0
3,12,16,Supplier Quality (QAF),Warning,decreasing,down,94.0%,0.9057,90.57,90.6%,EN - MSTS,Division,NULL,0.940,0.850,0.850,1,1,0,2025-09-01,2026-07-11 00:00:00.000,2026-07-11 00:00:00.000,NULL,NULL,0
3,12,16,Supplier Quality (QAF),Warning,decreasing,down,94.0%,0.906,90.6,90.6%,EN - MSTS,Division,NULL,0.940,0.850,0.850,1,1,0,2026-03-01,2026-07-11 00:00:00.000,2026-07-11 00:00:00.000,NULL,NULL,0
3,12,16,Supplier Quality (QAF),Warning,decreasing,down,94.0%,0.9375,93.75,93.8%,EN - MSTS,Division,NULL,0.940,0.850,0.850,1,1,0,2025-12-01,2026-07-11 00:00:00.000,2026-07-11 00:00:00.000,NULL,NULL,0
3,12,16,Supplier Quality (QAF),Warning,increasing,up,94.0%,0.856,85.6,85.6%,EN - MSTS,Division,NULL,0.940,0.850,0.850,1,1,0,2026-05-01,2026-07-11 00:00:00.000,2026-07-11 00:00:00.000,NULL,NULL,0
3,12,16,Supplier Quality (QAF),Warning,increasing,up,94.0%,0.9107,91.07,91.1%,EN - MSTS,Division,NULL,0.940,0.850,0.850,1,1,0,2026-02-01,2026-07-11 00:00:00.000,2026-07-11 00:00:00.000,NULL,NULL,0
3,12,16,Supplier Quality (QAF),Warning,increasing,up,94.0%,0.912,91.2,91.2%,EN - MSTS,Division,NULL,0.940,0.850,0.850,1,1,0,2026-06-01,2026-07-11 00:00:00.000,2026-07-11 00:00:00.000,NULL,NULL,1
3,12,16,Supplier Quality (QAF),Warning,increasing,up,94.0%,0.9167,91.67,91.7%,EN - MSTS,Division,NULL,0.940,0.850,0.850,1,1,0,2025-10-01,2026-07-11 00:00:00.000,2026-07-11 00:00:00.000,NULL,NULL,0
3,12,16,Supplier Quality (QAF),Healthy,increasing,up,94.0%,0.9412,94.12,94.1%,EV - Mission Next Engineering,Division,NULL,0.940,0.850,0.850,1,1,0,2026-04-01,2026-07-11 00:00:00.000,2026-07-11 00:00:00.000,NULL,NULL,0
3,12,16,Supplier Quality (QAF),Healthy,increasing,up,94.0%,0.9565,95.65,95.7%,EV - Mission Next Engineering,Division,NULL,0.940,0.850,0.850,1,1,0,2026-06-01,2026-07-11 00:00:00.000,2026-07-11 00:00:00.000,NULL,NULL,1
3,12,16,Supplier Quality (QAF),Healthy,stable,stable,94.0%,1,100,100.0%,EV - Mission Next Engineering,Division,NULL,0.940,0.850,0.850,1,1,0,2025-08-01,2026-07-11 00:00:00.000,2026-07-11 00:00:00.000,NULL,NULL,0
3,12,16,Supplier Quality (QAF),Healthy,stable,stable,94.0%,1,100,100.0%,EV - Mission Next Engineering,Division,NULL,0.940,0.850,0.850,1,1,0,2025-09-01,2026-07-11 00:00:00.000,2026-07-11 00:00:00.000,NULL,NULL,0
3,12,16,Supplier Quality (QAF),Healthy,stable,stable,94.0%,1,100,100.0%,EV - Mission Next Engineering,Division,NULL,0.940,0.850,0.850,1,1,0,2025-10-01,2026-07-11 00:00:00.000,2026-07-11 00:00:00.000,NULL,NULL,0
3,12,16,Supplier Quality (QAF),Healthy,stable,stable,94.0%,1,100,100.0%,EV - Mission Next Engineering,Division,NULL,0.940,0.850,0.850,1,1,0,2025-11-01,2026-07-11 00:00:00.000,2026-07-11 00:00:00.000,NULL,NULL,0
3,12,16,Supplier Quality (QAF),Healthy,stable,stable,94.0%,1,100,100.0%,EV - Mission Next Engineering,Division,NULL,0.940,0.850,0.850,1,1,0,2025-12-01,2026-07-11 00:00:00.000,2026-07-11 00:00:00.000,NULL,NULL,0
3,12,16,Supplier Quality (QAF),Healthy,unk,unk,94.0%,1,100,100.0%,EV - Mission Next Engineering,Division,NULL,0.940,0.850,0.850,1,1,0,2025-07-01,2026-07-11 00:00:00.000,2026-07-11 00:00:00.000,NULL,NULL,0
3,12,16,Supplier Quality (QAF),Warning,decreasing,down,94.0%,0.9167,91.67,91.7%,EV - Mission Next Engineering,Division,NULL,0.940,0.850,0.850,1,1,0,2026-03-01,2026-07-11 00:00:00.000,2026-07-11 00:00:00.000,NULL,NULL,0
3,12,16,Supplier Quality (QAF),Warning,decreasing,down,94.0%,0.9286,92.86,92.9%,EV - Mission Next Engineering,Division,NULL,0.940,0.850,0.850,1,1,0,2026-05-01,2026-07-11 00:00:00.000,2026-07-11 00:00:00.000,NULL,NULL,0
3,12,16,Supplier Quality (QAF),Warning,decreasing,down,94.0%,0.9333,93.33,93.3%,EV - Mission Next Engineering,Division,NULL,0.940,0.850,0.850,1,1,0,2026-02-01,2026-07-11 00:00:00.000,2026-07-11 00:00:00.000,NULL,NULL,0
3,12,16,Supplier Quality (QAF),Warning,decreasing,down,94.0%,0.9375,93.75,93.8%,EV - Mission Next Engineering,Division,NULL,0.940,0.850,0.850,1,1,0,2026-01-01,2026-07-11 00:00:00.000,2026-07-11 00:00:00.000,NULL,NULL,0
3,12,16,Supplier Quality (QAF),Healthy,decreasing,down,94.0%,0.9459,94.59,94.6%,EX - NIC,Division,NULL,0.940,0.850,0.850,1,1,0,2026-01-01,2026-07-11 00:00:00.000,2026-07-11 00:00:00.000,NULL,NULL,0
3,12,16,Supplier Quality (QAF),Healthy,increasing,up,94.0%,0.9455,94.55,94.6%,EX - NIC,Division,NULL,0.940,0.850,0.850,1,1,0,2026-04-01,2026-07-11 00:00:00.000,2026-07-11 00:00:00.000,NULL,NULL,0
3,12,16,Supplier Quality (QAF),Healthy,increasing,up,94.0%,0.9583,95.83,95.8%,EX - NIC,Division,NULL,0.940,0.850,0.850,1,1,0,2026-05-01,2026-07-11 00:00:00.000,2026-07-11 00:00:00.000,NULL,NULL,0
3,12,16,Supplier Quality (QAF),Healthy,increasing,up,94.0%,0.9643,96.43,96.4%,EX - NIC,Division,NULL,0.940,0.850,0.850,1,1,0,2026-06-01,2026-07-11 00:00:00.000,2026-07-11 00:00:00.000,NULL,NULL,1
3,12,16,Supplier Quality (QAF),Healthy,stable,stable,94.0%,1,100,100.0%,EX - NIC,Division,NULL,0.940,0.850,0.850,1,1,0,2025-08-01,2026-07-11 00:00:00.000,2026-07-11 00:00:00.000,NULL,NULL,0
3,12,16,Supplier Quality (QAF),Healthy,stable,stable,94.0%,1,100,100.0%,EX - NIC,Division,NULL,0.940,0.850,0.850,1,1,0,2025-09-01,2026-07-11 00:00:00.000,2026-07-11 00:00:00.000,NULL,NULL,0
3,12,16,Supplier Quality (QAF),Healthy,stable,stable,94.0%,1,100,100.0%,EX - NIC,Division,NULL,0.940,0.850,0.850,1,1,0,2025-10-01,2026-07-11 00:00:00.000,2026-07-11 00:00:00.000,NULL,NULL,0
3,12,16,Supplier Quality (QAF),Healthy,stable,stable,94.0%,1,100,100.0%,EX - NIC,Division,NULL,0.940,0.850,0.850,1,1,0,2025-11-01,2026-07-11 00:00:00.000,2026-07-11 00:00:00.000,NULL,NULL,0
3,12,16,Supplier Quality (QAF),Healthy,stable,stable,94.0%,1,100,100.0%,EX - NIC,Division,NULL,0.940,0.850,0.850,1,1,0,2025-12-01,2026-07-11 00:00:00.000,2026-07-11 00:00:00.000,NULL,NULL,0
3,12,16,Supplier Quality (QAF),Healthy,unk,unk,94.0%,1,100,100.0%,EX - NIC,Division,NULL,0.940,0.850,0.850,1,1,0,2025-07-01,2026-07-11 00:00:00.000,2026-07-11 00:00:00.000,NULL,NULL,0
3,12,16,Supplier Quality (QAF),Warning,decreasing,down,94.0%,0.9184,91.84,91.8%,EX - NIC,Division,NULL,0.940,0.850,0.850,1,1,0,2026-02-01,2026-07-11 00:00:00.000,2026-07-11 00:00:00.000,NULL,NULL,0
3,12,16,Supplier Quality (QAF),Warning,increasing,up,94.0%,0.9245,92.45,92.5%,EX - NIC,Division,NULL,0.940,0.850,0.850,1,1,0,2026-03-01,2026-07-11 00:00:00.000,2026-07-11 00:00:00.000,NULL,NULL,0
4,15,9,Current Utilization Forecast | Variance (NGRB),Warning,stable,stable,92% from Feb IF,NULL,91.7,91.7% | -0.2%,E - Engineering & Science,Sector,0.050,0.000,-0.050,-0.050,1,1,0,2026-07-01,2026-07-30 13:05:15.117,2026-07-30 13:05:15.117,NULL,NULL,1
4,15,9,Current Utilization Forecast | Variance (NGRB),Warning,decreasing,down,92.2% from Feb IF,NULL,91.6,91.6% | -0.5%,EB - BaPS Engr,Division,0.050,0.000,-0.050,-0.050,1,1,0,2026-07-01,2026-07-30 13:05:15.117,2026-07-30 13:05:15.117,NULL,NULL,1
4,15,9,Current Utilization Forecast | Variance (NGRB),Not Available,unk,unk,,NULL,NULL,,EH - Homerm StaffAdm,Division,0.050,0.000,-0.050,-0.050,1,1,0,2026-07-01,2026-07-30 13:05:15.117,2026-07-30 13:05:15.117,NULL,NULL,1
4,15,9,Current Utilization Forecast | Variance (NGRB),Warning,stable,stable,90% from Feb IF,NULL,89.7,89.7% | -0.3%,EM - Marine Systems,Division,0.050,0.000,-0.050,-0.050,1,1,0,2026-07-01,2026-07-30 13:05:15.117,2026-07-30 13:05:15.117,NULL,NULL,1
4,15,9,Current Utilization Forecast | Variance (NGRB),Warning,stable,stable,90.9% from Feb IF,NULL,90.6,90.6% | -0.3%,EN - MSTS,Division,0.050,0.000,-0.050,-0.050,1,1,0,2026-07-01,2026-07-30 13:05:15.117,2026-07-30 13:05:15.117,NULL,NULL,1
4,15,9,Current Utilization Forecast | Variance (NGRB),Healthy,increasing,up,92.1% from Feb IF,NULL,93.4,93.4% | 1.3%,EP - E&S SECTOR ENGINEERING,Division,0.050,0.000,-0.050,-0.050,1,1,0,2026-07-01,2026-07-30 13:05:15.117,2026-07-30 13:05:15.117,NULL,NULL,1
4,15,9,Current Utilization Forecast | Variance (NGRB),Healthy,stable,stable,93% from Feb IF,NULL,93.1,93.1% | 0.1%,EX - NIC,Division,0.050,0.000,-0.050,-0.050,1,1,0,2026-07-01,2026-07-30 13:05:15.117,2026-07-30 13:05:15.117,NULL,NULL,1
4,15,42,Current OHR Forecast | Variance (NGRB),Warning,stable,stable,17.7% from Feb IF,NULL,17.8,17.8% | 0.1%,E - Engineering & Science,Sector,-0.050,0.000,0.050,0.050,0,1,0,2026-07-01,2026-07-30 13:05:15.117,2026-07-30 13:05:15.117,NULL,NULL,1
4,15,42,Current OHR Forecast | Variance (NGRB),Warning,increasing,up,16.8% from Feb IF,NULL,17.9,17.9% | 1.1%,EB - BaPS Engr,Division,-0.050,0.000,0.050,0.050,0,1,0,2026-07-01,2026-07-30 13:05:15.117,2026-07-30 13:05:15.117,NULL,NULL,1
4,15,42,Current OHR Forecast | Variance (NGRB),Not Available,unk,unk,,NULL,NULL,,EH - Homerm StaffAdm,Division,-0.050,0.000,0.050,0.050,0,1,0,2026-07-01,2026-07-30 13:05:15.117,2026-07-30 13:05:15.117,NULL,NULL,1
4,15,42,Current OHR Forecast | Variance (NGRB),Warning,stable,stable,27% from Feb IF,NULL,27.1,27.1% | 0.2%,EM - Marine Systems,Division,-0.050,0.000,0.050,0.050,0,1,0,2026-07-01,2026-07-30 13:05:15.117,2026-07-30 13:05:15.117,NULL,NULL,1
4,15,42,Current OHR Forecast | Variance (NGRB),Warning,stable,stable,18.9% from Feb IF,NULL,19.4,19.4% | 0.5%,EN - MSTS,Division,-0.050,0.000,0.050,0.050,0,1,0,2026-07-01,2026-07-30 13:05:15.117,2026-07-30 13:05:15.117,NULL,NULL,1
4,15,42,Current OHR Forecast | Variance (NGRB),Healthy,decreasing,down,22.3% from Feb IF,NULL,20.4,20.4% | -1.9%,EP - E&S SECTOR ENGINEERING,Division,-0.050,0.000,0.050,0.050,0,1,0,2026-07-01,2026-07-30 13:05:15.117,2026-07-30 13:05:15.117,NULL,NULL,1
4,15,42,Current OHR Forecast | Variance (NGRB),Healthy,stable,stable,14.4% from Feb IF,NULL,14,14% | -0.4%,EX - NIC,Division,-0.050,0.000,0.050,0.050,0,1,0,2026-07-01,2026-07-30 13:05:15.117,2026-07-30 13:05:15.117,NULL,NULL,1
4,15,53,"EBS, ISS, Marine Labor Base | Variance (NGRB)",Warning,decreasing,down,$2.0B from Feb IF,1886396706.21,NULL,$1.9B | -$81.5M,E - Engineering & Science,Sector,0.050,0.000,-0.050,-0.050,0,1,0,2026-07-01,2026-07-30 13:05:15.117,2026-07-30 13:05:15.117,1886396706.21,NULL,1
4,15,53,"EBS, ISS, Marine Labor Base | Variance (NGRB)",At-Risk,decreasing,down,$915.9M from Feb IF,853424285.85,NULL,$853.4M | -$62.5M,EB - BaPS Engr,Division,0.050,0.000,-0.050,-0.050,0,1,0,2026-07-01,2026-07-30 13:05:15.117,2026-07-30 13:05:15.117,853424285.85,NULL,1
4,15,53,"EBS, ISS, Marine Labor Base | Variance (NGRB)",Healthy,increasing,up,$89.8M from Feb IF,91893429.99,NULL,$91.9M | $2.1M,EM - Marine Systems,Division,0.050,0.000,-0.050,-0.050,0,1,0,2026-07-01,2026-07-30 13:05:15.117,2026-07-30 13:05:15.117,91893429.99,NULL,1
4,15,53,"EBS, ISS, Marine Labor Base | Variance (NGRB)",Warning,decreasing,down,$340.5M from Feb IF,333882716.93,NULL,$333.9M | -$6.6M,EN - MSTS,Division,0.050,0.000,-0.050,-0.050,0,1,0,2026-07-01,2026-07-30 13:05:15.117,2026-07-30 13:05:15.117,333882716.93,NULL,1
4,15,53,"EBS, ISS, Marine Labor Base | Variance (NGRB)",Warning,decreasing,down,$91.5M from Feb IF,89742900.67,NULL,$89.7M | -$1.8M,EP - E&S SECTOR ENGINEERING,Division,0.050,0.000,-0.050,-0.050,0,1,0,2026-07-01,2026-07-30 13:05:15.117,2026-07-30 13:05:15.117,89742900.67,NULL,1
4,15,53,"EBS, ISS, Marine Labor Base | Variance (NGRB)",Warning,decreasing,down,$530.3M from Feb IF,517453372.77,NULL,$517.5M | -$12.8M,EX - NIC,Division,0.050,0.000,-0.050,-0.050,0,1,0,2026-07-01,2026-07-30 13:05:15.117,2026-07-30 13:05:15.117,517453372.77,NULL,1
4,15,54,"EBS, ISS, Marine Labor Expense | Variance (NGRB)",Healthy,decreasing,down,$347.5M from Feb IF,336541395.54,NULL,$336.5M | -$11.0M,E - Engineering & Science,Sector,-0.050,0.000,0.050,0.050,0,1,0,2026-07-01,2026-07-30 13:05:15.117,2026-07-30 13:05:15.117,336541395.54,NULL,1
4,15,54,"EBS, ISS, Marine Labor Expense | Variance (NGRB)",Healthy,stable,stable,$153.6M from Feb IF,153477893.08,NULL,$153.5M | -$132.3K,EB - BaPS Engr,Division,-0.050,0.000,0.050,0.050,0,1,0,2026-07-01,2026-07-30 13:05:15.117,2026-07-30 13:05:15.117,153477893.08,NULL,1
4,15,54,"EBS, ISS, Marine Labor Expense | Variance (NGRB)",Healthy,decreasing,down,$8.3M from Feb IF,2709600.94,NULL,$2.7M | -$5.6M,EH - Homerm StaffAdm,Division,-0.050,0.000,0.050,0.050,0,1,0,2026-07-01,2026-07-30 13:05:15.117,2026-07-30 13:05:15.117,2709600.94,NULL,1
4,15,54,"EBS, ISS, Marine Labor Expense | Variance (NGRB)",Warning,increasing,up,$24.2M from Feb IF,24944016.95,NULL,$24.9M | $743.7K,EM - Marine Systems,Division,-0.050,0.000,0.050,0.050,0,1,0,2026-07-01,2026-07-30 13:05:15.117,2026-07-30 13:05:15.117,24944016.95,NULL,1
4,15,54,"EBS, ISS, Marine Labor Expense | Variance (NGRB)",Warning,stable,stable,$64.5M from Feb IF,64695711.06,NULL,$64.7M | $236.3K,EN - MSTS,Division,-0.050,0.000,0.050,0.050,0,1,0,2026-07-01,2026-07-30 13:05:15.117,2026-07-30 13:05:15.117,64695711.06,NULL,1
4,15,54,"EBS, ISS, Marine Labor Expense | Variance (NGRB)",Healthy,decreasing,down,$20.4M from Feb IF,18274498.68,NULL,$18.3M | -$2.1M,EP - E&S SECTOR ENGINEERING,Division,-0.050,0.000,0.050,0.050,0,1,0,2026-07-01,2026-07-30 13:05:15.117,2026-07-30 13:05:15.117,18274498.68,NULL,1
4,15,54,"EBS, ISS, Marine Labor Expense | Variance (NGRB)",Healthy,decreasing,down,$76.5M from Feb IF,72439674.83,NULL,$72.4M | -$4.1M,EX - NIC,Division,-0.050,0.000,0.050,0.050,0,1,0,2026-07-01,2026-07-30 13:05:15.117,2026-07-30 13:05:15.117,72439674.83,NULL,1
4,15,56,MSHO Labor Expense | Variance (NGRB),Warning,increasing,up,$52.0M from Feb IF,53571424.92,NULL,$53.6M | $1.6M,E - Engineering & Science,Sector,-0.050,0.000,0.050,0.050,0,1,0,2026-07-01,2026-07-30 13:05:15.117,2026-07-30 13:05:15.117,53571424.92,NULL,1
4,15,56,MSHO Labor Expense | Variance (NGRB),Warning,increasing,up,$3.9M from Feb IF,3933283.76,NULL,$3.9M | $74.9K,EB - BaPS Engr,Division,-0.050,0.000,0.050,0.050,0,1,0,2026-07-01,2026-07-30 13:05:15.117,2026-07-30 13:05:15.117,3933283.76,NULL,1
4,15,56,MSHO Labor Expense | Variance (NGRB),Warning,stable,stable,$23.1M from Feb IF,23177378.53,NULL,$23.2M | $107.7K,EH - Homerm StaffAdm,Division,-0.050,0.000,0.050,0.050,0,1,0,2026-07-01,2026-07-30 13:05:15.117,2026-07-30 13:05:15.117,23177378.53,NULL,1
4,15,56,MSHO Labor Expense | Variance (NGRB),At-Risk,increasing,up,$23.5K from Feb IF,168108.64,NULL,$168.1K | $144.6K,EM - Marine Systems,Division,-0.050,0.000,0.050,0.050,0,1,0,2026-07-01,2026-07-30 13:05:15.117,2026-07-30 13:05:15.117,168108.64,NULL,1
4,15,56,MSHO Labor Expense | Variance (NGRB),Healthy,decreasing,down,$4.6M from Feb IF,4280888.36,NULL,$4.3M | -$282.9K,EN - MSTS,Division,-0.050,0.000,0.050,0.050,0,1,0,2026-07-01,2026-07-30 13:05:15.117,2026-07-30 13:05:15.117,4280888.36,NULL,1
4,15,56,MSHO Labor Expense | Variance (NGRB),At-Risk,increasing,up,$17.0M from Feb IF,18258271.59,NULL,$18.3M | $1.3M,EP - E&S SECTOR ENGINEERING,Division,-0.050,0.000,0.050,0.050,0,1,0,2026-07-01,2026-07-30 13:05:15.117,2026-07-30 13:05:15.117,18258271.59,NULL,1
4,15,56,MSHO Labor Expense | Variance (NGRB),At-Risk,increasing,up,$3.5M from Feb IF,3753494.04,NULL,$3.8M | $268.3K,EX - NIC,Division,-0.050,0.000,0.050,0.050,0,1,0,2026-07-01,2026-07-30 13:05:15.117,2026-07-30 13:05:15.117,3753494.04,NULL,1
4,15,75,Unallowable ,Not Available,unk,unk,NULL,NULL,NULL,64.49%,E - Engineering & Science,Sector,NULL,NULL,NULL,NULL,1,1,1,2026-07-01,2026-07-30 13:05:15.117,2026-07-30 13:05:15.117,NULL,NULL,1
